18849946,周利飞、廖鹏、潘悦然、李璞、杜川、欧阳志羽6名自然人
1719272,首钢总公司
9901889,瑞福锂业的全体股东
9901889,查大兵、潘增刚、何荣鑫、吴昌瑞、金浩、肖志辉、李正坤、南通顺恒等八名认购对象
9901889,本次重大资产重组的交易对方与募集配套资金交易对方的合称
8392981,国电科技环保集团股份有限公司，是一家在香港联交所上市的境内股份有限公司，股票代码为01296.HK
2216381,中国医化产业发展集团有限公司、手心香港制药有限公司
19164019,刘世红、广西黑五类食品集团有限责任公司、杨泽、北京东方华盖创业投资有限公司、宁波鼎锋明德致知投资合伙企业(有限合伙)、宁波鼎锋海川投资管理中心(有限合伙)、深圳海德恒润财经咨询有限公司、上海米堤贸易有限公司、南京长茂宏懿股权投资基金合伙企业(有限合伙)、李洪波、北京熙信永辉投资中心（有限合伙）、杭州小咖股权投资合伙企业（有限合伙）、兴业全球基金－上海银行－兴全基石6号特定多客户资产管理计划、北京华盖卓信股权投资合伙企业（有限合伙）、宁波梅山保税港区蕴仁投资合伙企业（有限合伙）、宁波鼎锋明德正心投资合伙企业（有限合伙）、宁波鼎锋海川投资管理中心（有限合伙）——鼎锋海川新三板1号基金、浙商证券资管－国泰君安－浙商金惠新三板启航3号集合资产管理计划、恒天中岩投资管理有限公司、刘世恒、邵强、郭宏亮、高振玲、樊洁、卢星、高建生、汪志华、曹敬琳、李剑明、陈仲华、刘双、粟以能、江小玲、吉慧平、郭懿颖、颜堉林、徐凯、黄娇
922319,汇泰集团、鲁北集团和王建忠
333683,上海现代建筑设计（集团）有限公司
16394845,中国信达、淮矿集团
1584131,标的资产翔通动漫的股东四川联尔、天厚地德、翔运通达以及配套融资认购方杭州旗吉。
16865570,上海电气拟进行发行股份购买资产并募集配套资金的交易对方，其中发行股份购买资产交易对方指电气总公司；募集配套资金的交易对方指包括电气总公司、国盛投资在内的不超过10名特定投资者
15524452,代志立、李经伟、符志斌、樟树市浩基投资管理中心（有限合伙）、西藏泰富文化传媒有限公司
308996,上海鼎亮星诚投资中心（有限合伙）
10793726,朱朋儿、程爱娣、厉建华、朱青玲、朱世范
297724,创冠香港，南海城投
2365568,北京艾莱发喜食品有限公司90%股权转让方
20239097,VibrantOakLimited，中文名称为“明毅有限公司”
1504926,中国长安汽车集团股份有限公司
15943015,韩文波、韩文红、济南亿年、前海力天、杭州访茗、贾海燕、张春丽、邹亚军
16277523,CGHK、睿昀投资、睿钊投资、MegaStar、张天星、曾宪经
16332515,古苑钦、庄景东、王兵、颜雨青、汪锋、姚兴亮、刘珩、陶炜、孟令晖、航空基金、国海景恒、长城嘉信1号资管计划、西商创业、柴朝明
16332515,指
16332515,指
1236893,恒丰银行股份有限公司
277255,黄亚福、陈琪祥
1568221,中国煤炭科工集团有限公司
20302659,盛杰、刘志远、李成惠、龙成国、李东、曾文钦、曾健、佟子枫、盛建强、张文琴、任红军、范凯、韩炳刚、姜华、徐珮璟、朱丽双、刘强、荣晨羽、施常富、曹洋、刘国洪、陈霞、刘东、徐兵、刘家沛、韩宏川、侯彦伶、袁永川、刘道德、赵健恺、杨润、雷雨共32名自然人
20302659,盛杰、刘志远、李成惠、龙成国、李东、曾文钦、曾健、佟子枫、盛建强、张文琴、任红军、范凯、韩炳刚、姜华、徐珮璟、朱丽双、刘强、荣晨羽、施常富、曹洋、刘国洪、陈霞、刘东、徐兵、刘家沛、韩宏川、侯彦伶、袁永川、刘道德、赵健恺、杨润、雷雨共32名自然人
20302659,盛杰、刘志远、李成惠、龙成国、李东、曾文钦、曾健、佟子枫、盛建强、张文琴、任红军、范凯、韩炳刚、姜华、徐珮璟、朱丽双、刘强、荣晨羽、施常富、曹洋、刘国洪、陈霞、刘东、徐兵、刘家沛、韩宏川、侯彦伶、袁永川、刘道德、赵健恺、杨润、雷雨共32名自然人
16494966,陈巍、陈公岑、上海鑫迅浦企业管理中心（有限合伙）
15943423,合润传媒王倩、王一飞等股东及幻想悦游王玉辉等股东
1678567,李振国、辰能风投、绵阳基金、杨承、盛锁柱、高金岩、万玲、倪开岭、黄靖梅
285363,深圳茂业商厦有限公司
19334177,邱建平、虞文彪、徐根友、江益、徐惠亮、董培纯、陶建锋、黄晓宇、吴秀英、王春燕、王向晨、潘明海、何俊、游春荷、石洪武、李博、冉建华、刘培如、贺令军、周亚丽、陈强、谢琼、苟庆、饶道飞、彭泽文、高炳光、陈建华、汪吉祥、方小波、马燕、秦博、刘学武、许晨坪、宝盈基金-长城证券-宝盈新三板盈丰5号特定多客户资产管理计划、苏州睿翼投资企业（有限合伙）、天阳建设集团有限公司和苏州子竹十一号投资企业（有限合伙）
322225,宋正兴、叶春娥、宋丽娜、立业投资、添惠投资、福兴投资、嘉明商贸、同航投资
9023766,新华化工、兴创源投资、新昊投资
2261087,广厦房地产开发集团有限公司
1070003,田斌、季宗生、冯钊、卢存方、康剑、孙慧、康瑞鑫
343956,蓝色火焰全体股东之合称
968007,黄伟基、黄焕兰
16264426,颜庆华、刘金柱、赵威、陈国兴、曾李青、悦然心动投资
16264426,符合中国证监会规定的证券投资基金管理公司、证券公司、保险机构投资者、信托投资公司、财务公司、合格境外机构投资者及其他境内法人投资者和自然人等，不超过10名（含10名）。证券投资基金管理公司以多个投资账户持有股份的，视为一个发行对象；信托投资公司作为发行对象的，只能以自有资金认购。最终发行对象将在本次重组发行股票获得中国证监会核准后，根据发行对象申购报价的情况，遵照价格优先原则确定。
16264426,拟发行股份及支付现金购买资产交易对方及配套融资认购方
16264426,拟发行股份及支付现金购买资产交易对方及配套融资认购方
16150088,新辉开现有股东永州市福瑞投资有限责任公司、永州恒达伟业商业投资管理有限责任公司、浙江海宁嘉慧投资合伙企业（有限合伙）、浙江海宁新雷盈创投资合伙企业（有限合伙）、永州市新福恒创业科技合伙企业（有限合伙）、青岛金石灏汭投资有限公司、永州市杰欧商业投资管理有限公司、萍乡市汇信得创业投资中心（有限合伙）
16665031,国家集成电路产业投资基金股份有限公司
1239920,交运集团、久事公司和地产集团
16444502,姚世娴、关本立、钟子春、叶叙群、钟师、欧闯、邹颖思、姚峰英与樟树市睿科投资管理中心（有限合伙）
16444502,上海华谊（集团）公司、上海三爱富新材料科技有限公司与常熟三爱富氟源新材料有限公司
16444502,拟购买资产交易对方与拟出售资产交易对方
16819434,刘世红、广西黑五类食品集团有限责任公司、杨泽、北京东方华盖创业投资有限公司、宁波鼎锋明德致知投资合伙企业(有限合伙)、宁波鼎锋海川投资管理中心(有限合伙)、深圳海德恒润财经咨询有限公司、上海米堤贸易有限公司、南京长茂宏懿股权投资基金合伙企业(有限合伙)、李洪波、北京熙信永辉投资中心（有限合伙）、杭州小咖股权投资合伙企业（有限合伙）、兴业全球基金－上海银行－兴全基石6号特定多客户资产管理计划、北京华盖卓信股权投资合伙企业（有限合伙）、宁波梅山保税港区蕴仁投资合伙企业（有限合伙）、宁波鼎锋明德正心投资合伙企业（有限合伙）、宁波鼎锋海川投资管理中心（有限合伙）——鼎锋海川新三板1号基金、浙商证券资管－国泰君安－浙商金惠新三板启航3号集合资产管理计划、恒天中岩投资管理有限公司、刘世恒、邵强、郭宏亮、高振玲、樊洁、卢星、高建生、汪志华、曹敬琳、李剑明、陈仲华、刘双、粟以能、江小玲、吉慧平、郭懿颖、颜堉林、徐凯、黄娇
1142460,上海锦江国际酒店（集团）股份有限公司及其子公司上海锦江饭店有限公司
1093721,金象有限、李薇、王秀琴
1871575,周发展等13位南方银谷全体股东
1890331,俞洪泉、赵银女、王荣法、樊万顺
16793951,重组交易对方和配套融资认购方
16793951,盾安控股、青鸟旅游、杭州秋枫、舟山如山、舟山新能、丰泉福能、舟山合众、宁波复信、宁波新锐
1822429,江苏新潮科技集团有限公司，本公司之控股股东
16924248,宜昌东阳光药业股份有限公司
14761177,深圳德润天清投资管理合伙企业（有限合伙）、玉溪沃云投资管理合伙企业（有限合伙）
20237487,由守谊、耿书瀛、罗志刚、李毅志、李泽超、戴文慧、钱伟佳、温昊、南京世嘉融企业管理合伙企业（有限合伙）、天津玲华企业管理合伙企业（有限合伙）、天津诚正企业管理合伙企业（有限合伙）、天津壹维企业管理合伙企业（有限合伙）、厦门鲁鼎志诚股权投资管理合伙企业（有限合伙）、南京陆晓诚安企业管理合伙企业（有限合伙）、北京中融鼎新投资管理有限公司、南京瑞禾吉亚企业管理合伙企业（有限合伙）
20237487,支付现金购买资产的交易对方安迪科医药集团及发行股份购买资产的交易对方的统称
15544078,智同集团、贵少波、高特佳
18872287,易增辉、林木顺、张荷花、吴常念、汪学刚、吴义华、林洪钢、唐世容、姚宗诚、陈乐桥、邹林、周云
16398230,王义平、安志鵾、范莉娅
16503936,经纬中耀、李艳章、杨树先、北树民、楼华、葛秀芳、姚水龙、王征宇、王俊辉、马秀梅、张凯申、周萍
16458878,嘉愈医疗、金鹏置业、什邡康德、什邡康强、什邡康盛、什邡康裕、潍坊嘉元
15568403,周敏、龚炜、江伟强、沈寒、陈巧芸、李侃和百伦投资、安赐互联、银穗资产、智盛创投
16388489,润泰供应链股东，包括寿宁润宏茂投资合伙企业（有限合伙）、寿宁润坤德投资合伙企业（有限合伙）、寿宁润源飞投资合伙企业（有限合伙）、寿宁润丰恒业投资合伙企业（有限合伙）
1788204,ft东冠县鑫隆建筑材料有限公司
1699587,澳洋集团、朱宝元、朱永法、李建飞、王仙友、徐祥芬、李金龙、宋丽娟、许建平、王馨乐
4927756,程力栋、张辉等永乐影视全体股东
16360422,畅想互娱（北京）科技有限公司，曾用名为“中联畅想（北京）科技有限公司”
85920,九润源现有自然人股东吴玉华、陈晓琦、林其武、褚杰
1819665,夏军、何海江、凌慧、深圳市创世纪投资中心（有限合伙）、钱业银、贺洁、董玮
18845564,共青城浩翔投资管理合伙企业（有限合伙）、共青城建融壹号投资管理合伙企业（有限合伙）、宁波梅山保税港区福鹏宏祥柒号股权投资管理中心（有限合伙）、共青城源翔投资管理合伙企业（有限合伙）、汪琦、陈羲
9895372,大梁矿业的全体股东（即西矿集团、四川发展、中航信托）、青海锂业的全体股东（即西矿集团、青海地矿、盐湖所）
9895372,大梁矿业交易对方中的西矿集团、四川发展、中航信托各方
9895372,青海锂业交易对方中的西矿集团、青海地矿、盐湖所各方
18820414,原标的公司股东郭仁祥
16651266,陈志生、姜日敏、于勇、陈曦、陈立人、卞晓光、张旭阳、祖健、包恩杰、周巍、丁向鸿、罗宝康、唐文志、刘慧、辛广军、苏金友、葛志全、高亮、张立武、王建国、王奎勇、孙智鹏、葛振林、王耀明、贾红雷、边庆跃、付强、杜占东、付天飞、刘霞、程国辉、王吉、毕健有、辛亚锋、张升伟、刘英男、陈兴宏、齐智刚等38名自然人及鸿讯飞龙、鸿信飞龙、网讯飞龙、网信飞龙、天泽吉富、善长资产、北京泓石、中金国联等8家机构、王卿泳
16651266,陈志生、姜日敏、于勇、陈曦、陈立人、卞晓光、张旭阳、祖健、包恩杰、周巍、丁向鸿、罗宝康、唐文志、刘慧、辛广军、苏金友、葛志全、高亮、张立武、王建国、王奎勇、孙智鹏、葛振林、王耀明、贾红雷、边庆跃、付强、杜占东、付天飞、刘霞、程国辉、王吉、毕健有、辛亚锋、张升伟、刘英男、陈兴宏、齐智刚等38名自然人及鸿讯飞龙、鸿信飞龙、网讯飞龙、网信飞龙、天泽吉富、善长资产、北京泓石、中金国联等8家机构、王卿泳
16239450,宁波圣洲投资有限公司
16239450,宁波圣洲投资有限公司
16239450,熊基凯、宁波维泰、宁波久特和宁波乾亨
1815270,广州植之元控股有限公司
16231371,德尔企管、李毅先生及德尔实业中的一方或多方
16559106,中宜投资、红将投资、远方光电、费占军、周伟洪、费禹铭以及钱志达
16559106,中宜投资、红将投资、远方光电及费占军
16559106,周伟洪、费禹铭及钱志达
15775160,深圳市雅康精密机械有限公司、徐鸿俊、王小梅
1903999,东方梦幻全体股东之合称
16383389,建投嘉孚（上海）投资有限公司、长城国融投资管理有限公司建投华文投资有限责任公司
15616878,江苏省国信资产管理集团有限公司
1596133,南京恒电本次交易前的全部34名股东，即杨振锋、孙小航、吕继、李益兵、钟玮等34名自然人
8917629,中国电子信息产业集团有限公司
16661446,本次广信材料拟收购的标的公司的全体股东，即陈朝岚、刘晓明、吴玉民、许仁贤、卢礼灿、陈文、肖建和无锡宏诚
403928,湖北日升科技有限公司
15199975,保利房地产（集团）股份有限公司
1657362,持有上海电驱动100%股权的全体股东
15620174,龙秋华、龙伟华
15362566,山东怡力电业有限公司
10803454,北京神雾环境能源科技集团股份有限公司、锦州宝地建设集团有限公司
763002,李桂华、王玉刚、林丹、李广欣、杨锦、储达平、张环宇、北京神奇博信投资管理中心（有限合伙）
15873240,浙江省铁路投资集团有限公司
6423207,大梁矿业的全体股东（即西矿集团、四川发展、中航信托）、青海锂业的全体股东（即西矿集团、青海地矿、盐湖所）
6423207,大梁矿业交易对方中的西矿集团、四川发展、中航信托各方
6423207,青海锂业交易对方中的西矿集团、青海地矿、盐湖所各方
1705029,国投中谷期货全体股东，即国投资本与河杉投资
15516059,森工集团、睿德嘉信、泉阳林业局、赵志华、上海集虹、陈爱莉、赵永春、吉林信承、长春誉晟
18856505,宁夏中能恒力钢丝绳有限公司
342714,赵世界、杨海根、赵广新、常州来邦
2046970,黄山永佳（集团）有限公司
12047209,鸿晟汇等9个对象
12047209,拟发行股份购买资产交易对方及配套融资认购方
12047209,拟发行股份购买资产交易对方及配套融资认购方
1654025,彭外生、顾梅、刘军、张晓华、吕嗣孝、上海恒膺投资管理合伙企业（有限合伙）
440190,孝昌鹰溪谷投资中心（有限合伙）与北京博升优势科技发展有限公司
4929936,程力栋、张辉等永乐影视全体股东
580130,徐洪尧、张国英和云投集团
1682828,南车贵阳车辆有限公司
16428959,上海佳育投资管理有限公司、谢敏、朱志斌、吴健彪、朱恒新、北京晟盈天弘投资中心(有限合伙)、张明宇、南翔
16428959,谢敏、朱志斌、吴健彪、朱恒新、北京晟盈天弘投资中心(有限合伙)、张明宇、南翔
16428959,上海佳育投资管理有限公司
16428959,信诺时代全体股东、上海佳育
910182,高琍玲、杨志峰、杨生哲、高润之和新光股权投资
2221293,蛟龙集团、云锋新创的合称
4947939,明德控股、嘉强顺风、招广投资、元禾顺风、古玉秋创、顺达丰润、顺信丰合的统称
351747,中国煤炭科工集团有限公司
1792077,鹏锦投资、颐涞投资
16942383,章珠明、王朝晖、吴文良、黄建勇、林世明、丘仲权、胡崟春、王荣、张荣娟、郑光发、余诗权、侯焰、林秋贞、赵耀罡共14名自然人和瑞力骄阳、瑞斟投资、平潭恒众、平潭合众共4家企业
16942383,章珠明、王朝晖、吴文良、黄建勇、林世明、丘仲权、胡崟春、王荣、张荣娟、郑光发、余诗权、侯焰、林秋贞、赵耀罡共14名自然人和瑞力骄阳、瑞斟投资、平潭恒众、平潭合众共4家企业
219075,直升机公司、中航科工和哈飞集团
278341,中国煤炭科工集团有限公司
1628679,上海现代建筑设计（集团）有限公司
1713643,宁波鑫歆、齐海莹、周志刚、王璟、阿米巴、李瑞玲、李洪国
4942315,嘉实投资和联创利鑫
19221492,国电科技环保集团股份有限公司，是一家在香港联交所上市的境内股份有限公司，股票代码为01296.HK
16383525,程力栋、张辉、南京雪人、宁波皓望、北京丰实、宁波安丰、诸暨海讯、杭州智汇、上海君丰、深圳君丰、上海匀艺、上海怡艾、陈立强、袁广、齐立薇、周经、余杨等17名永乐影视的股东
327451,天元伟业、元朔科技、孟洛明等33名天元网络自然人股东、王宁等16名祥升软件自然人股东
15774780,国药控股、国药一致、国药工业、杭州潭溪、韩雁林、杨时浩、黄春锦、刘淑华、陈茂棠、陈振华、林基雄、黄惠平、吴爱发、陈丹瑾、李彬阳、周素蓉、蔡东雷
15897254,邹应方、刘中杰、创途投资、愉游投资
16804471,康子工业、北京银来、河南秉鸿、上海秉鸿、上海格晶
1554318,京汉控股、合力万通、关明广、曹进、段亚娟、袁人江、田保战
20328543,深圳市中亮实业有限公司
14663353,江苏省国信资产管理集团有限公司
20280909,俞渝、李国庆、天津骞程、天津微量、天津科文、天津国略、上海宜修、E-commerce
6131030,江苏省国信资产管理集团有限公司
14673695,品田投资、宏达矿业
2043583,东方梦幻全体股东之合称
152317,中信网络有限公司
16460445,深圳市有棵树科技股份有限公司的31位股东：肖四清、汤臣倍健股份有限公司、福建建研科技有限公司、广发信德投资管理有限公司、日照小树股权投资管理合伙企业（有限合伙）、深圳市华益成路投资合伙企业（有限合伙）、中山以勒股权投资中心（有限合伙）、方正和生投资有限责任公司、上海海竑通投资管理中心（有限合伙）、宁波梅山保税港区祈恩投资中心（有限合伙）、李鹏、青岛金石泓信投资中心（有限合伙）、深圳前海盛世富金投资企业（有限合伙）、日照智达股权投资管理合伙企业（有限合伙）、璀璨年华（深圳）投资合伙企业（有限合伙）、上海海通创新赋泽投资管理中心（有限合伙）、北京天星开元投资中心（有限合伙）、深圳以利亚股权投资中心（有限合伙）、深圳海通创新元睿投资管理中心（有限合伙）、璀璨成长（深圳）股权投资基金企业（有限合伙）、王超伟、深圳市华益春天投资有限公司、上海申银万国成长一期股权投资合伙企业（有限合伙）、上海申万宏源嘉实股权投资合伙企业（有限合伙）、桐乡申万泓鼎成长二号股权投资基金合伙企业（有限合伙）、杭州海新先瑞创业投资合伙企业（有限合伙）、北京联创大洋投资合伙企业（有限合伙）、联创好玩（深圳）股权投资合伙企业（有限合伙）、上海溢赞投资管理中心（有限合伙）、郭长杰、珠海康远投资企业（有限合伙）
1929767,项海、任松洁、周立新、陈赵扬、孙玉珍、周建辉、杭州钱江中小企业创业投资有限公司
15561014,重庆化医紫光新材料有限责任公司
15783194,唐新亮、宽客投资、沁朴投资、骏琪投资、鼎泰投资、文建红、张建强和江苏中茂
20286417,恒力投资交易对方、恒力炼化交易对方
20286417,范红卫、恒能投资
20286417,恒能投资、恒峰投资
14663523,北部湾港务集团、防城港务集团
16308954,凯腾投资、亿倍投资、亿格投资、亿泰投资
1581791,合计持有华夏电通100%股权的栗军、李俊峰、张思必、蒋国兴、贾瑞明、谢泳江、李建、贾高勇、周明浩、夏郁葱、孙莉、赵月军、单衍景、王瑞宾、王平、胡雷、杨建军、房兰花、刘枫、曹艳中、李行、郭武、张锐锋、高翔、杨颖、邹康、姚立生、陈皞玥、卢昌、于大泳、白锐、仝敬明、陈亮、刘海滨、刘卫国、王邦新、梅志勇、肖冰、杨楠、李悦、郭辉、郭超、夏永强、张晓丽、杨怀兵、陈彪等46名自然人，苏州易联、达晨银雷及辰光致远
1581791,李俊峰、张思必、蒋国兴、贾瑞明、谢泳江、李建、贾高勇、周明浩、夏郁葱、孙莉、赵月军、单衍景、王瑞宾、王平、胡雷、杨建军、房兰花、刘枫、曹艳中、李行、郭武、张锐锋、高翔、杨颖、邹康25名自然人
1581791,姚立生、陈皞玥、卢昌、于大泳、白锐、仝敬明6名自然人
1581791,陈亮、刘海滨、刘卫国、王邦新、梅志勇、肖冰、杨楠、李悦、郭辉、郭超、夏永强、张晓丽、杨怀兵、陈彪等14名自然人，达晨银雷、辰光致远及苏州易联
1581791,栗军、A类交易对方和B类交易对方
1870478,中兆投资管理有限公司
1260117,HintsoftHoldingsLtd.、上海就爱、上海谷屹、上海炯
292983,银桥投资、吴宪、何征、荣桥投资，即沃特新材全体现有股东
50010,POTENTGROWTHLIMITED，又名保德昌有限公司，为一家注册于英属维京群岛的公司
2246537,三峡集团、川能投、云能投
15710418,夏可才、谢国英
19386201,王义波、彭泽斌、史泽琪、张林、孙继明、王青才、刘榜、朱静、陈亮亮、杜培林、高飞、胡素华、王明磊、刘占才、傅兆作、应银链、张志伟、赵九灵、苏宁、刘欣、何文平、王义森、秦代锦、李军强、柯亚茹、陈质亮、原志强、余洪、闫书和、宋金丽、范文祥、陆安生、朱启帅、王爱芬、熊建都、赵寅腾、王红军、郑明鹤、王祥、石奇林合计45名自然人
511786,西藏数联、顾晶、张孟友、24名核心员工
15576247,中国石油天然气集团公司
15576247,重组交易对方和募集配套资金认购方
15267754,上海轶鹏投资管理有限公司
16849917,唐千军、劳根洪、中信证券投资有限公司、金石坤享股权投资（杭州）合伙企业（有限合伙）、共青城景从投资管理合伙企业（有限合伙）、共青城景从贰号投资管理合伙企业（有限合伙）
15451851,樟树市伊尔美投资管理中心（有限合伙）、樟树市港华投资管理中心（有限合伙）
2343163,CHENYIQIU，新西兰籍自然人，中文名陈易秋
74136,李诗定、许晓荣
14140234,北部湾港务集团、防城港务集团
15829347,购买资产出售方
15721274,鸿晟汇等9个对象
15721274,拟发行股份购买资产交易对方及配套融资认购方
15721274,拟发行股份购买资产交易对方及配套融资认购方
583457,周浩、陈勇、叶宇斌、陈灵、康彦尊、黄勇、弘帆创投、世宝投资、海通开元
1788345,大通塑胶工业有限公司、惠州市华惠投资有限公司
1820279,赞成科技全体股东的合称，包括李华、于浩洋
502692,宏达矿业、孙志良、金天地集团、张中华、华潍膨润土
16423517,中电投蒙东能源集团有限责任公司
15621278,网通信息港、如日升投资、云通创投、佳禾投资、云径投资、盛达投资、云计投资
1452794,本次交易的对方，蚌埠玻璃工业设计研究院
1875326,液晶器件的股东创维液晶科技有限公司，为本次重组的交易对方
15870414,本次广信材料拟收购的标的公司的全体股东，即陈朝岚、刘晓明、吴玉民、许仁贤、卢礼灿、陈文、肖建和无锡宏诚
15742872,鲍杰军、黄建起、陈细、庞少机、吴桂周等共计持有欧神诺98.39%股权的52名股东
572833,通达进出口、上海帆达、汇智创投、创铭投资、美田房地产
16223467,隽丰投资、唐朝新、刘灵辉
1764451,汇智投资、物联投资及万景控股
1875560,李露
15729027,龙秋华、龙伟华
1837512,发行股份购买资产之交易对方：易乘投资；配套募集资金之交易对方：张振新、蔡芳新、刘浦嶂、李建群、张利群、资慧投资
1837512,易乘汽车产业投资（深圳）有限公司
1837512,张振新、蔡芳新、刘浦嶂、李建群、张利群、资慧投资
1596635,安徽皖维集团有限责任公司
1866868,通宝莱之股东吴文洲、刘壮超、吴友平、姚国宁、宝利泉、弘信控股、蕙富君奥、赵晓岩、吴丹莉、宇轩投资
19326031,周卫平
15320606,新余北岸、周斌、程炳皓、嘉乐投资、嘉志投资、福鹏宏祥
15855926,KDDICorporation
16062504,BECAPGardner1有限公司（在根西岛注册成立，注册号为：51378）和BECAPGardner2有限公司（在根西岛注册成立，注册号为：51399），具体详情载于《售股协议》附表1第1部分（单称为“BetterCapital卖方”）
20443126,国电科技环保集团股份有限公司，是一家在香港联交所上市的境内股份有限公司，股票代码为01296.HK
1809746,俞洪泉、赵银女、王荣法、樊万顺
15612588,北京海纳川汽车部件股份有限公司、诺德科技股份有限公司、北京汽车集团有限公司
1807286,赞成科技全体股东的合称，包括李华、于浩洋
15500680,杭州博泰信息技术服务有限公司全体股东
1667325,发行股份购买资产并募集配套资金之交易对方
79089,DearbornMid-WestConveyorCo.
1087647,武汉市土地整理储备中心东湖新技术开发区分中心
16728892,李海建、嘉鹏九鼎、涵德基金、华信睿诚、王玉强、嘉仁源、远致创业、富源恒业、王翠
1796276,天天科技有限公司，系游久游戏控股股东
16928410,淮北矿业股份有限公司全体股东，包括淮北矿业（集团）有限责任公司、中国信达资产管理股份有限公司、中国华融资产管理股份有限公司、安徽省能源集团有限公司、宝钢资源有限公司、国元股权投资有限公司、安徽全威铜业控股有限公司、嘉融投资有限公司、马钢（集团）控股有限公司、奇瑞汽车股份有限公司、银河创新资本管理有限公司、中银国际投资有限责任公司、安徽省投资集团控股有限公司、中国盐业总公司、中诚信托有限责任公司及自然人王杰光、郑银平、曹立
15611012,本次广信材料拟收购的标的公司的全体股东，即陈朝岚、刘晓明、吴玉民、许仁贤、卢礼灿、陈文、肖建和无锡宏诚
61946,楼洪海、许海亮、王志忠、周杰、赵洪启、朱斌来等六名自然人
448032,银科九鼎、深圳创新、荣实等9名自然人
16245685,原标的公司股东郭仁祥
14324119,1、江勇；2、冯仁华；3、广发信德投资管理有限公司；4、江胜；5、上海道基金兴投资合伙企业（有限合伙）；6、张小金；7、李星余；8、深圳繸子以诺股权投资中心（有限合伙）；9、广州恒萱投资咨询中心（有限合伙）；10、王立霞；11、上海道基晨富投资合伙企业（有限合伙）；12、北京和睿砺股权投资中心（有限合伙）；13、珠海庞大新三板股权投资合伙企业（有限合伙）；14、北京和君商学在线科技股份有限公司；15、王碧荣；16、珠海康远投资企业（有限合伙）；17、新余中大瑞泽投资合伙企业（有限合伙）
14324119,1、江勇；2、冯仁华；3、广发信德投资管理有限公司；4、江胜；5、上海道基金兴投资合伙企业（有限合伙）；6、张小金；7、李星余；8、深圳繸子以诺股权投资中心（有限合伙）；9、广州恒萱投资咨询中心（有限合伙）；10、王立霞；11、上海道基晨富投资合伙企业（有限合伙）；12、北京和睿砺股权投资中心（有限合伙）；13、珠海庞大新三板股权投资合伙企业（有限合伙）；14、北京和君商学在线科技股份有限公司；15、王碧荣；16、珠海康远投资企业（有限合伙）；17、新余中大瑞泽投资合伙企业（有限合伙）
14324119,1、江勇；2、冯仁华；3、广发信德投资管理有限公司；4、江胜；5、上海道基金兴投资合伙企业（有限合伙）；6、张小金；7、李星余；8、深圳繸子以诺股权投资中心（有限合伙）；9、广州恒萱投资咨询中心（有限合伙）；10、王立霞；11、上海道基晨富投资合伙企业（有限合伙）；12、北京和睿砺股权投资中心（有限合伙）；13、珠海庞大新三板股权投资合伙企业（有限合伙）；14、北京和君商学在线科技股份有限公司；15、王碧荣；16、珠海康远投资企业（有限合伙）；17、新余中大瑞泽投资合伙企业（有限合伙）
14324119,1、前海开源开元弈方定增41号资产管理计划；2、江勇、3、上海道基晨灞投资合伙企业（有限合伙）；4、上海道基晨富投资合伙企业（有限合伙）
15921339,陆伟、马赛江、陈林
1798685,白巍、董月芳及陈江涛
16256197,刘田、林洁、张晓晋、李彬、茂林泰洁、新中吉文、达孜时潮、陆斌斌、徐斌、东银玉衡、伟业策略、瑞德投资、要嘉佳、赵铁路、西藏利禾、太合达利、执一爱佳
16256197,刘田、林洁、张晓晋、李彬、茂林泰洁、新中吉文、达孜时潮、陆斌斌、徐斌
15833628,中国生物技术股份有限公司
9123,上海沃金石油天然气有限公司
16429603,包括发行股份购买资产交易对方及置出资产承接方
16429603,除上海涌云外的卓郎智能剩余股东，包括16位法人和1位自然人
308558,国投协力发展及江苏环亚全体股东
18760615,本次重组中发行股份及支付现金购买资产的交易对方，具体指黄奕彬、黄壁芬、张广顺、黄育丰范奕勋、郑焕坚、黄文凤、陈昱、陈峻明、哈尔滨菲利杜豪贸易有限公司、哈尔滨法瑞尔贸易有限公司、瑞金市博远投资有限公司、天津飓风文化产业投资合伙企业（有限合伙）、珠海市横琴三物产业投资基金（有限合伙）、深圳熙海投资合伙企业（有限合伙）、深圳领秀奇乐投资管理有限公司
15670404,刘鹏、陈玉朕、李勇、骆梅娟、王文秀、伟业基石、张俊、叶正明、王军胜、陈峰
1703920,爱德康赛全体股东
1150003,深圳广电集团、宝安区国资委、龙岗区国资委及坪ft新区发财局
677597,博源集团、河南油田、实地创业、挚信投资、汉高科技、中稷弘立、建银金博、南昌中科、奥美投资
490537,青岛智锦商贸有限公司
19275625,发行股份购买资产的交易对方及募集配套资金的交易对方
19275625,科大立安的全部股东，包括中科大资产经营有限责任公司、合肥敦勤新能投资中心（有限合伙）、时代出版传媒股份有限公司、安徽出版集团有限责任公司、上海谌朴守仁投资管理中心共5家机构及刘炳海、袁宏永、范维澄、苏国锋、刘申友、张克年、金卫东、朱荣华、徐伟、许军、黄玉奇、王清安、唐庆龙、朱萍、刘旭、张昆、倪永良、王大军、张国锋、王芳、莫均、柳振华、任有为、吴世龙、杨孝宾、方斌、常永波、许志敏、储玉兰、吴国强、蒋维共31位自然人
19275625,不超过5名符合中国证监会规定的特定投资者
19275625,对科大立安2018年、2019年和2020年业绩做出承诺并承担补偿义务的33位交易对方，包括合肥敦勤新能投资中心（有限合伙）、上海谌朴守仁投资管理中心共2家机构及刘炳海、袁宏永、范维澄、苏国锋、刘申友、张克年、金卫东、朱荣华、徐伟、许军、黄玉奇、王清安、唐庆龙、朱萍、刘旭、张昆、倪永良、王大军、张国锋、王芳、莫均、柳振华、任有为、吴世龙、杨孝宾、方斌、常永波、许志敏、储玉兰、吴国强、蒋维共31位自然人
19275625,中科大资产经营有限责任公司、时代出版传媒股份有限公司、安徽出版集团有限责任公司等3家机构
295075,李健、王晋敏、王熙春、李飚
18303943,中盐吉兰泰盐化集团有限公司
1830982,中国吉林森林工业集团有限责任公司和吉林森工人造板集团有限责任公司
18838597,发行股份及支付现金购买资产的交易对方，即董巍、王家华、董荣镛、徐洁、董荣兴、张益波、李少雄、张恩祖、董耀俊、董荣舫、朱斌、全大兴、李长明、陈咏梅、全忠民、苏伟利、姚丽芳、缪延奇、吴鹏、黄伟强、文国良、王伟、杨虎、方晖、殷玉同、李玉英、施佳林、徐建新、张学利、杨卿、曹可强、楚潇共32名自然人
16942137,黄延新、黄国文、姚小君、高宏坤、洪泽慧、鸿和令、陈伟敏、黄延中、伍春光、卓众投资、卓和投资、深国投、日亚吴中、刘海波、曾伟敬、潘新钢、邓纶浩、黄培荣、卓岳资本
1889975,中金盛世等25名中金云网股东；施侃等4名无双科技股东
1889975,施侃、赵宇迪、冯天放、香港超昂控股有限公司
1811600,柴琇、吉乳集团、广泽乳业投资、内蒙蒙牛
4926400,高丽、高树金、丽锦投资、永俪投资、丽和投资、赢丽投资、李婕、周磊
9905133,中经汇通、李碧如
1787239,江苏常发实业集团有限公司
20329259,云南兴龙实业有限公司、云南瑞丽金星贸易集团金星房地产开发经营有限公司、云南泰丽宫珠宝有限公司
14046984,中远海运散运、中海发展
915435,甘肃省电力投资集团公司
15568957,西藏万雨、京江美智、上海万未、王锐、汪鸿海、陈荣龙、万海闽、张磊
15033572,纬诺投资、博铭投资、湖州同胜、复星工业及白涛
15719486,日本JX金属株式会社
1842978,重庆商社（集团）有限公司
15567134,天津久柏、上海哲安、北京骊悦、王家锋
15567134,上海哲安、北京骊悦、王磊、张健、李莹
1760555,中经汇通、李碧如
88967,资产出售受让方和购入资产出售方
1909309,百川燃气股份有限公司全体股东
20374162,远为投资、新华联控股、王连臣、董安钢、魏晨
571249,黄种溪、曾小俊、周路明、林嘉喜
1865121,新光控股集团有限公司、自然人虞云新
15483741,上海中昌和普陀中昌
1923572,黄ft永佳（集团）有限公司
19213716,畅想互娱（北京）科技有限公司，曾用名为“中联畅想（北京）科技有限公司”
19293312,山西焦化集团有限公司
16165472,浙江交通集团、浙江国资公司、中航成套、汇众壹号、汇众贰号
19333597,中国信达、中国东方、国风投基金、结构调整基金、中国人寿、华宝投资、招商平安及国华基金
16919969,哆可梦股东寇汉、林嘉喜、宁夏和中、完美软件科技、国金凯撒、深圳岚悦，合计6名法人/自然人
15395285,王江泉、范冰、葛德州、孙伟、海南永昌和、蓝星金石、国傲远辉
2030998,深圳市沃特玛电池有限公司全体股东
14762595,发行股份及支付现金购买资产交易对方中石油集团、重大资产出售交易对方天利石化
976530,资产出售受让方和购入资产出售方
1679873,南京恒电本次交易前的全部34名股东，即杨振锋、孙小航、吕继、李益兵、钟玮等34名自然人
18845337,马良铭、明旻、董兵、方锐铭、马良彩、丁文波、徐颖、田珊珊、翊占信息、孙淑凡、德睦投资、智百扬投资、申瑞汇赢、慕远投资、谢闻九、汇君资管（包括其作为基金管理人管理的汇君资产新三板成长1号基金、汇君资产稳盈6号股权投资私募基金、汇君资产汇盈5号股权投资基金）、新材料创投、西安丰皓
278814,夏兴兰、仇国清
16337635,周利飞、廖鹏、潘悦然、李璞、杜川、欧阳志羽6名自然人
407940,唐ft中和实业集团有限公司
8929070,"TestAmericaEnvironmentalService,LLC"
16707690,上海煜科投资有限公司、上海中路实业有限公司、上海长盈股权投资中心（有限合伙）、康敏、李杏明、沈涓梅、上海浦东科技金融服务有限公司、南京紫金创动投资合伙企业（有限合伙）、上海企隆股权投资基金合伙企业（有限合伙）
16707690,姜明、上海乾鹏投资合伙企业（有限合伙）、曹东、梅士东、李兵、孙楠、陈蓓、谢成宝
1323394,中国长安汽车集团股份有限公司
395551,东桥电器的股东：东桥家电、梁庆、王春华
19235487,华融瑞通、中国人寿、招平投资、中国信达、太保寿险、中银金融工银金融及农银金融
19235487,华融瑞通、中国人寿、招平投资、中国信达、太保寿险、中银金融工银金融及农银金融
16811392,恒力投资的股东范红卫、恒能投资；恒力炼化的股东恒能投资、恒峰投资
311163,孝昌鹰溪谷投资中心（有限合伙）与北京博升优势科技发展有限公司
16910668,四川雄州实业有限责任公司
1816342,上海储阳光伏电力有限公司
15721258,鸿晟汇等9个对象
15721258,拟发行股份购买资产交易对方及配套融资认购方
15721258,拟发行股份购买资产交易对方及配套融资认购方
14760198,易平川及余江县万象新动投资管理中心（有限合伙）
2149522,南京庆亚贸易有限公司，为本次交易的交易对方
78184,自然人王敬春、肖中明
2270091,千足文化全体股东，即倪金马、金玉堂
18839869,李万双、胡先保、安徽聚群
1846378,北京北大众志微系统科技有限责任公司
16673241,云众投资、李怀状、刘晶、林丽仙、横琴安赐在内的小子科技全部股东
1897104,涂海文、卢红萍
415797,辽宁方大集团实业有限公司
724878,王杰、王拥军、吴向东、郭小宇、吴天波、许峰
16346240,中泰创展、亲华科技、星润泰祥、中讯建通、深商兴业及四海汇智
93034,雅百特全体股东，即拉萨瑞鸿、拉萨纳贤、智度德诚
16443667,荆州贤达实业有限公司、荆州市景湖房地产开发有限公司
15787645,古苑钦、庄景东、王兵、颜雨青、汪锋、姚兴亮、刘珩、陶炜、孟令晖、航空基金、国海景恒、长城嘉信1号资管计划、西商创业、柴朝明
16108498,深圳市天富锦创业投资有限责任公司，曾用名深圳市天富锦投资有限责任公司
15912444,柏克新能51%股权的转让方叶德智、叶德明、高金全、罗蜂、戴建东、龙平、黄敏、潘世高、左英、郭俊、周发能、何万里；精一规划51%股权的转让方张宏利、张骜、曾琳、曾耀国、张杰、谢行知、李健财
2314720,樟树市牛曼投资管理中心（有限合伙）
1901956,国网节能服务有限公司
15903456,毅炜投资、卢郁炜
15583025,升华科技彭澎、彭澍等11名股东
15810326,上海电气拟进行发行股份购买资产并募集配套资金的交易对方，其中发行股份购买资产交易对方指电气总公司；募集配套资金的交易对方指包括电气总公司、国盛投资在内的不超过10名特定投资者
1821362,贵阳市医院管理（集团）有限公司
1779673,广州市金誉实业投资集团有限公司、卢洁雯、广州市益迅发展有限公司、广州市美宣贸易有限公司
185264,中国航天科工防御技术研究院
297440,NEWPOPULAR、TYCOONPOWER、德懋投资、资阳弘信、比邻前进、祺鸣投资
16756611,新能源公司
15463121,包括发行股份购买资产交易对方及置出资产承接方
15463121,卓郎智能全体股东，包括17位法人和1位自然人
15810372,CulmstockInvestmentsLimited
20187442,深圳市福德国有资本运营有限公司，本次重组前深粮集团的股东，持有深粮集团100%股权
1761837,北京中鼎高科自动化技术有限公司的全体股东，即姚福来、刘恒才、田立勤、付强
359951,自然人王敬春、肖中明
1672634,熊伟、龙方彦等51名安可信股东
1063341,海航商业控股有限公司
1864183,德华创投、丁鸿敏、高阳、陈密、袁茜、王晓斌、袁仁泉、汪军
20254168,广浩捷的股东杨海生、谢永良、胡润民、罗盛来、魏永星、于泽、珠海横琴纳特思投资咨询企业（有限合伙）
16189524,樟树市爱得玩投资管理中心（有限合伙）、冯钊华、李阔、深圳市前海嘉之泉投资有限公司
1767937,世轩科技25名自然人股东及5名机构股东
1078777,北大国际医院集团有限公司
19239247,刘田、张晓晋、李彬、茂林泰洁、新中吉文、达孜时潮、陆斌斌、徐斌、东银玉衡、伟业策略、瑞德投资、要嘉佳、赵铁路、西藏利禾、太合达利、执一爱佳
18856092,湖北盛木科技有限公司、湖北宜景常弘科技有限公司、深圳德木实业有限公司、深圳树泰科技有限公司
2239864,樟树市汇智通天投资管理中心(有限合伙)、樟树市物联天诚投资管理中心(有限合伙)、万景控股集团有限公司
1933137,北方科技、江苏悦达、天津中辰
2230786,李华、胡登燕
1809260,合计持有华夏电通100%股权的栗军、李俊峰、张思必、蒋国兴、贾瑞明、谢泳江、李建、贾高勇、周明浩、夏郁葱、孙莉、赵月军、单衍景、王瑞宾、王平、胡雷、杨建军、房兰花、刘枫、曹艳中、李行、郭武、张锐锋、高翔、杨颖、邹康、姚立生、陈皞玥、卢昌、于大泳、白锐、仝敬明、陈亮、刘海滨、刘卫国、王邦新、梅志勇、肖冰、杨楠、李悦、郭辉、郭超、夏永强、张晓丽、杨怀兵、陈彪46名自然人，苏州易联、达晨银雷及辰光致远
1809260,李俊峰、张思必、蒋国兴、贾瑞明、谢泳江、李建、贾高勇、周明浩、夏郁葱、孙莉、赵月军、单衍景、王瑞宾、王平、胡雷、杨建军、房兰花、刘枫、曹艳中、李行、郭武、张锐锋、高翔、杨颖、邹康25名自然人
1809260,姚立生、陈皞玥、卢昌、于大泳、白锐、仝敬明6名自然人
1809260,陈亮、刘海滨、刘卫国、王邦新、梅志勇、肖冰、杨楠、李悦、郭辉、郭超、夏永强、张晓丽、杨怀兵、陈彪14名自然人，达晨银雷、辰光致远及苏州易联
1809260,栗军、A类交易对方和B类交易对方，即在本次交易中参与业绩补偿的栗军、李俊峰、张思必、蒋国兴、贾瑞明、谢泳江、李建、贾高勇、周明浩、夏郁葱、孙莉、赵月军、
1901289,东盛集团、磐鑫投资、鼎盛金禾
1189907,深圳市宝安宝利来实业有限公司
1823756,黄培劲、塔牌集团、孙敏华
400557,银科九鼎、深圳创新、荣实等9名自然人
2186186,山焦集团
315160,方笑求、蓝顺明
4920135,本次奥维通信拟收购标的公司的股东
1569951,雅百特全体股东，即拉萨瑞鸿、拉萨纳贤、智度德诚
4946969,发行股份及支付现金购买资产的交易对方：张英、文碧、陈介平、潘陆陆、王忠才、孔维龙
885528,华数集团、千禧龙、二轻集团、东方星空、浙江发展
16267752,寿宁县恒力智信股权投资合伙企业（有限合伙）、黄河
16850479,建投嘉孚（上海）投资有限公司、长城国融投资管理有限公司、建投华文投资有限责任公司
1805416,中天科技集团和南通中昱
15721298,史俊伟、何亨文、史淑红
16665837,易增辉、林木顺、张荷花、吴常念、汪学刚、吴义华、林洪钢、唐世容、姚宗诚、陈乐桥、邹林、周云
16862427,长江汉翼、星宇有限、林周星澜、林周星涌、林周星源、林周星涟
292966,黄亚福、陈琪祥
15882258,李牡丹、杨云峰
16251084,畅想互娱（北京）科技有限公司，曾用名为“中联畅想（北京）科技有限公司”
16244993,GEMGUARDTECHNOLOGIESPTE.LTD.
206909,自然人齐舰、刘科全
1780983,李娟、陈德阳、陈加旺、肖成林、姚金强、朱磊、黄国建、吴利民、印海、仕德伟实业、仕德伟置业、徐雪明、范雪芳
15916860,东方电子集团、宁夏黄三角
16153951,大地集团、成都泰维
16604402,上海宝得股权投资基金合伙企业（有限合伙）、何鸿度、孙熊岳、胡敦琦、刘涛
4936724,范海林、王大成、谭军辉、蒋小春、李旺、章祺
1199889,堆龙佳都科技有限公司、刘伟
1932997,千足文化全体股东，即倪金马、金玉堂
81644,拉萨行动电子科技有限公司
1661244,安徽精诚铜业股份有限公司第1期员工持股计划
9883757,龙秋华、龙伟华
1803369,自然人苏庭宝
9027560,王江泉、范冰、葛德州、孙伟、海南永昌和、蓝星金石、国傲远辉
362561,兴源控股及钟伟尧等11名自然人
359594,王新、李勇
4938660,云南电网有限责任公司、南方电网国际有限责任公司
19309766,宜昌东阳光药业股份有限公司
16936679,李海建、嘉鹏九鼎、涵德基金、华信睿诚、王玉强、嘉仁源、远致创业、富源恒业、王翠
14630065,张玉祥、陈佳莹、南极电商第二期员工持股计划
14630065,发行股份购买资产交易对方及募集配套资金交易对方
1835508,本次天晟新材拟收购的标的公司股东，分别为：新余德丰投资管理中心（有限合伙）、李凌波、李骏芳
16306744,发行股份购买资产的交易方上海镕尚和中信夹层以及配套融资的认购方西藏山南
14111489,瑞福锂业的全体股东
14111489,查大兵、潘增刚、何荣鑫、吴昌瑞、金浩、肖志辉、李正坤、南通顺恒等八名认购对象
14111489,本次重大资产重组的交易对方与募集配套资金交易对方的合称
16007931,佳沃集团有限公司、西藏君和聚力投资合伙企业（有限合伙）、汤捷、方焰、谭小林
16007931,佳沃集团有限公司、西藏君和聚力投资合伙企业（有限合伙）
1669310,鑫三力在本次交易前的全体股东，即师利全、胡争光、李小根及张丕森
4945818,国药控股、国药外贸及符月群等11名自然人、现代制药以及配套融资交易对方
4945818,理朝投资、平安资管、国药控股
16302652,曾立军、黄奕桦、裘耀俊、陈智勇等4位
16302652,曾立军、黄奕桦、裘耀俊、陈智勇等4位
16302652,曾立军、黄奕桦、裘耀俊、陈智勇等4位
16302652,不超过5名符合条件的特定投资者
1682315,金帝联合控股集团有限公司
19230814,海宁市资产经营公司
16213639,地产集团
1684627,上海现代建筑设计（集团）有限公司
1825303,李振国、辰能风投、绵阳基金、杨承、盛锁柱、高金岩、万玲、倪开岭、黄靖梅
1831696,蔡彤、王卓颖、毛海峰、马立凡、上实上投领华投资
16046776,袁伍妹、重庆金嘉兴
19293823,中国兵器装备集团有限公司，前身为全民所有制企业中国兵器装备集团公司（对外名称为中国南方工业集团公司）
16555627,截至评估基准日，上海恩捷新材料科技股份有限公司全体股东
16555627,截至评估基准日，上海恩捷新材料科技股份有限公司全体股东
1809393,北京网数通网络技术有限公司、北京维云创艺科技有限公司
1292483,辽宁方大集团实业有限公司
15429513,LeoneHoldingsLtd、MinuitHoldingsLtd
1844545,本次交易前普德药业的部分股东，包括普华领先、胡成伟、西藏富思特、天津宸瑞、天津元祥
1778269,高能投资、博联众达及朱林生等48名博微新技术自然人股东；成都尚青等9名尚洋环科股东
1924376,新光控股集团有限公司、自然人虞云新
16703186,南京能瑞自动化设备股份有限公司全体股东，具体包括：能策投资、孙金良、孙莹、刘金山、钱淑琴、周一心、刘国鹏、黄绍云、严克广、孙益兵、张亚贤、李定胜、方霞、阮在凤、周永志、夏玉宝、陈磊、屈战、樊彬、郭平、戴友年、董君、蒋慰静、孙雷、宋福超、高俊俊、葛政、张雷、许永建、卓亚、刘红军、陈小虎
16888599,邱建平、虞文彪、徐根友、江益、徐惠亮、董培纯、陶建锋、黄晓宇、吴秀英、王春燕、王向晨、潘明海、何俊、游春荷、石洪武、李博、冉建华、刘培如、贺令军、周亚丽、陈强、谢琼、苟庆、饶道飞、彭泽文、高炳光、陈建华、汪吉祥、方小波、马燕、秦博、刘学武、许晨坪、宝盈基金-长城证券-宝盈新三板盈丰5号特定多客户资产管理计划、苏州睿翼投资企业（有限合伙）、天阳建设集团有限公司和苏州子竹十一号投资企业（有限合伙）
18303755,BühlerHoldingAG
16734776,中钢制品工程、中钢热能院及冶金矿业
18760484,中国电科五十四所、中华通信、石家庄发展投资、电科投资、桂林大为
15771712,天靖投资和天淳投资
18877252,中盐吉兰泰盐化集团有限公司
15333173,包括发行股份购买资产交易对方及置出资产承接方
15333173,卓郎智能全体股东，包括17位法人和1位自然人
2371844,凌空投资、黄河
19205538,陈宝华、张嘉平等17位自然人和苏州荻溪文化创意产业投资中心（有限合伙）、嘉兴市兴和股权投资合伙企业（有限合伙）等6家机构
15833699,樊英杰、李刚、周利飞、廖鹏、潘悦然、李璞、杜川、欧阳志羽8名自然人以及浩宇投资1名合伙企业
20594422,曹惠忠、刘立勇、沈东明、任鹤琴、宋希超、南京宁科创业投资合伙企业（有限合伙）、江苏高投宁泰创业投资合伙企业（有限合伙）、江苏新材料产业创业投资企业（有限合伙）、江苏中茂节能环保产业创业投资基金合伙企业（有限合伙）、无锡金茂二号新兴产业创业投资企业（有限合伙）、西藏金缘投资管理有限公司
814930,中航工业、贵州盖克、北京长空、西控公司
364418,西宁市国新投资控股有限公司、张邻
315307,中航工业、华融公司和洪都集团
15675772,重组交易对方和配套融资认购方
15675772,盾安控股、青鸟旅游、杭州秋枫、舟山如山、舟山新能、丰泉福能、舟山合众、宁波复信、宁波新锐
1823562,朱杰、朱玉华、上海ft晓投资管理有限公司等三方
1863992,驿安投资、淳贺投资、林伟及乔银玲
1863992,鼎亮翊翔、驿安投资、淳贺投资、林伟及乔银玲
382321,曾逸、众智兴、张为菊、上海联新、钱作忠、罗彤、华澳创投和深圳纳兰德
15837354,中宜投资、红将投资、远方光电、费占军、周伟洪、费禹铭以及钱志达
15837354,中宜投资、红将投资、远方光电及费占军
15837354,周伟洪、费禹铭及钱志达
16599517,截至评估基准日，上海恩捷新材料科技股份有限公司全体股东
16599517,截至评估基准日，上海恩捷新材料科技股份有限公司全体股东
1807281,本次上风高科拟收购的标的公司的全体股东，即和华控股、权策管理、安雅管理、ZG香港、JK香港、鹏华投资、ND香港、太海联、福奥特、和熙投资、盈峰控股、瑞兰德
2361368,北京北大众志微系统科技有限责任公司
16384694,杨生荣
15593994,张英、文碧、陈介平、潘陆陆、王忠才、孔维龙
361457,甄勇、新余市红日兴裕投资管理中心（有限合伙）
80932,付强、黄巍、张威、张宇驰、蔷薇投资
16660573,刘德群
348926,银科九鼎、深圳创新、荣实等9名自然人
15501959,上海诺牧、宁波诺裕
14999234,陈路、祝华、王一夫、胡禹平、吴丕江、雷亮、能观投资
1160308,欧亚云、欧亚峰、罗兵辉、李洪辉、朱平正、胡观辉、周海蓉、吴波、郭华定等九名自然人和瑞鹅投资，系本次发行股份购买资产之交易对象
15929420,晨光稀土的全体股东（即黄平、赣州红石矿业创业投资中心（有限合伙）等6家机构）、科百瑞部分股东（即王晓晖、罗应春、王金镛）、文盛新材全体股东（即海南文盛投资有限公司等9家机构及王丽荣等14名自然人）、湖南博荣资本管理有限公司等6名配套资金认购对象
15732438,李朝阳、姜河、伍镇杰、蒋文峰
9889816,翊腾电子全体股东，即涂海文、卢红萍
1780061,陈京念、沧州地铁物资有限公司
14879173,蛟龙集团、云锋新创的合称
16879210,PetroNet、安德森家族、KentBrown和GaryCain
573921,自然人沈超、李文慧、陈锦波、孙庚文及田建平
18285969,长影集团有限责任公司、长影海南文化产业集团股份有限公司、拉萨德汇联拓投资有限公司
1879206,安康通卖方、三胞国际卖方及齐鲁干细胞卖方的统称
347733,中国蓝星（集团）股份有限公司、中蓝石化总公司
15451935,本次重组交易对手方，包括京粮集团、国管中心、国开金融和鑫牛润瀛
16256154,狮之吼全体股东，即鲁锦、游涛、霍小东、周江、朱菁、郭飞、刘鹏娟、蔡丽、魏建平、朱维、殷晓娟、等11名自然人股东以及珠海富坤、重庆富坤、珠海堃铭、珠海狮之吼、深商兴业、四川鼎祥、帕拉丁资本、融玺投资、中山天誉、前海云泰、瑞然投资、眉山鼎祥、北辰投资、天成投资、天宇投资、优达投资、钱沛投资等17名机构股东
1245934,梁稳根、唐修国、向文波、易小刚、毛中吾、袁金华、周福贵、郭良保、翟纯、王海燕
285078,标的公司股东肖建东、董晓明、张曦赜、闫志刚、姚晓勇等五名自然人
14671377,樟树市爱得玩投资管理中心（有限合伙）、冯钊华、李阔、深圳市前海嘉之泉投资有限公司
4940532,王桂兰，金宏威股东
276515,湘潭振湘国有资产经营投资有限公司
15971723,首映时代的全体股东，包括乐意传媒、韩伟、吴慧、顾长卫、蒋文丽、顾长宁、马思纯和蒋文娟，以及德纳影业的全体股东，包括鲍春雷、童黎明、沈晓燕、丁金晶、宋新、朱晓蔚、孙志华、叶国强、赵何、陈亚玲、董丽华、钱杏珍。根据语境不同亦可单指全部或部分
12046301,北京德宝恒生贸易有限公司
1109160,中航工业集团、黎阳集团、西航集团、华融
83249,宁波鑫歆、齐海莹、周志刚、王璟、阿米巴、李瑞玲、李洪国
1614148,程宇、常州长平、上海进承、芜湖联企
15480430,持有兴化化工100%股权的全体股东
12032136,湖南太阳鸟控股有限公司
1802064,中国蓝星（集团）股份有限公司
16679828,美欣达集团、重庆财信、新龙实业、永兴达实业及陈雪巍
1768998,三亚爱地、佳升元
1685219,德赛系统和德赛产品的部分股东，包括：力鼎基金、赛领基金和智度基金
15785142,北京矽成全体股东，即上海承裕、屹唐投资、华创芯原、闪胜创芯、民和志威
15785142,名建致真等不超过10名特定投资者
15785142,发行股份及支付现金购买资产并募集配套资金之交易对方
14758884,重庆振渝九鼎股权投资合伙企业(有限合伙)、JDTyreeLimited、ModernMetal&PrecisionLtd
1668237,王伟权、彭小玲；如同时提及配套募集资金时，指TCL、温氏投资、员工持股计划、杜建国和常宝
675814,云南世博旅游控股集团有限公司
2314585,蔡志奇、金焱、刘枫、吴宗策四人
15653589,深圳云房现时全体股东，即深圳大田、拉萨云房、开心
1709875,三胞集团有限公司
16443174,贾跃峰、张杰明、周盛和深圳市华科泰瑞电子合伙企业（有限合伙）
16879285,王兆峰、杨勇智、赵学文、宁波朝昉实业投资合伙企业（有限合伙）
1217001,金城集团、中航投资
441572,中国机械工业集团有限公司
15667630,岭南集团、流花集团、朱少东、张小昂、卢建旭、方方、郑烘、郭斌
15667630,广州国发、广州证券、广州金控、岭南控股第一期员工持股计划
2234519,黄ft永佳（集团）有限公司
6328628,永晨石油现有股东（除通源石油外）张春龙、王大力、张百双、张国欣、侯大伟、张建秋、上海朱雀珠玉投资中心（有限合伙）
4922277,国金聚富
1791349,公司合并交易形式下，PLANAR公司为交易对方
18840070,王鸿娟、司文捷、王立山、严庆云、陈新、叶恒、高喜彬、谭意如、李蕴曦、杨明、张君锋、刘春玲、周洪涛、薛丽彬、顾宁、何玲玲、纪磊、刘萍、吴平、张伟亮、侯成、严庆久、郑艳春、赫广、尹世将、张涛、周建和、陈亮、高芳、王丹、杨嵩、钟卫军
18840070,王鸿娟、司文捷、王立山、严庆云、陈新、叶恒、高喜彬、谭意如、李蕴曦、杨明、张君锋、刘春玲、周洪涛、薛丽彬、顾宁、何玲玲、纪磊、刘萍、吴平、张伟亮、侯成、严庆久、郑艳春、赫广、尹世将、张涛、周建和、陈亮、高芳、王丹、杨嵩、钟卫军
2379769,程力栋、张辉等永乐影视全体股东
16280475,包括发行股份购买资产交易对方及置出资产承接方
16280475,卓郎智能全体股东，包括17位法人和1位自然人
339194,北京市海淀区国有资本经营管理中心
1810002,吴劼、双兴棋、王森、孙坚、盛国祥、吕勤、任海斌、谢新华、黄斌、信达投资、茂信合利、钱江创投、新疆硕源、立阳投资
1902417,深圳市赛格集团有限公司
16739924,鲍杰军、黄建起、陈细、庞少机、吴桂周等共计持有欧神诺98.39%股权的52名股东
15359556,仪电集团、飞乐音响、上海贝岭
16254339,红豆集团有限公司
1221528,自然人齐舰、刘科全
20237904,银泰百货有限公司
1825868,深圳柏健股东赵崇勤、赵燕莲
1825868,深圳海威思股东李海军、孙磊
1825868,深圳柏健股东、深圳海威思股东，即交易对方一及交易对方二
15531721,狮头集团
1776907,大唐集团、地电公司、耒阳电厂
1856774,高俊芳、张洺豪、张友奎等长春长生生物科技股份有限公司全体20名股东
15201194,杭州悠飞、马可孛罗、杭州悠聚
899989,阮寿国、阮仁义、顾庆伟、黎东荣、葛才丰、张雁冰、王生堂、万卿
15535855,鲜丹、蔡友弟、北京奕铭、王彤、尤光兴、邓振国、蔡小如、中山微远、于净、林松柏、叶成春
352254,四川省宜宾普什集团有限公司
16676090,本次发行股份及支付现金购买资产的交易对方，即度势体育全体股东陈维力、楼凌之、苏州顺势、陈妍、上海馨梓和上海立时
16278179,鲜丹、蔡友弟、北京奕铭、王彤、尤光兴、邓振国、蔡小如、中山微远、于净、林松柏、叶成春
2346264,数联铭品全体股东
19223567,北汽集团等36名合计持有北汽新能源100%股权的股东
395036,贵州盘江煤电有限责任公司、盘江煤电（集团）有限责任公司及贵州盘江煤电新井开发有限公司
202482,中航工业、机电公司、盖克机电及中国华融
14879161,蛟龙集团、云锋新创的合称
16896139,樟树市华希投资管理中心（有限合伙）、樟树市山水泉投资管理中心（有限合伙）
16865785,佳沃集团有限公司、西藏君和聚力投资合伙企业（有限合伙）、汤捷、方焰、谭小林
16865785,佳沃集团有限公司、西藏君和聚力投资合伙企业（有限合伙）
1649490,刘晓东、柳海彬、喻晓春、马晓华、温浩、张其忠、高原、谢霖、孙晓峰、万晓丽、曹磊、林丽莺、程显东、汪晓红等14名自然人和旌德投资、民勤投资等2家有限合伙企业
1649490,除刘晓东以外的巴克斯酒业股东
1840118,益亮有限公司（TrendyVictorLimited）
241180,天楹环保全体股东，包括严圣军、南通乾创、南通坤德、平安创新、上海复新、万丰锦源、上海裕复、太海联江阴、江阴闽海、成都加速器、宁波亚商、天盛昌达、盛世楹金、浙江弘银、柏智方德、金灿金道及新疆建信
19329823,康子工业、北京银来、河南秉鸿、宁波秉鸿、上海格晶
16731057,白云电气集团及桂林容乾、桂林容坤、桂林容通、桂林容智、桂林容慧、桂林容丰、桂林容华、桂林容兴、桂林容昌、桂林容盛、桂林容高、桂林容瞻、桂林容方、桂林容飞、桂林容腾、桂林容和、桂林容成
16874176,骅威文化、天津大拇指、曾飞、曾澍、程霄
16874176,舟山虹软、广州维动、深圳国金
360168,奥瑞德的45名股东
4921520,联众新能源、联美集团
4956024,观印象全体股东之合称
4956024,观印象全体股东之合称
1821202,均瑶集团、王均金、王均豪
2173133,自然人苏庭宝
16239047,郑剑波、腾跃投资、王瑕、朱永康、奇思投资、计划、华卓投资、汪剑、徐林生、信义华信、张佳、金伟国、李洪波、熊英、何自强、王永泉、王书维、张兆丽、王玮
16550995,程力栋、张辉、南京雪人、宁波皓望、北京丰实、宁波安丰、诸暨海讯、杭州智汇、上海君丰、深圳君丰、上海匀艺、上海怡艾、陈立强、袁广、齐立薇、周经、余杨等17名永乐影视的股东
15309462,乐华文化交易对方及募集配套资金认购方
1856484,联众新能源、联美集团
2171204,神州数码有限公司，一家注册于香港的公司，神码控股控制其100%权益
6122878,刘鹏、陈玉朕、李勇、骆梅娟、王文秀、伟业基石、张俊、叶正明、王军胜、陈峰
16223827,广东科捷龙机器人有限公司、广州水熊信息技术有限公司、曹一波、华和隆（深圳）实业有限责任公司、方萍、新余市创兴投资发展有限公司
1767520,才泓冰等35名自然人、中国高新、天津博信、陈剑栋、陈建英、刘涛、王同松、唐小波
1767520,才泓冰等35名自然人、中国高新、天津博信
1767520,陈剑栋、陈建英
1767520,刘涛、王同松、唐小波
1774832,曾卓、红杉资本、天忆创投、兆富投资、广州程功、悦达泰和、姚群、罗娟、南通锦融
1729499,懿康投资及王民雨
16171247,深圳市天富锦创业投资有限责任公司，曾用名深圳市天富锦投资有限责任公司
19342710,盾安控股、青鸟旅游、杭州秋枫、舟山如山、舟山新能、丰泉福能、舟山合众、宁波复信、宁波新锐
16264383,本次发行股份购买资产的交易对方，包括国药控股、畅新易达、康辰药业
1832842,中天科技集团和南通中昱
1850598,懿康投资及王民雨
1807589,易程（苏州）软件股份有限公司、苏州崇尚投资管理有限公司、苏州景鸿联创科技有限公司
1032795,宋敏敏、李怡敏
1713767,黄定中
15513578,上海外滩投资开发（集团）有限公司
1809332,拓享科技全体股东，即柯志鹏、洪茂良和孙晋雄
153866,同创投资、中亘基、景崎、景杰、景吉、景浩、景
1888455,坤拿商贸、上越投资
1708143,雅百特全体股东，即拉萨瑞鸿、拉萨纳贤、智度德诚
16290536,中植新能源以及烟台舒驰46名自然人股东，具体包括：于忠国、孙景龙、王同武、姜文涛、孙寿锐、宋绍武、姜同全、刘成学、方建刚、姜涛、衣明军、刘宏、于鹏远、谢光清、姜作典、王学录、赵学涛、杜言新、邢军、王志勇、凌万佐、韩桂佐、宫善良、蔡洪忠、高占进、单淑芸、李顺达、杨华强、杨桂亭、吴金霞、王志成、王学云、王洪祥、王冬荣、孙姿章、姜爱红、陈艳艳、车丽宁、徐祥荣、徐建东、王盛、王仁志、王化英、吕志海、刘松林、荆奎明。
15928166,朱朋儿、程爱娣、厉建华、朱青玲、朱世范
1090739,云南世博旅游控股集团有限公司
16262333,鲍杰军、黄建起、陈细、庞少机、吴桂周等共计持有欧神诺98.39%股权的52名股东
353761,每克拉美全体股东，包括天鸿伟业、广袤投资和自然人郝毅
310956,蔡红兵、冯利平、钟伟俊、张苗苗、马琴、马峰及北京汇成众邦科贸有限公司
2315036,北京慧聪建设信息咨询有限公司、西藏锐景慧杰创业投资合伙企业（有限合伙）
1587400,拉萨经济技术开发区闻天下投资有限公司
15804286,上优刀具21名股东，即叶志君、陈连军、鹰潭盛瑞、夏雪琴、叶梦娅、夏香云、叶君芬、陈领斐、朱云莲、叶君华、王建波、游奕跃、张旭、赵群英、郑如明、颜云莲、徐菊连、王斌、林雪芬、金兵德、林伯友
1842583,福马集团，其持有林海集团100%股权
1824569,柴琇、吉乳集团、广泽乳业投资、内蒙蒙牛
81209,姜仲杨、陆旻、韩军、上海完美、苏州龙跃
16306714,共青城浩翔投资管理合伙企业（有限合伙）、共青城建融壹号投资管理合伙企业（有限合伙）、宁波梅山保税港区福鹏宏祥柒号股权投资管理中心（有限合伙）
16680176,朱志刚、王健、上虞杭天、深圳霖枫以及徐波、上虞朱雀共6名交易对方
16680176,不超过5名特定投资者
1854417,万泽集团、中兴建设
16414871,贾跃峰、张杰明、周盛和深圳市华科泰瑞电子合伙企业（有限合伙）
16282618,郝志军、刘树军、郭彦军、高茂科、郭鑫、陈丹、尹志民、柴真、北京中盈信嘉科技发展中心（有限合伙）
312976,火溶信息除创时信和以外的全部股东，包括王伟峰、魏坤、李彬、原禾创业、青松投资、朱剑凌
363665,常正卿、崔自标
14785559,攀钢集团、鞍钢矿业
2365053,项海、任松洁、周立新、陈赵扬、孙玉珍、周建辉、杭州钱江中小企业创业投资有限公司
1553477,途乐投资、商友控股
1866510,贵州渔阳贸易有限公司
20404113,中粮集团、弘毅弘量、温氏投资、首农集团、结构调整基金、宁波雾繁、航发资产、上海国际资管
67111,途乐投资、商友控股
4958429,发行股份及支付现金购买资产的交易对方
1628468,深圳市华讯方舟科技有限公司
15950053,静安区国资委、厦门达沃斯、上海明捷、厦门西咸、厦门国锂、国能矿业、国能工业、东方国金的合称
15903535,发行股份及支付现金购买资产的交易对方以及配套融资认购方
15903535,联奕科技的全体股东，包括任刚、王莉丽、朱明武、瞿启云、戴力毅、金玉萍、刘丽华、齐嘉瞻等8名自然人股东及石河子鼎诺投资管理有限公司、广州奕力腾投资企业（有限合伙）、西藏思科瑞股权投资中心（有限合伙）、珠海横琴瀚鼎壹号股权投资合伙企业（有限合伙）等4家机构股东。
15903535,对联奕科技2017年、2018年和2019年业绩做出承诺并承担补偿义务的2位交易对方，即任刚、朱明武
4928426,国药控股、国药外贸及符月群等11名自然人、现代制药以及配套融资交易对方
4928426,理朝投资、平安资管、国药控股
1701254,华久辐条的股东江苏美乐投资有限公司
14472859,中国电子信息产业集团有限公司
16720631,龚伦勇、彭君、叶文新、王兴华、王静、沈伯宏、李钟南、樊文斌、陶明景、李兵、龙剑、曾武、叶飞虎、陈必军、马志敏、杨志
1565536,黄种溪、曾小俊、周路明、林嘉喜
19315092,宜昌东阳光药业股份有限公司
16182229,红楼集团有限公司及洪一丹等11名自然人
15658783,本次交易的交易对方包括发行股份购买资产的交易对方和募集配套资金认购方
15658783,无锡产业集团、无锡金投、赵振元、成都成达
20501426,王鸿娟、司文捷、王立山、严庆云、陈新、叶恒、高喜彬、谭意如、李蕴曦、杨明、张君锋、刘春玲、周洪涛、薛丽彬、顾宁、何玲玲、纪磊、刘萍、吴平、张伟亮、侯成、严庆久、郑艳春、赫广、尹世将、张涛、周建和、陈亮、高芳、王丹、杨嵩、钟卫军
20501426,王鸿娟、司文捷、王立山、严庆云、陈新、叶恒、高喜彬、谭意如、李蕴曦、杨明、张君锋、刘春玲、周洪涛、薛丽彬、顾宁、何玲玲、纪磊、刘萍、吴平、张伟亮、侯成、严庆久、郑艳春、赫广、尹世将、张涛、周建和、陈亮、高芳、王丹、杨嵩、钟卫军
16768073,戴云虎、宋志栋、陆晓英、安吉观禾、安吉鸿道、财开投资、德清凯拓、金投智信、安吉道禾
1652763,理工资产、理工创新、刘峰等39名理工雷科自然人股东及弘达伟业、雷科投资、科雷投资、雷科众投
16640750,刘建中、刘放中、唐蕊、新余湘匠、新余弘新睿。
150506,宏达矿业、孙志良、金天地集团、张中华、华潍膨润土
15876150,张泽军、王兴国、张川、郭振喜、杨波、谢东华、李燕、苏海军、张捷、张斌、沈珍、吕文杰、姚海、宣洁伟、李繁华、张顺、李斌、解晓娟、解长春、周焰、丁楠
15876150,张泽军、王兴国、张川、郭振喜、杨波、谢东华、李燕、苏海军、张捷、张斌、沈珍、吕文杰、姚海、宣洁伟、李繁华、张顺、李斌、解晓娟、解长春、周焰、丁楠
15572410,东盛集团、磐鑫投资、鼎盛金禾
16721221,长江汉翼、星宇有限、林周星澜、林周星涌、林周星源、林周星涟
20401055,BaltcapPrivateEquityFundL.P.，SasmexInvestmentsLimited，TiaraviaServicesLimited，TigriacoTradingLimited和NapantacoManagementLimited，且根据上下文具体语境，具体指称标的公司上述全体股东或部分股东
1635139,"深圳市金海马实业股份有限公司,公司法人实际控制人"
18773739,本次交易的全部交易对方，包括重大资产出售的交易对方、重大资产置换及发行股份购买资产的交易对方
18773739,本次交易的全部交易对方，包括重大资产出售的交易对方、重大资产置换及发行股份购买资产的交易对方
18773739,金志峰及金祖铭
18773739,天津奇信志成科技有限公司、周鸿祎等42名三六零科技股份有限公司的股东
18773739,天津奇信志成科技有限公司、周鸿祎等42名三六零科技股份有限公司的股东
16726110,徐湛元、邓雁栋
16726110,徐湛元、邓雁栋
1805340,南通产控
1714746,南山集团、上海南山
1808628,深圳市日升投资有限公司
1805507,徐先明、淮安明硕投利明信息咨询中心（有限合伙）、刘璐、何若萌
16520699,亚洲制药49名股东，分别是：6名法人股东迪耳投资、复星医药产业、中金石投资、天堂硅谷合众创业、亚东南工贸、金华合成；8名兼任董事、监事、高管职务自然人股东楼金、郑志勇、王瑜、陈趋源、王志昊、马艳蓉、蔡泓薇、邓平；35名自然人股东俞晧、俞昉、袁旭东、黄国兴、楼晓峰、陶致德、王善庆、何天立、李婧、姜二晨、贾江坪、许士炎、姜晴、孙静芸、鲍建跃、施向华、胡秀茶、卢金明、姜国平、韦天宝、王文金、王中平、万军、吕向炯、胡丰、舒和平、黎素贞、王玉平、金鑫、金圣煊、郑建民、厉新东、柴国林、赵青、高春儿
1149708,金城集团、中航投资
1900564,王敏等3人、濮瑜等5人、上海翔虎、舟ft旗捷、何泽基、刘想欢、南海集团、陈全吉等5人
1900564,王敏等3人、濮瑜等5人、上海翔虎、舟ft旗捷、何泽基、刘想欢、南海集团、陈全吉等5人
1900564,王敏等3人、濮瑜等5人
1900564,上海翔虎、舟ft旗捷
1900564,何泽基、刘想欢
1900564,南海集团、陈全吉等5人
14810793,普莱德于本次交易前的全体股东，即北大先行、宁德时代、福田汽车、北汽产投、青海普仁
1684775,大唐集团、地电公司、耒阳电厂
16443505,模塑集团、精力机械
4938345,吴冬华、程艳云、博飞信投资、瑞经达、凯腾瑞杰、明通投资、陈大龙、李晶、吴秀兰、常杰、王计斌及施伟
16968659,夏可才、谢国英
1721556,由守谊、厦门鲁鼎思诚股权投资管理合伙企业（有限合伙）、成都中核新材料股份有限公司和徐纪学
1685417,拉萨行动电子科技有限公司
2365981,范海林、王大成、谭军辉、蒋小春、李旺、章祺
15540904,新余北岸、周斌、程炳皓、嘉乐投资、嘉志投资、福鹏宏祥
1844681,陈同刚、张明、周正、金永全、胡轶俊共计5名自然人
20370186,新视界实业、林春光、上海聂弘、上海春弘
1851697,新光控股集团有限公司、自然人虞云新
1977155,西藏银亿投资管理有限公司
2369249,永丰兴业、广兴顺业、盛鑫元通、宝润通元、天合时代
285759,宇通客车本次发行股份及支付现金购买资产的交易对方，包括宇通集团、猛狮客车
1809825,晨光稀土、科百瑞和文盛新材交易对方中，除晨光投资、罗应春的其他各方。
1809825,西藏锦图唯一投资管理中心（有限合伙）等9名配套资金认购对象
1889919,北京能源投资（集团）有限公司
14737011,宁波开心投资有限公司
344307,中软金卡的全部股东，包括王益民、赵尔君、杨宏
15555639,江苏省国信资产管理集团有限公司
15555639,江苏舜天资产经营有限公司
1788369,广州超能投资有限公司，2015年更名为广东超能投资集团有限公司
1777500,太阳能公司全体股东合称
4948646,福马集团，其持有林海集团100%股权
16685515,胡金慰、李超
16519639,圣农实业、沈阳中和、福建德润、苏州天利、宁波圣峰、新圣合、上海映雪、嘉兴金台的合称
16519639,圣农实业、沈阳中和、福建德润、苏州天利、宁波圣峰、新圣合、上海映雪、嘉兴金台的合称
1569728,孙忠正、孙静、赵秀芳、刘晓明、万瑞昕、万光宝、杨波7名自然人，系青岛康平股东
10802633,美林控股、上海岳野、新疆梧桐、深圳珠峰、深圳中欧、权葳、张昊、曹乐生
2382212,施忠清、李凤英夫妇、富银投资及融银投资
1807353,无锡产业集团、无锡金投、赵振元、成都成达
15540901,四川发展兴城股权投资基金合伙企业（有限合伙）
403267,高琍玲、杨志峰、杨生哲、高润之和新光股权投资
20365687,发行股份购买资产交易对方及募集配套资金交易对方
20365687,数智源交易对方及明日实业交易对方
20365687,戴元永、邵卫、颜家晓、博雍一号、誉美中和、晟文投资、苏蓉蓉、东方网力、张敬庭、誉美中和二期、龙澜投资、共青城添赢
20365687,罗德英、杨祖栋、明日欣创、杨芬、谢永斌、陈洪军
15462286,西藏万雨、京江美智、上海万未、王锐、汪鸿海、陈荣龙、万海闽、张磊
15816528,赵佳生、赵燕萍、刘萍、华夏人寿
1785180,ft东冠县鑫隆建筑材料有限公司
15790205,鲁剑、李练及西藏炎龙
2041429,蔡彤、王卓颖、毛海峰、马立凡、上实上投领华投资
15919922,北京能源集团有限责任公司（曾用名：北京能源投资（集团）有限公司）
16694680,白云电气集团及桂林容乾、桂林容坤、桂林容通、桂林容智、桂林容慧、桂林容丰、桂林容华、桂林容兴、桂林容昌、桂林容盛、桂林容高、桂林容瞻、桂林容方、桂林容飞、桂林容腾、桂林容和、桂林容成
15840623,AxleATLCaymanLimited、亚新科(中国)投资有限公司、ASIMCOTechnologiesHongKongLimited、ASIMCOTechnologiesLimited
15840623,AxleATLCaymanLimited、亚新科(中国)投资有限公司、ASIMCOTechnologiesHongKongLimited、ASIMCOTechnologiesLimited
15840623,AxleATLCaymanLimited、亚新科(中国)投资有限公司、ASIMCOTechnologiesHongKongLimited、ASIMCOTechnologiesLimited
20259872,周利飞、廖鹏、潘悦然、李璞、杜川、欧阳志羽6名自然人
14550884,福马集团，其持有林海集团100%股权
227820,蓝光集团、平安创新资本、杨铿
227820,蓝光集团、平安创新资本、杨铿
20200943,朱明、海通数媒、贝琛网森、朗泽稳健、优美缔、王小川、孙宝娟和国鸿智臻
16559057,陈宝华、张嘉平等17位自然人和苏州荻溪文化创意产业投资中心（有限合伙）、嘉兴市兴和股权投资合伙企业（有限合伙）等6家机构
1065122,北京盛达、红烨投资、王彦峰、王伟
14725278,攀钢集团、鞍钢矿业
167780,刚泰矿业
167780,刚泰矿业、大地矿业和刚泰投资咨询的总称
167780,资产出售交易对方和资产购买交易对方的总称
16879006,BühlerHoldingAG
279201,张有平、凤凰财富和惠旭财智
16251043,祖国良、祖兴男
16251043,京源科技、王伟、其他配套资金认购方，合计不超过10名
317952,黄晓东、姜峰、由烽、邢枫、王建、郑春林、任守胜、蒋顺兵、冷继照、吕守军
1739383,高投置业、高投资管
20295477,霍尔果斯神州易桥股权投资合伙企业（有限合伙）
1769432,钱仁清等19名格锐环境股东
1887111,科博德奥、上海立溢、金科高创、金科同利
284081,DearbornMid-WestConveyorCo.
1774701,集银科技全体股东，即施忠清、李凤英、富银投资和融银投资
15746395,泰坦新动力的股东王德女、李永富和泰坦电力电子集团
9871262,刘志峰
9871262,易刚晓、广发信德、复兴长征、珠海康远及肖倚天等18名自然人
15557055,中国信达资产管理股份有限公司
1483811,本次交易的对方，蚌埠玻璃工业设计研究院
9898835,国农科技通过产权交易所转让所持北京国农置业99%股份的拟受让方
15732191,恒力投资的股东范红卫、恒能投资；恒力炼化的股东恒能投资、恒峰投资
1665879,陆初东、钱玉军
1675820,重庆玖威医疗科技有限公司、李伟
1133872,黑龙江北大荒农垦集团总公司
19299821,易增辉、林木顺、张荷花、吴常念、汪学刚、吴义华、林洪钢、唐世容、姚宗诚、陈乐桥、邹林、周云
16926675,沈国军、王水、程少良、上海趵虎投资管理中心（有限合伙）、上海澜聚企业管理中心（有限合伙）、上海巢盟企业管理中心（有限合伙）、上海温悟企业管理中心（有限合伙）、共青城润达投资管理合伙企业（有限合伙）
1296496,中航工业、机电公司、盖克机电及中国华融
392835,上海锦江国际酒店（集团）股份有限公司及其子公司上海锦江饭店有限公司
1569052,李诗定、许晓荣
9884329,樟树市伊尔美投资管理中心（有限合伙）、樟树市港华投资管理中心（有限合伙）
1851519,北京电控、圆合公司、七星集团、微电子所
1851519,国家集成电路基金、京国瑞基金、芯动能基金
15536335,明德控股、嘉强顺风、招广投资、元禾顺风、古玉秋创、顺达丰润、顺信丰合的统称
16760027,重庆医药的22名股东，即重庆化医控股（集团）公司、深圳茂业（集团）股份有限公司、茂业商业股份有限公司、重庆战略性新兴产业医药专项股权投资基金合伙企业（有限合伙）、天津天士建发生物科技发展合伙企业（有限合伙）、上海复星医药（集团）股份有限公司、广州白云山医药集团股份有限公司、重庆渤溢新天股权投资基金合伙企业（有限合伙）、西南药业股份有限公司、重庆太极药用动植物资源开发有限公司、重庆市铁路自备车有限公司、成都通德药业有限公司、厦门鱼肝油厂、桂林南药股份有限公司、重庆市中医院、太极集团重庆桐君阁药厂有限公司、成都禾创药业集团有限公司、四川蓝光发展股份有限公司、杨文彬、吴正中、黄文、王健
16760027,重庆医药的22名股东，即重庆化医控股（集团）公司、深圳茂业（集团）股份有限公司、茂业商业股份有限公司、重庆战略性新兴产业医药专项股权投资基金合伙企业（有限合伙）、天津天士建发生物科技发展合伙企业（有限合伙）、上海复星医药（集团）股份有限公司、广州白云山医药集团股份有限公司、重庆渤溢新天股权投资基金合伙企业（有限合伙）、西南药业股份有限公司、重庆太极药用动植物资源开发有限公司、重庆市铁路自备车有限公司、成都通德药业有限公司、厦门鱼肝油厂、桂林南药股份有限公司、重庆市中医院、太极集团重庆桐君阁药厂有限公司、成都禾创药业集团有限公司、四川蓝光发展股份有限公司、杨文彬、吴正中、黄文、王健
1722561,陆初东、钱玉军
438658,冶金集团、阿鲁国际、中烟物资、驰宏锌锗、铁投恒维、冶金投资
15587477,吴冬华、程艳云、博飞信投资、瑞经达、凯腾瑞杰、明通投资、陈大龙、李晶、吴秀兰、常杰、王计斌及施伟
1804564,四川富临实业集团有限公司
1667557,中期集团等7名交易对方
16160716,齐心、王永新、江海、缪蔚、赵明
16160716,齐心、王永新、江海、缪蔚、赵明
16932709,湖南海盈科技有限公司、湖南科富投资管理企业（普通合伙）、江西科富企业管理中心（有限合伙）、李新海、王峰、北京丰图投资有限责任公司、株洲兆富成长企业创业投资有限公司、湖南兆富投资控股（集团）有限公司、刘同良、殷英、李玉才、北京世纪同创资本投资合伙企业（有限合伙）以及杨春锦等13方
1739473,张玉祥、江苏高投及胡美珍
1739473,南极电商全体股东
1739473,香溢融通（浙江）投资有限公司管理的香溢专项定增1-3号私募基金
812953,峰峰集团、邯矿集团、张矿集团
1805180,刘树海、曹霖、徐峰、王维虎、汇众嘉利、姚晨等10名自然人、美欣达、食品化工、芮勇
1805180,刘树海、曹霖、徐峰、王维虎、汇众嘉利、姚晨等10名自然人
1805180,美欣达、食品化工、芮勇
18275569,马晓、刘德辉、郭子明、林崇俭、王志中、王志宏、李卫锋、周小军和李曼玉瑞泽石化全体9名股东
18275569,马晓、刘德辉、郭子明、林崇俭、王志中、王志宏、李卫锋、周小军和李曼玉瑞泽石化全体9名股东
1839057,海纳宏源投资有限公司
888298,北大国际医院集团有限公司
9889632,深圳前海复星长歌时尚产业投资基金（有限合伙）
19316032,本次交易的交易对方：华融瑞通、中原资产、新华保险、结构调整基金、太保财险、中国人寿、人保财险、工银投资、东富天恒
15516740,北京海纳川汽车部件股份有限公司、诺德科技股份有限公司、北京汽车集团有限公司
279195,林正刚等12名自然人、南海成长等3家机构，富阳实业
15487441,罗伟广、前海喜诺、至尚投资、纳兰德基金
15487441,发行股份购买资产交易对方及募集配套资金发行对象
1821943,张龙、王宇新、马大鹏和逄宇峰；世茂影院投资发展有限公司
20220314,理工华创股东理工资产、理工创新、基石仲盈、航天科工创投及林程等26名自然人
1833874,迹象信息、徐佳亮、徐晓峰
1764974,上海现代建筑设计（集团）有限公司
311311,自然人苏庭宝
15475593,仪电集团、飞乐音响、上海贝岭
16428984,本次交易前富诚达的全体股东，即文忠泽、张敬明、董小林、深圳市富众达投资合伙企业（有限合伙）
15979697,"Newegg股东TallyLiu、ChihChouWang“Eric”、WenLi“Victor”、WilliamLee“Hip”、ChangChungRu“Ben”、TimMaudlin、GregMoore、FredChang、TekhillUSALLC、CrystalClarityLtd.、InsightVenturePartnersV,L.P.、InsightVenturePartners(Cayman)V,L.P.、InsightVenturePartnersV(EmployeeCo-Investors),L.P.、InsightVenturePartnersVCoinvestmentFund,L.P.、SVBFinancialGroup、Mao-chuanShieh、KenLam、HowardTong"
18876930,周才华、李海霞、徐征英
2365972,徐正军、王金根、北京众诚、深圳金蝶、苏州松禾、广州西域、曹锋、邓国庭
1750116,泛海控股股份有限公司
10795526,本次交易的交易对方包括李怀状、云众投资、刘晶、林丽仙、横琴安赐、汪坤、融誉投资、门庆娟
18892265,姚世娴、关本立、钟子春、叶叙群、钟师、欧闯、邹颖思、姚峰英与樟树市睿科投资管理中心（有限合伙）
18892265,上海华谊（集团）公司、上海三爱富新材料科技有限公司与常熟三爱富氟源新材料有限公司
18892265,拟购买资产交易对方与拟出售资产交易对方
16360507,方炎林、李培勇、张彦彬、赵宏田、周松庆、王有禹、胡兵、王崟、莫懿、汤臣倍健、长园盈佳、播谷投资、深圳电广、睿日投资、尽皆投资、齐一投资
16360507,方炎林、李培勇、张彦彬、赵宏田、周松庆、王有禹、胡兵、王崟、长园盈佳、深圳电广
16360507,莫懿、汤臣倍健、播谷投资、睿日投资、尽皆投资、齐一投资
15833283,刘田、林洁、张晓晋、李彬、陆斌斌、徐斌、要嘉佳、赵铁路、茂林泰洁、新中吉文、达孜时潮、东银玉衡、伟业策略、瑞德投资、太合达利、执一爱佳、西藏利禾
1859574,闻天下、WingtechLimited与CHL
4944723,金创盈、金塑创投、陈烈权、广信投资、卞晓凯、王全胜、张忠、万联天泽、康远投资
1778437,天津嘉颐实业有限公司
918255,吉林金泉宝ft药业集团股份有限公司，本次重组前，为吉林制药第二大股东
1800735,蓝鼎实业（湖北）有限公司
16720655,陈巍、陈公岑、上海鑫迅浦企业管理中心（有限合伙）
19275425,秦毅、钟小春、王正和宁波梅山保税港区逐鹿投资管理合伙企业（有限合伙）
16294450,周才华、李海霞、徐征英
19238782,光环控股、云创投资、国创投资、金福沈
16108837,1、北京祺创投资管理中心（有限合伙）；2、张桔洲；3、吴瑞敏；4、张耀东；5、北京易车信息科技有限公司；6、苟剑飞；7、霍尔果斯智诺股权投资管理合伙企业（有限合伙）；8、汤雪梅；9、张彬；10、北京一百动力科技中心（有限合伙）；11、于辉；12、杭州好望角引航投资合伙企业（有限合伙）
16108837,1、北京祺创投资管理中心（有限合伙）；2、张桔洲；3、吴瑞敏；4、张耀东；5、北京易车信息科技有限公司；6、苟剑飞；7、霍尔果斯智诺股权投资管理合伙企业（有限合伙）；8、汤雪梅；9、张彬；10、北京一百动力科技中心（有限合伙）；11、于辉；12、杭州好望角引航投资合伙企业（有限合伙）
16108837,1、北京祺创投资管理中心（有限合伙）；2、张桔洲；3、吴瑞敏；4、张耀东；5、北京易车信息科技有限公司；6、苟剑飞；7、霍尔果斯智诺股权投资管理合伙企业（有限合伙）；8、汤雪梅；9、张彬；10、北京一百动力科技中心（有限合伙）；11、于辉；12、杭州好望角引航投资合伙企业（有限合伙）
16108837,指
1190560,北京京能国际能源股份有限公司
16559818,地产集团
16843092,刘英魁、嘉语春华、嘉惠秋实
2324699,陆家嘴集团、前滩集团、土控集团
1596637,安徽皖维集团有限责任公司
1826422,蔡彤、王卓颖、毛海峰、马立凡、上实上投领华投资
1229783,厦门象屿集团有限公司与厦门象屿建设集团有限责任公司
18844359,邱建平、虞文彪、徐根友、江益、徐惠亮、董培纯、陶建锋、黄晓宇、吴秀英、王春燕、王向晨、潘明海、何俊、游春荷、石洪武、李博、冉建华、刘培如、贺令军、周亚丽、陈强、谢琼、苟庆、饶道飞、彭泽文、高炳光、陈建华、汪吉祥、方小波、马燕、秦博、刘学武、许晨坪、宝盈基金-长城证券-宝盈新三板盈丰5号特定多客户资产管理计划、苏州睿翼投资企业（有限合伙）、天阳建设集团有限公司和苏州子竹十一号投资企业（有限合伙）
783801,刘亮、代琳、大连卓皓贸易有限公司
19315747,子衿管理、迅游管理、摩尔管理、米莉管理、李秋豪、利方投资、万慧畅管理、银穗资产
20525891,芒果传媒、芒果海通、厦门建发、上海国和、联新资本、湖南文旅、光大新娱、广州越秀、芒果文创、建投华文、上海骏勇、中核鼎元、西藏泰富、中南文化、成长文化和上海骅伟的统称
20525891,芒果传媒、芒果海通、厦门建发、上海国和、联新资本、
20525891,芒果传媒、芒果文创、西藏泰富、中南文化、成长文化和上海骅伟的统称
443619,荣盛控股
278762,本次交易前智翔信息全部16名股东
16144252,森工集团、睿德嘉信、泉阳林业局、赵志华、上海集虹、陈爱莉、赵永春
2158646,宁波峰梅实业有限公司、申重行、LowTaiHuat（罗大发）和上海泛石投资咨询企业（有限合伙）
4942183,驿安投资、淳贺投资、林伟及乔银玲
4942183,鼎亮翊翔、驿安投资、淳贺投资、林伟及乔银玲
203885,欧亚云、欧亚峰、罗兵辉、李洪辉、朱平正、胡观辉、周海蓉、吴波、郭华定等九名自然人和瑞鹅投资，系本次发行股份购买资产之交易对象
15527701,本次交易的交易对方，包括中船集团和常熟聚沙
681722,圣农实业、富广源
1847239,润泽投资、世通达世
16951947,中国经贸船务有限公司
15774917,博德科技现有股东，即温州博德真空镀铝有限公司、王策、黄明金
15774917,博德科技现有股东，即温州博德真空镀铝有限公司、王策、黄明金
15774917,博德科技现有股东，即温州博德真空镀铝有限公司、王策、黄明金
1342506,自然人张秀珍、张建华、江海标、王佺、吕兴
16818861,品田投资
445232,龙彧、胡伟东、邱晖、殷强、郑垚、杨翼卓、威视投资、汇金众合及威肯北美
2355768,汉柏科技的现有所有股东，即工大高总、银世代等28家机构及彭海帆等12名自然人
366739,赵世界、杨海根、赵广新、常州来邦
18297515,四川温资房地产开发投资有限公司
86662,哈药集团股份有限公司
1820811,黄小榕、杨锋等快云科技全体股东，张冬、盛勇等兆荣联合全体股东
16739905,重组交易对方和配套融资认购方
16739905,盾安控股、青鸟旅游、杭州秋枫、舟山如山、舟山新能、丰泉福能、舟山合众、宁波复信、宁波新锐
1838613,美林控股、上海岳野、新疆梧桐、深圳珠峰、深圳中欧、权葳、张昊、曹乐生
1806606,葛顺长或葛顺长控制的公司
288885,兴源控股及钟伟尧等11名自然人
16327499,远为投资、新华联控股
4919973,郑明钗、鑫祥景、傅重阳、陈海明、涟新建材、涟深建材
9892836,海航基础控股集团有限公司
20198723,BühlerHoldingAG
15511127,四川发展兴城股权投资基金合伙企业（有限合伙）
16520233,马晓、刘德辉、郭子明、林崇俭、王志中、王志宏、李卫锋、周小军和李曼玉瑞泽石化全体9名股东
16520233,马晓、刘德辉、郭子明、林崇俭、王志中、王志宏、李卫锋、周小军和李曼玉瑞泽石化全体9名股东
19660888,现代农业集团等向新五丰出售标的资产的标的公司股东
1805432,苏州古玉邦容股权投资合伙企业（有限合伙）、上银基金管理有限公司、李关宝、卜波
16213679,泰坦新动力的股东王德女、李永富和泰坦电力电子集团
16250690,周才华、李海霞、徐征英
1674352,发行股份购买资产并募集配套资金之交易对方
1847716,刘鹏、陈玉朕、李勇、骆梅娟、王文秀、伟业基石、张俊、叶正明、王军胜、陈峰
15599757,通威集团有限公司
203094,自然人张秀珍、张建华、江海标、王佺、吕兴海
1746816,截至评估基准日，中电兴发全体股东
18754790,王鸿娟、司文捷、王立山、严庆云、陈新、叶恒、高喜彬、谭意如、李蕴曦、杨明、张君锋、刘春玲、周洪涛、薛丽彬、顾宁、何玲玲、纪磊、刘萍、吴平、张伟亮、侯成、严庆久、郑艳春、赫广、尹世将、张涛、周建和、陈亮、高芳、王丹、杨嵩、钟卫军
18754790,王鸿娟、司文捷、王立山、严庆云、陈新、叶恒、高喜彬、谭意如、李蕴曦、杨明、张君锋、刘春玲、周洪涛、薛丽彬、顾宁、何玲玲、纪磊、刘萍、吴平、张伟亮、侯成、严庆久、郑艳春、赫广、尹世将、张涛、周建和、陈亮、高芳、王丹、杨嵩、钟卫军
16942066,廖良茂、田小琴、曾祥洋、胡继红、吴讯英、苏丽萍、罗国莲、刘晓辉、梁炳基、孔庆涛、蔡诗柔、林锐泉、符新元、苏金贻、邓泽林、王赤昌16位自然人及众旺昕、森昕投资、泓锦文并购、盛创置业4家机构
16942066,廖良茂、田小琴、曾祥洋、胡继红、吴讯英、苏丽萍、罗国莲、刘晓辉、梁炳基、孔庆涛、蔡诗柔、林锐泉、符新元、苏金贻、邓泽林、王赤昌16位自然人及众旺昕、森昕投资、泓锦文并购、盛创置业4家机构
356827,资产出售交易对方和资产购买交易对方的总称
1824136,川开集团以及简兴福等53名自然人
1824136,简兴福、华夏基金管理有限公司、珠海乾鑫投资合伙企业（有限合伙）
15300655,方炎林、李培勇、张彦彬、赵宏田、周松庆、王有禹、胡兵、王銮、长园盈佳、深圳电广
15300655,莫懿、汤臣倍健、播谷投资、睿日投资、尽皆投资、齐一投资
16856789,福建卓丰投资合伙企业（有限合伙）
1819509,宁国运公司、信达资产、神华宁煤、华电国际和宁夏能源铝业
16406807,袁伍妹、重庆金嘉兴
1458371,荀建华、荀建平、姚志中、博华投资以及建银光电等本次重组前的亿晶光电全部股东
16731116,秦毅、钟小春、王正和宁波梅山保税港区逐鹿投资管理合伙企业（有限合伙）
15549115,樟树市牛杜投资管理中心（有限合伙）
215951,李卫伟、曾开天
370629,郭柏峰、潘胜阳、孙宇辉、肖菡、宁波华夏嘉源管理咨询有限公司、颐高集团有限公司、浙江华峰科技开发有限公司
1861436,海南港航控股有限公司
82036,哈药集团股份有限公司
7176433,铁城信息的全体股东，即姜铁城、张金路、GregoryIlyaMcCrea
1633583,中再资源控股股东大连大显集团有限公司
888288,北大国际医院集团有限公司
1647230,中再资源控股股东大连大显集团有限公司
1837392,深圳柏健股东赵崇勤、赵燕莲
1837392,深圳海威思股东李海军、孙磊
1837392,深圳柏健股东、深圳海威思股东，即交易对方一及交易对方二
16381026,上海亿桌、宁波景丰和和吴丽珠
80297,中国水产有限公司
2048451,富通空调本次售股股东：包括牡丹江华通、中静创投、国盛华兴、鑫汇资产及30名自然人股东
12032138,朱朋儿、程爱娣、厉建华、朱青玲、朱世范
313392,中软金卡的全部股东，包括王益民、赵尔君、杨宏
509520,深圳茂业商厦有限公司
4937382,北京德宝恒生贸易有限公司
2341318,苏高新集团、国资公司
19274799,杨建华、巢琴仙、叶现军、徐子根、杨华、李卫东、朴海连、钱建伟、陆博伟、朱红娟等金牛研磨全体股东
19274799,杨建华、巢琴仙、叶现军、徐子根、杨华、李卫东、朴海连、钱建伟、陆博伟、朱红娟
19320059,李海建、嘉鹏九鼎、涵德基金、华信睿诚、王玉强、嘉仁源、远致创业、富源恒业、王翠
1804923,于平、翁远、许磊、董艳和赵春花5名自然人
15828896,经纬中耀、李艳章、杨树先、北树民、楼华、葛秀芳、姚水龙、王征宇、王俊辉、马秀梅、张凯申、周萍
81909,张国桉、蒋芙蓉夫妇
15612609,北京海纳川汽车部件股份有限公司、诺德科技股份有限公司、北京汽车集团有限公司
1835511,胡靖、张南、许飞、居国进、郭继冬、张少东、胡其玲、张莹、东方飞马
15779935,广东科捷龙机器人有限公司、广州水熊信息技术有限公司、曹一波、华和隆（深圳）实业有限责任公司、方萍、新余市创兴投资发展有限公司
16756799,现代农业集团等向新五丰出售标的资产的标的公司股东
2187628,DevotionEnergyGroupLimited
1710589,齐鲁科力现有股东高步良等49名自然人
18286318,李朱、李冬梅、同仁投资、启仁投资、林机、吕俊、纳合诚投资、至善投资、嘉逸投资、德正嘉成、澜亭投资、吾湾投资、金俊投资、乾亨投资共十四方
18286318,李朱、同仁投资、启仁投资、吕俊、纳合诚投资、至善投资、嘉逸投资、德正嘉成、澜亭投资、吾湾投资、金俊投资共十一方
350864,东蓝商贸等18名东蓝数码股东和张俊峰等36名天云科技股东
14317240,李轶强、刘文楠、尹江玲、史雪丹、锐思海融、常州蜂鸟
1660028,王伟权、彭小玲；如同时提及配套募集资金时，指TCL、温氏投资、员工持股计划、杜建国和常宝
9025380,国金聚富
1818914,本次交易的股权受让方，指万家集团和自然人林和国
6424904,宁波舟ft港集团有限公司
1771010,新疆天业（集团）有限公司
16273038,拟购买的上海申龙客车有限公司100%股权交易对方为上海辉懋企业管理有限公司，拟购买的四川旭虹光电科技有限公司100%股权交易对方为东旭集团有限公司、绵阳科技城发展投资（集团）有限公司和四川长虹电器股份有限公司
16273038,拟购买的上海申龙客车有限公司100%股权交易对方为上海辉懋企业管理有限公司，拟购买的四川旭虹光电科技有限公司100%股权交易对方为东旭集团有限公司、绵阳科技城发展投资（集团）有限公司和四川长虹电器股份有限公司
1035840,中建股份、中建一局、中建二局、中建三局、中建四局、中建五局、中建六局及中建八局
16932441,广东润星科技股份有限公司全体股东，即周文元、王赫、黄仕玲、黄丛林
14757552,李轶强、刘文楠、尹江玲、史雪丹、锐思海融、常州蜂鸟
16740017,山南弘扬投资管理有限公司、上海双鹰投资管理有限公司、王素萍
16740017,山南弘扬投资管理有限公司、上海双鹰投资管理有限公司、王素萍
1215650,威远集团
1215650,赵美光、赵桂香、赵桂媛、刘永峰、任义国、马
1711403,李文德等8名杭州藏愚科技有限公司的股东
2300025,唐新亮、宽客投资、沁朴投资、骏琪投资、鼎泰投资、文建红、张建强和江苏中茂
1902641,中钢制品工程、中钢热能院、冶金矿业及中钢股份
602106,洛阳伊众的股东臧显文、査伊培、洛阳拓垠、河南创新、远辰国际、远东控股、郑州宇通、天津和灵、上海中汇金。
690400,博杰广告除蓝色光标以外的全体股东，包括李芃、刘彩玲、博杰投资、博萌投资
1857162,中国洛阳浮法玻璃集团有限责任公司，为洛阳玻璃控股股东
16202475,爱铂控股、鲍正梁
16430080,发行股份及支付现金购买资产的交易对方以及配套融资认购方
16430080,联奕科技的全体股东，包括任刚、王莉丽、朱明武、瞿启云、戴力毅、金玉萍、刘丽华、齐嘉瞻等8名自然人股东及石河子鼎诺投资管理有限公司、广州奕力腾投资企业（有限合伙）、西藏思科瑞股权投资中心（有限合伙）、珠海横琴瀚鼎壹号股权投资合伙企业（有限合伙）等4家机构股东。
16430080,对联奕科技2017年、2018年和2019年业绩做出承诺并承担补偿义务的2位交易对方，即任刚、朱明武
16430080,指
1838013,TCL多媒体科技控股有限公司，股票代码：1070.HK
15772081,深圳前海复星长歌时尚产业投资基金（有限合伙）
15813710,广州铭诚计算机科技有限公司本次交易前的股东朱岳标、缪坤民、徐晶晶
20548497,福建和其昌竹业股份有限公司全体股东、连城县朝翔竹木有限公司全体股东
784037,天津壳木的股东李毅、李章晶、高宇扬、戴志康与天津骆壳
1864275,徐正军、王金根、北京众诚、深圳金蝶、苏州松禾、广州西域、曹锋、邓国庭
1593542,任杭中、杨广水、杨燕、王利平等4名自然人，系灵云传媒股东
15880364,鲁剑、李练及西藏炎龙
18892337,佳沃集团有限公司、西藏君和聚力投资合伙企业（有限合伙）、汤捷、方焰、谭小林
18892337,佳沃集团有限公司、西藏君和聚力投资合伙企业（有限合伙）
16694605,廖良茂、田小琴、曾祥洋、胡继红、吴讯英、苏丽萍、罗国莲、刘晓辉、梁炳基、孔庆涛、蔡诗柔、林锐泉、符新元、苏金贻、邓泽林、王赤昌16位自然人及众旺昕、森昕投资、泓锦文并购、盛创置业4家机构
16694605,廖良茂、田小琴、曾祥洋、胡继红、吴讯英、苏丽萍、罗国莲、刘晓辉、梁炳基、孔庆涛、蔡诗柔、林锐泉、符新元、苏金贻、邓泽林、王赤昌16位自然人及众旺昕、森昕投资、泓锦文并购、盛创置业4家机构
16085080,浙江交通集团、浙江国资公司、中航成套、汇众壹号、汇众贰号
1812227,中天科技集团和南通中昱
16866045,宁波圣洲投资管理有限公司
16228190,国家电力投资集团公司
18291650,美欣达集团、重庆财信、新龙实业、永兴达实业及陈雪巍
16640074,华威集团、香港盈昱、宝生投资、吉泰龙
89106,兴源控股及钟伟尧等11名自然人
19338924,王鸿娟、司文捷、王立山、严庆云、陈新、叶恒、高喜彬、谭意如、李蕴曦、杨明、张君锋、刘春玲、周洪涛、薛丽彬、顾宁、何玲玲、纪磊、刘萍、吴平、张伟亮、侯成、严庆久、郑艳春、赫广、尹世将、张涛、周建和、陈亮、高芳、王丹、杨嵩、钟卫军
19338924,王鸿娟、司文捷、王立山、严庆云、陈新、叶恒、高喜彬、谭意如、李蕴曦、杨明、张君锋、刘春玲、周洪涛、薛丽彬、顾宁、何玲玲、纪磊、刘萍、吴平、张伟亮、侯成、严庆久、郑艳春、赫广、尹世将、张涛、周建和、陈亮、高芳、王丹、杨嵩、钟卫军
15519795,范海林、王大成、谭军辉、蒋小春、李旺、章祺
16323710,本次重组中发行股份及支付现金购买资产的交易对方，具体指黄奕彬、黄壁芬、张广顺、黄育丰、范奕勋、郑焕坚、黄文凤、陈昱、陈峻明、哈尔滨菲利杜豪贸易有限公司、哈尔滨法瑞尔贸易有限公司、瑞金市博远投资有限公司、天津飓风文化产业投资合伙企业（有限合伙）珠海市横琴三物产业投资基金（有限合伙）、深圳熙海投资合伙企业（有限合伙）、深圳领秀奇乐投资管理有限公司
1817217,中国蓝星（集团）股份有限公司
1757763,坤拿商贸、上越投资
16762757,刘田、张晓晋、李彬、茂林泰洁、新中吉文、达孜时潮、陆斌斌、徐斌、东银玉衡、伟业策略、瑞德投资、要嘉佳、赵铁路、西藏利禾、太合达利、执一爱佳
16762757,刘田、张晓晋、李彬、茂林泰洁、新中吉文、达孜时潮、陆斌斌、徐斌
163067,刚泰矿业
163067,刚泰矿业、大地矿业和刚泰投资咨询的总称
163067,资产出售交易对方和资产购买交易对方的总称
333678,大唐集团、地电公司、耒阳电厂
4938082,博升优势以及中国移动、银联商务
4938082,博升优势以及中国移动、银联商务
16735098,中国经贸船务有限公司
14673375,海南港航控股有限公司
15031991,徐正军、王金根、北京众诚、深圳金蝶、苏州松禾、广州西域、曹锋、邓国庭
15895354,沈国军、王水、程少良、上海趵虎投资管理中心（有限合伙）、北京惠为嘉业投资有限公司、上海澜聚企业管理中心（有限合伙）、上海巢盟企业管理中心（有限合伙）、上海温悟企业管理中心（有限合伙）、共青城润达投资管理合伙企业（有限合伙）
16298544,购买资产之交易对方及募集配套资金之交易对方
16298544,肖亮、新余畅游咨询管理合伙企业（有限合伙）、陈遂仲、陈遂佰、肖明、新余聚游管理咨询合伙企业（有限合伙）
20385170,浩物机电及浩诚汽车
15575501,八大处控股集团有限公司
1803021,发行股份购买资产的交易方上海镕尚和中信夹层以及配套融资的认购方之一华联集团
16618881,浙江交通集团、浙江国资公司、中航成套、汇众壹号、汇众贰号
16827170,邱建平、虞文彪、徐根友、江益、徐惠亮、董培纯、陶建锋、黄晓宇、吴秀英、王春燕、王向晨、潘明海、何俊、游春荷、石洪武、李博、冉建华、刘培如、贺令军、周亚丽、陈强、谢琼、苟庆、饶道飞、彭泽文、高炳光、陈建华、汪吉祥、方小波、马燕、秦博、刘学武、许晨坪、宝盈基金-长城证券-宝盈新三板盈丰5号特定多客户资产管理计划、苏州睿翼投资企业（有限合伙）、天阳建设集团有限公司和苏州子竹十一号投资企业（有限合伙）
289832,王新、李勇
4942101,张继武、雷新刚、赵达
289003,资产出售受让方和购入资产出售方
750690,中国长城资产管理公司
2384921,蔡志奇、金焱、刘枫、吴宗策四人
1311268,中建股份、中建一局、中建二局、中建三局、中建四局、中建五局、中建六局及中建八局
1843545,国网电力科学研究院
83591,梁家荣
20540642,"香港瑞闽投资有限公司（HONGKONGRUIMINGINVESTMENTCO.,LTD）"
1390651,北京北大国际医院集团有限公司
1827384,张志永
16004935,本次发行股份及支付现金购买资产的交易对方为金桥水科全体股东。金桥水科的股东包括王刚、叶泉、潘力成、吴芳、何雨浓、康党辉、唐燕、阎淑梅、张添盛、杜安莉、付连艳、信建伟、李志坤、靳新平、阎兆龙、阎增玮、张雪文、韩国锋、秦臻、张锐娟、蔡科、李朝、王海英、聂金雄合计24名自然人及海德兄弟、盛达矿业、浩江咨询、聚丰投资、甘肃战略产业基金合计5家机构。
16004935,本次发行股份及支付现金购买资产的交易对方为金桥水科全体股东。金桥水科的股东包括王刚、叶泉、潘力成、吴芳、何雨浓、康党辉、唐燕、阎淑梅、张添盛、杜安莉、付连艳、信建伟、李志坤、靳新平、阎兆龙、阎增玮、张雪文、韩国锋、秦臻、张锐娟、蔡科、李朝、王海英、聂金雄合计24名自然人及海德兄弟、盛达矿业、浩江咨询、聚丰投资、甘肃战略产业基金合计5家机构。
16004935,本次发行股份及支付现金购买资产的交易对方为金桥水科全体股东。金桥水科的股东包括王刚、叶泉、潘力成、吴芳、何雨浓、康党辉、唐燕、阎淑梅、张添盛、杜安莉、付连艳、信建伟、李志坤、靳新平、阎兆龙、阎增玮、张雪文、韩国锋、秦臻、张锐娟、蔡科、李朝、王海英、聂金雄合计24名自然人及海德兄弟、盛达矿业、浩江咨询、聚丰投资、甘肃战略产业基金合计5家机构。
16004935,不超过5名（含5名）的特定对象
15658625,明德控股、嘉强顺风、招广投资、元禾顺风、古玉秋创、顺达丰润、顺信丰合的统称
16901282,省城投集团、邓鸿、赵凯、刘杨、邹全、尹红和柳林
19168796,山西焦化集团有限公司
1709980,截至本报告书签署日，盛世骄阳的全体股东
16060054,时空能源的股东时空汽车、壹米网络、汇银投资、趵虎投资、圣业投资、江之澜缘、张媛媛、刘亚琳
338911,中科新瑞的全体股东顾群、张晨阳和常力勤等三名自然人之合称
10806079,奇维科技于本次交易前的全体股东
15663551,凯腾投资、亿倍投资、亿格投资、亿泰投资
15328762,史俊伟、何亨文、史淑红
1900611,古予舟、伍原汇锦、厉敬东、高翔、天津太阳石、金羽腾达
15670542,重组交易对方和配套资金认购方
357856,黄亚福、陈琪祥
1837819,宝信汽车的合资格股东和购股权持有人
19235303,建投嘉孚（上海）投资有限公司、长城国融投资管理有限公司、建投华文投资有限责任公司
1777792,川开集团以及简兴福等53名自然人
1777792,简兴福、华夏基金管理有限公司、珠海乾鑫投资合伙企业（有限合伙）
9900612,三人行全体股东
9900612,三人行全体股东
15594831,美欣达集团、重庆财信、新龙实业、永兴达实业及陈雪巍
4958553,博升优势以及中国移动、银联商务
4958553,博升优势以及中国移动、银联商务
4927126,翊腾电子全体股东，即涂海文、卢红萍
799912,张观福、丁远怀、安怀略、马懿德4名自然人及金域投资
799912,张观福、丁远怀、安怀略、马懿德4名自然人
14590521,樟树市喜马投资管理中心（有限合伙）、上海尚世影业有限公司、宋智荣、赵小丁、韩雪、吴琳莉
16516919,陈德宏、华融渝稳、华融天泽等45名大象股份的股东
16022682,云克投资、厉群南
16937776,橙思投资、信立投资、信传投资、老板电器、金投智汇、永滈投资
153946,北京京城机电控股有限责任公司
19424080,匠芯知本的7名股东
16284964,BECAPGardner1Limited、BECAPGardner2Limited、NicholasJamesGuttridge、KennethIanWorth、NicholasIanBurgessSanders、AnthonyGeoffreyMillington、CarlAnthonyMoffat和LaurenceTonyFord
15512673,江苏苏钢集团有限公司
16290561,樟树市喜马投资管理中心（有限合伙）、上海尚世影业有限公司、宋智荣、赵小丁、韩雪、吴琳莉及不超过5名特定投资者
16290561,樟树市喜马投资管理中心（有限合伙）、上海尚世影业有限公司、宋智荣、赵小丁、韩雪、吴琳莉
16288718,持有慈铭体检72.22%股权的上海天亿资产管理有限公司、上海维途投资中心（有限合伙）、北京东胜康业投资咨询有限公司、韩小红和李世海
87079,方笑求、蓝顺明
355273,中钢股份、中钢资产
63827,杭州日报报业集团有限公司、都市快报社、华立集团股份有限公司
4955035,重组交易对方和配套资金认购方
16870609,古予舟、伍原汇锦
16630755,中铝宁夏能源集团有限公司
1935229,寇冰、胡承华
15600096,凯腾投资、亿倍投资、亿格投资、亿泰投资
1702864,上海市北高新（集团）有限公司，前身为上海市北工业新区投资经营有限公司
1843616,太阳能公司全体股东合称
1786212,天津嘉颐实业有限公司
1594374,上海现代建筑设计（集团）有限公司
15456544,博升优势以及中国移动、银联商务
1844957,资产置换及发行股份购买资产交易对方以及募集配套资金交易对方
286908,呵尔医疗、三济生物、晶能生物三家标的公司的现有股东
16731031,山西焦化集团有限公司
16818572,古予舟、伍原汇锦
16182745,仪电集团、飞乐音响、上海贝岭
16323357,ProjectLeopardAcquireCoLimited
441013,姜仲杨、陆旻、韩军、上海完美、苏州龙跃
437942,王杰、王拥军、吴向东、郭小宇、吴天波、许峰
12052692,北京电控、圆合公司、七星集团、微电子所
12052692,国家集成电路基金、京国瑞基金、芯动能基金
4938122,三钢集团、三明化工
15461936,中国石油天然气集团公司
15461936,重组交易对方和募集配套资金认购方
16861304,国家电力投资集团公司
1640701,康欣新材全体股东，包括李洁家族以及其他21名自然人、14家投资机构
16797497,沈国军、王水、程少良、上海趵虎投资管理中心（有限合伙）、上海澜聚企业管理中心（有限合伙）、上海巢盟企业管理中心（有限合伙）、上海温悟企业管理中心（有限合伙）、共青城润达投资管理合伙企业（有限合伙）
16083135,圣农实业、沈阳中和、福建德润、苏州天利、宁波圣峰、新圣合、上海映雪、嘉兴金台的合称
16083135,圣农实业、沈阳中和、福建德润、苏州天利、宁波圣峰、新圣合、上海映雪、嘉兴金台的合称
15912536,红楼集团有限公司及洪一丹等11名自然人
6127261,数联铭品全体股东
2031725,潘建忠、黄小霞，陈伟、李江
18285810,辽源鸿图锂电隔膜科技股份有限公司全体股东
1712509,合肥通用机械研究院
676283,霖漉投资、孙高发、王利峰和胡伟
15353391,宁波华盖嘉正、新时代宏图贰号、宁波天恒信安、常德久富贸易
15353391,宁波华盖嘉正、新时代宏图贰号、宁波天恒信安、常德久富贸易、金砖丝路二期、深圳安达畅实业
15740333,北京矽成全体股东，即上海承裕、屹唐投资、华创芯原、闪胜创芯、民和志威
15740333,名建致真等不超过10名特定投资者
15740333,发行股份及支付现金购买资产并募集配套资金之交易对方
4954960,上海永达投资控股集团有限公司
6004,蔡红兵、冯利平、钟伟俊、张苗苗、马琴、马峰及北京汇成众邦科贸有限公司
1812174,鑫三力在本次交易前的全体股东，即师利全、胡争光、李小根及张丕森
15760956,RW全体权益持有人，包括4名机构交易对方和25名自然人交易对方
18888400,山西焦化集团有限公司
20487295,吴善国、叶继跃、叶继艇、金海兵、广西众维投资合伙企业（有限合伙）、祖恺先、王友清、章国平、郑有营、黄修鹏、麻万统、廖环武及刘彪
1581306,京汉控股、合力万通、关明广、曹进、段亚娟、袁人江、田保战
16189472,积硕科技的股东刘永忠、芦跃江、陈向东、陈晴和邓宓；募集配套资金认购方为厉达、赛摩电气2016年第一期员工持股计划
16703525,上海佳育投资管理有限公司、谢敏、朱志斌、吴健彪、朱恒新、北京晟盈天弘投资中心(有限合伙)、张明宇、南翔
16703525,谢敏、朱志斌、吴健彪、朱恒新、北京晟盈天弘投资中心(有限合伙)、张明宇、南翔
16703525,上海佳育投资管理有限公司
16703525,信诺时代全体股东、上海佳育
2224872,匡时文化、董国强先生
18280495,中国南方工业集团公司
1839169,彩虹集团公司
1710146,持有上海电驱动100%股权的全体股东
2230130,北京瀚天润海广告有限公司
4929809,升华科技彭澎、彭澍等11名股东
16651775,沈国军、王水、程少良、上海趵虎投资管理中心（有限合伙）、北京惠为嘉业投资有限公司、上海澜聚企业管理中心（有限合伙）、上海巢盟企业管理中心（有限合伙）、上海温悟企业管理中心（有限合伙）、共青城润达投资管理合伙企业（有限合伙）
2291153,康远制药全体股东李勋、马云波、李细海、聂华、李东、曹智刚、王力、景林景麒、景林景途
18833464,湖南海盈科技有限公司、湖南科富投资管理企业（普通合伙）、江西科富企业管理中心（有限合伙）、李新海、王峰、北京丰图投资有限责任公司、株洲兆富成长企业创业投资有限公司、湖南兆富投资控股（集团）有限公司、刘同良、殷英、李玉才、北京世纪同创资本投资合伙企业（有限合伙）以及杨春锦等13方
2049472,三峡集团、川能投、云能投
104700,哈药集团股份有限公司
1775233,德华创投、丁鸿敏、高阳、陈密、袁茜、王晓斌、袁仁泉、汪军
16631551,狮之吼全体股东，即鲁锦、游涛、霍小东、周江、朱菁、郭飞、刘鹏娟、蔡丽、魏建平、朱维、殷晓娟、等11名自然人股东以及珠海富坤、重庆富坤、珠海堃铭、珠海狮之吼、深商兴业、四川鼎祥、帕拉丁资本、融玺投资、中山天誉、前海云泰、瑞然投资、眉山鼎祥、北辰投资、天成投资、天宇投资、优达投资、钱沛投资等17名机构股东
15740988,胡恩赐、陈智勇、许黎明、高炳义
18872318,江苏省盐业集团有限责任公司
17019527,狮之吼全体股东，即鲁锦、游涛、霍小东、周江、朱菁、郭飞刘鹏娟、蔡丽、魏建平、朱维、殷晓娟、等11名自然人股东以及珠海富坤、重庆富坤、珠海堃铭、珠海狮之吼、深商兴业四川鼎祥、帕拉丁资本、融玺投资、中山天誉、前海云泰、瑞然投资、眉山鼎祥、北辰投资、天成投资、天宇投资、优达投资、钱沛投资等17名机构股东
4933398,隋恒举、李清龙、王宇、许敏、孙峻峰、彭文元、张建平
16488391,东方电子集团、宁夏黄三角
1809287,新余方略知润投资管理中心（有限合伙）
16769315,日本JX金属株式会社
16394296,匠芯知本的7名股东
1684187,深圳市亚力盛投资有限公司、深圳德威首创投资企业（有限合伙）
1649841,发行股份购买资产的交易对方：郑州宇通集团有限公司和西藏自治区投资有限公司
1723082,三胞集团有限公司
15684026,嘉愈医疗、金鹏置业、什邡康德、什邡康强、什邡康盛、什邡康裕、潍坊嘉元
15684026,嘉愈医疗、江苏国投洪瑞、陈东辉、陈超、罗实劲、王建新、张文军、严帆、余志庆、干萍10名特定投资者
15981716,四维尔集团、美国邦盛、钶迪机械、维科精华、汇鑫投资、科闻投资、星瑜投资以及夏军
15981716,四维尔集团、美国邦盛、钶迪机械、维科精华、汇鑫投资、科闻投资、星瑜投资以及夏军
15981716,四维尔集团、美国邦盛、钶迪机械、维科精华、汇鑫投资、科闻投资、星瑜投资以及夏军
15981716,广东省科技创业投资有限公司、肇庆市高要区国有资产经营有限公司、深圳安鹏资本创新有限公司
19235154,标的公司除上海天马之外的股东，包括金财产业、中航国际、中航国际深圳、中航国际厦门、上海工投、张江集团
1806746,国盛证券全体股东
15628263,南京庆亚贸易有限公司，为本次交易的交易对方
18872935,上海件称、长兴悦凯、上海柜汤、长兴和盛源、东阳阿里、耀客传媒、杨洋、宋茜、刘颖、刘瑞雪、陈万宁、阮丹宁、沈小婷、朱赖若、陈思玄、苏芒、滕华弢、魏立军、王冬、永亘创投
18872935,上海件称、长兴悦凯、上海柜汤、长兴和盛源、东阳阿里、耀客传媒、杨洋、宋茜、刘颖、刘瑞雪、陈万宁、阮丹宁、沈小婷、朱赖若、陈思玄、苏芒、滕华弢、魏立军、王冬、永亘创投
1810340,贾明、日月同辉
14671381,莱州鸿昇矿业投资有限公司
14671381,莱州鸿昇矿业投资有限公司
16407158,重庆医药的22名股东，即重庆化医控股（集团）公司、深圳茂业（集团）股份有限公司、茂业商业股份有限公司、重庆战略性新兴产业医药专项股权投资基金合伙企业（有限合伙）、天津天士建发生物科技发展合伙企业（有限合伙）、上海复星医药（集团）股份有限公司、广州白云山医药集团股份有限公司、重庆渤溢新天股权投资基金合伙企业（有限合伙）、西南药业股份有限公司、重庆太极药用动植物资源开发有限公司、重庆市铁路自备车有限公司、成都通德药业有限公司、厦门鱼肝油厂、桂林南药股份有限公司、重庆市中医院、太极集团重庆桐君阁药厂有限公司、成都禾创药业集团有限公司、四川蓝光发展股份有限公司、杨文彬、吴正中、黄文、王健
16407158,重庆医药的22名股东，即重庆化医控股（集团）公司、深圳茂业（集团）股份有限公司、茂业商业股份有限公司、重庆战略性新兴产业医药专项股权投资基金合伙企业（有限合伙）、天津天士建发生物科技发展合伙企业（有限合伙）、上海复星医药（集团）股份有限公司、广州白云山医药集团股份有限公司、重庆渤溢新天股权投资基金合伙企业（有限合伙）、西南药业股份有限公司、重庆太极药用动植物资源开发有限公司、重庆市铁路自备车有限公司、成都通德药业有限公司、厦门鱼肝油厂、桂林南药股份有限公司、重庆市中医院、太极集团重庆桐君阁药厂有限公司、成都禾创药业集团有限公司、四川蓝光发展股份有限公司、杨文彬、吴正中、黄文、王健
410734,华普投资、安徽皖投、神宝华通、世欣鼎成、京通海
1842303,倪国涛、金丹、崔德花、郭风香
1841748,夏军、何海江、凌慧、深圳市创世纪投资中心（有限合伙）、钱业银、贺洁、董玮
1796312,发行股份购买资产的交易方上海镕尚和中信夹层以及配套融资的认购方之一华联集团
20304359,银泰百货有限公司
15520580,山西焦化集团有限公司
4950638,樟树市德亿投资管理中心（有限合伙）、樟树市帮林投资管理中心（有限合伙）
15604926,樟树市牛杜投资管理中心（有限合伙）
15833901,袁伍妹、重庆金嘉兴
240675,中ft奋进投资有限公司，2011年11月4日更名前为中ft华创投资有限公司
228240,城建集团和自然人王波
1902006,中国电子信息产业集团有限公司
64864,中航工业、发动机控股、西航集团、贵航集团、黎阳集团、华融公司、东方公司、北京国管中心
15658626,明德控股、嘉强顺风、招广投资、元禾顺风、古玉秋创、顺达丰润、顺信丰合的统称
1889972,合计持有华夏电通100%股权的栗军、李俊峰、张思必、蒋国兴、贾瑞明、谢泳江、李建、贾高勇、周明浩、夏郁葱、孙莉、赵月军、单衍景、王瑞宾、王平、胡雷、杨建军、房兰花、刘枫、曹艳中、李行、郭武、张锐锋、高翔、杨颖、邹康、姚立生、陈皞玥、卢昌、于大泳、白锐、仝敬明、陈亮、刘海滨、刘卫国、王邦新、梅志勇、肖冰、杨楠、李悦、郭辉、郭超、夏永强、张晓丽、杨怀兵、陈彪46名自然人，苏州易联、达晨银雷及辰光致远
285657,上海泽双医疗器械有限公司
4953001,上海储阳光伏电力有限公司
16412206,长江汉翼、星宇有限、林周星澜、林周星涌、林周星源、林周星涟
226726,贵州泛华矿业集团有限公司
304746,广东星辉投资有限公司
2137591,希格玛
16698737,双林集团股份有限公司、宁海金石股权投资基金合伙企业（有限合伙）、宁海吉盛传动技术有限公司、上海华普汽车有限公司
20328568,北汽集团等35名合计持有北汽新能源股权的股东
16740318,湖北盛木科技有限公司、湖北宜景常弘科技有限公司、深圳德木实业有限公司、深圳树泰科技有限公司
16828127,沈阳市汽车工业资产经营有限公司
18875180,邵耿东、徐建阳、王建文、锡绍投资、滚石投资及五莲汇利
1787032,GreenVillaHoldingsLTD.，为上海新高峰生物医药有限公司的唯一股东
15839039,陈巍、陈公岑、上海鑫迅浦企业管理中心（有限合伙）
20253243,深圳市福德国有资本运营有限公司，本次重组前深粮集团的股东，持有深粮集团100%股权
6424886,天天科技有限公司
1446179,唐ft晶源科技有限公司
9875021,上海轶鹏投资管理有限公司
16302752,鑫曜节能、识炯管理、健灏投资、东吴资本、木尚管理、识毅管理6家企业及胡道虎、晏行能、赵方程3名自然人
1831616,海纳宏源投资有限公司
15736831,网通信息港、如日升投资、云通创投、佳禾投资、云径投资、盛达投资、云计投资
16862523,云众投资、李怀状、刘晶、林丽仙、横琴安赐在内的小子科技全部股东
18298205,周才华、李海霞、徐征英
119646,方笑求、蓝顺明
1864127,北京电控、圆合公司、七星集团、微电子所
1864127,国家集成电路基金、京国瑞基金、芯动能基金
19357034,贵阳金世旗产业投资有限公司
1812916,发行股份购买资产的交易对方及募集配套资金的交易对方
15993821,陆伟、马赛江、陈林
18875263,本次发行股份及支付现金购买资产之交易对方
18875263,屏南唯创众成股权投资合伙企业（有限合伙）、屏南唯壹股权投资合伙企业（有限合伙）、东莞市宏商创业投资管理有限公司、广东俊特投资管理有限公司、冯鸣、东莞市东浩投资管理有限公司、新余众汇精诚投资合伙企业（有限合伙）
4921048,吴冬华、程艳云、博飞信投资、瑞经达、凯腾瑞杰、明通投资、陈大龙、李晶、吴秀兰、常杰、王计斌及施伟
15753647,山西新华防护器材有限责任公司
1831730,蓝鼎实业（湖北）有限公司
15429701,购买资产交易对方、募集配套资金认购方
1765540,中国航天时代电子公司、北京兴华机械厂、陕西航天
539970,张观福、丁远怀、安怀略、马懿德四4名自然人及金域投资
539970,张观福、丁远怀、安怀略、马懿德4名自然人
15699952,王敏等3人、濮瑜等5人、上海翔虎、舟山旗捷、何泽基、刘想欢、南海集团、陈全吉等5人
15699952,王敏等3人、濮瑜等5人、上海翔虎、舟山旗捷、何泽基、刘想欢、南海集团、陈全吉等5人
15699952,王敏等3人、濮瑜等5人
15699952,上海翔虎、舟山旗捷
15699952,何泽基、刘想欢
15699952,南海集团、陈全吉等5人
993534,福万方实业、汇众成投资、王文清、陈乃雄、陈有贤
15896278,龙之杰交易对方、博日鸿交易对方
15896278,罗院龙、罗小兵、罗小平、罗小柱、田壮、AgileRehabTechnologiesLimited
15896278,乌玉权、常海光、沙志刚、周运波、张祺、刘洋、周雷宁、王超、胥春立
202335,自然人张秀珍、张建华、江海标、王佺、吕兴海
19975014,春光置地、华泰兴农
15785219,颜庆华、刘金柱、赵威、陈国兴、曾李青、悦然心动投资
15785219,符合中国证监会规定的证券投资基金管理公司、证券公司、保险机构投资者、信托投资公司、财务公司、合格境外机构投资者及其他境内法人投资者和自然人等，不超过10名（含10名）。证券投资基金管理公司以多个投资账户持有股份的，视为一个发行对象；信托投资公司作为发行对象的，只能以自有资金认购。最终发行对象将在本次重组发行股票获得中国证监会核准后，根据发行对象申购报价的情况，遵照价格优先原则确定。
15785219,拟发行股份及支付现金购买资产交易对方及配套融资认购方
15785219,拟发行股份及支付现金购买资产交易对方及配套融资认购方
2369250,永丰兴业、广兴顺业、盛鑫元通、宝润通元、天合时代
1923238,爱德康赛全体股东
15895071,新余北岸、周斌、程炳皓、嘉乐投资、嘉志投资、福鹏宏祥
2134138,李华、胡登燕
1841377,南京庆亚贸易有限公司，为本次交易的交易对方
16411876,孔昭松、王敏、万向钱潮股份有限公司、广东温氏投资有限公司、新兴齐创投资合伙企业（有限合伙）
1848884,湖南太阳鸟控股有限公司
18872745,橙思投资、信立投资、信传投资、老板电器、金投智汇、永滈投资
2141518,成都中小企业融资担保有限责任公司和国际金融公司
14771325,袁佳宁、王宇2名自然人
602882,钟永利、吴丽君、南海成长、金ftft、钟永塔和年利达
1911012,樟树市汇智通天投资管理中心(有限合伙)、樟树市物联天诚投资管理中心(有限合伙)、万景控股集团有限公司
16297971,陈虹、任晓忠、孙云友、德清辉创投资管理合伙企业（有限合伙）
1925664,袁佳宁、王宇2名自然人
569139,本次交易前中兴装备全部22名股东
311168,刘开同、董书倩、刘运龙、天津滨河数据信息技术有限公司
4938383,张军红
15557138,新华化工、兴创源投资、新昊投资
20161778,王义波、彭泽斌、史泽琪、张林、孙继明、王青才、刘榜、朱静、陈亮亮、杜培林、高飞、胡素华、王明磊、刘占才、傅兆作、应银链、张志伟、赵九灵、苏宁、刘欣、何文平、王义森、秦代锦、李军强、柯亚茹、陈质亮、原志强、余洪、闫书和、宋金丽、范文祥、陆安生、朱启帅、王爱芬、熊建都、赵寅腾、王红军、郑明鹤、王祥、石奇林合计45名自然人
361878,王杰、王拥军、吴向东、郭小宇、吴天波、许峰
1263449,江苏联环药业集团有限责任公司，本公司第一大股东，持有本公司股份38.64%
777854,云南世博旅游控股集团有限公司
1791043,陈俊、姜圆圆、沈善俊、杨琴华及黄河集团
18297953,章珠明、王朝晖、吴文良、黄建勇、林世明、丘仲权、胡崟春、王荣、张荣娟、郑光发、余诗权、侯焰、林秋贞、赵耀罡共14名自然人和瑞力骄阳、瑞斟投资、平潭恒众、平潭合众共4家企业
18297953,章珠明、王朝晖、吴文良、黄建勇、林世明、丘仲权、胡崟春、王荣、张荣娟、郑光发、余诗权、侯焰、林秋贞、赵耀罡共14名自然人和瑞力骄阳、瑞斟投资、平潭恒众、平潭合众共4家企业
16738760,樟树市华希投资管理中心（有限合伙）、樟树市山水泉投资管理中心（有限合伙）
1155636,南方希望、青岛善诚、青岛思壮、潍坊众慧、和之望实业、惠德农牧、青岛高智、成都新望、李巍、刘畅、新希望房地产
983198,湘潭振湘国有资产经营投资有限公司
16946142,新能源公司
16888060,黄智勇先生
15753702,中国机械工业集团有限公司、国机资本控股有限公司
15950989,山西焦化集团有限公司
2226779,何小军、夏江霞、英飞玛雅、扬州创投、英成科技、英成微鑫、王在兰、贺旻、张勤、陈庆、陈旭明
19341006,双林集团股份有限公司、宁海金石股权投资基金合伙企业（有限合伙）、宁海吉盛传动技术有限公司、上海华普汽车有限公司
19288922,长影集团有限责任公司、长影海南文化产业集团股份有限公司、拉萨德汇联拓投资有限公司
9880651,刘喜荣、李军民、冯战胜、符杰、欧阳支、常德沅澧
1614150,朱善忠、朱善兵、洪亮等3名自然人股东
209062,"HintsoftHoldingsLtd.,、上海就爱、上海谷屹、上海炯盛、上海呈质、上海库奇、上海誉轩以及自然人徐智勇、徐龙兴、冯妹妹和冯德林"
209062,HintsoftHoldingsLtd.、信佑铁克以及自然人徐智勇、胡炯、李大鹏、程瑞琪、高黎峻、吴浩、吕文渊和冯德林。
209062,HintsoftHoldingsLtd.、信佑铁克以及自然人徐智勇、胡炯、李大鹏、程瑞琪、高黎峻、吴浩、吕文渊和冯德林。
4938824,武汉汇森投资有限公司、胡余友、唐小林
4938824,武汉汇森投资有限公司、胡余友、唐小林
167217,直升机公司、中航科工和哈飞集团
79647,新余深业投资合伙企业（有限合伙）、新余方欣投资合伙企业（有限合伙）
14781452,宁波开心投资有限公司
1895925,粤泰集团、淮南中峰、广州新意、城启集团、广州建豪、广州恒发、广州豪城7名法人
19197775,三胞集团有限公司
1583746,刘晓东、柳海彬、喻晓春、马晓华、温浩、张其忠、高原、谢霖、孙晓峰、万晓丽、曹磊、林丽莺、程显东、汪晓红等14名自然人和旌德投资、民勤投资等2家有限合伙企业
1583746,除刘晓东以外的巴克斯酒业股东
2033669,宁波峰梅实业有限公司、申重行、LowTaiHuat（罗大发）和上海泛石投资咨询企业（有限合伙）
18839439,云众投资、李怀状、刘晶、林丽仙、横琴安赐在内的小子科技全部股东
1627692,途乐投资、商友控股
577239,欧亚云、欧亚峰、罗兵辉、李洪辉、朱平正、胡观辉、周海蓉、吴波、郭华定等九名自然人和瑞鹅投资，系本次发行股份购买资产之交易对象
15627000,广州越秀金融控股集团股份有限公司
1808641,汤攀晶、王力、朱群、任海燕、杜军、徐夏忠、胡建中、王亚文、华睿裕人和华睿点金
4949587,付正桥、郑硕果及慧果投资
19164791,标的公司除上海天马之外的股东，包括金财产业、中航国际、中航国际深圳、中航国际厦门、上海工投、张江集团
1689820,元江
16532353,周利飞、廖鹏、潘悦然、李璞、杜川、欧阳志羽6名自然人
1400660,扬动电气的股东程俊明、唐亮星、赵恒龙、方艺华、邰立群、郑峥嵘、王玉楹七名自然人
16165550,山东天业房地产开发集团有限公司，上市公司控股股东，本次重组交易对方，本次重组交易标的天业投标公司的全资控股股东
15343212,液晶器件的股东创维液晶科技有限公司，为本次重组的交易对方
20594347,宜昌新发产业投资有限公司
20594347,宜昌高新产业投资控股集团有限公司
15653981,本次交易的交易对方，包括中石油集团和天利石化
2303667,发行股份购买资产的交易方上海镕尚和中信夹层以及配套融资的认购方西藏山南
287240,中国电力建设集团有限公司
14904669,深圳德润天清投资管理合伙企业（有限合伙）、玉溪沃云投资管理合伙企业（有限合伙）
1813818,袁伍妹、深圳轩建发
1780824,鹏锦投资、颐涞投资
1891978,山东怡力电业有限公司
4945729,张立海、张利国、张立堂和张利权及蔡燕芬、朱裕宝
18869548,嘉道成功、王晓鸽
270102,福建省能源集团有限责任公司
15813593,苏进
15709943,太阳鸟控股、南京瑞联、周蓉等10名亚光电子现有股东，合计持有亚光电子97.38%的股份。
15501920,武汉汇森投资有限公司、胡余友、唐小林
1562273,迪思投资、黄小川、秦乃渝、王倩、杨容辉
19293088,北京恒沙科技有限责任公司
19293088,北京恒沙科技有限责任公司
2380222,黄培劲、塔牌集团、孙敏华
16698549,中宜投资、红将投资、远方光电、费占军、周伟洪、费禹铭以及钱志达
16698549,中宜投资、红将投资、远方光电及费占军
16698549,周伟洪、费禹铭及钱志达
1826217,持有上海电驱动100%股权的全体股东
356087,ft东胜利投资股份有限公司、张德钢、陈正裕、闫长勇、刘宾及孙长峰
1773642,天天科技有限公司，系游久游戏控股股东
315998,呵尔医疗、三济生物、晶能生物三个标的公司的现有股东
474630,三胞集团有限公司
16731056,山西焦化集团有限公司
619741,POTENTGROWTHLIMITED，又名保德昌有限公司，为一家注册于英属维京群岛的公司
12032818,购买资产交易对方、募集配套资金认购方
1748327,神州数码有限公司，一家注册于香港的公司，神码控股控制其100%权益
1845626,江阴澄星实业集团有限公司，原江苏澄星磷化工集团公司
6547991,毕红芬、毕永星和潘培华
16313701,狮之吼全体股东，即鲁锦、游涛、霍小东、周江、朱菁、郭飞、刘鹏娟、蔡丽、魏建平、朱维、殷晓娟、等11名自然人股东以及珠海富坤、重庆富坤、珠海堃铭、珠海狮之吼、深商兴业、四川鼎祥、帕拉丁资本、融玺投资、中山天誉、前海云泰、瑞然投资、眉山鼎祥、北辰投资、天成投资、天宇投资、优达投资、钱沛投资等17名机构股东
4927725,周发展等13位南方银谷全体股东
16303033,柏克新能51%股权的转让方叶德智、叶德明、高金全、罗蜂、戴建东、龙平、黄敏、潘世高、左英、郭俊、周发能、何万里；精一规划51%股权的转让方张宏利、张骜、曾琳、曾耀国、张杰、谢行知、李健财
15733012,马晓、刘德辉、郭子明、林崇俭、王志中、王志宏、李卫锋、周小军和李曼玉瑞泽石化全体9名自然人股东
1902684,南京栖霞建设集团有限公司
16850467,理工华创股东理工资产、理工创新、基石仲盈、航天科工及林程等26名自然人
169381,曹佑民
20307417,VibrantOakLimited，中文名称为“明毅有限公司”
15498296,智同集团、贵少波、高特佳
2380014,猎鹰网络、亦复信息和Spigot的全体股东，以及掌汇天下的股东罗川、袁聪、徐锋、缪志坚和盈聚投资
1760114,智诚光学除胜利精密以外的其余7名股东、富强科技全体3名股东、德乐科技全体5名股东
15572010,樟树市德亿投资管理中心（有限合伙）、樟树市帮林投资管理中心（有限合伙）
1680596,倪国涛、金丹、崔德花、郭风香
1667172,广盛源投资、王建飞、郑黎红、余佑娟、凌峰、陈美清、杨爱青的合称
290373,梁常清、梁宝欣
16949332,1、湖南出版投资控股集团有限公司；2、深圳市信仰诚富股权投资合伙企业（有限合伙）；3、易银沙
16949332,1、湖南出版投资控股集团有限公司；2、深圳市信仰诚富股权投资合伙企业（有限合伙）；3、易银沙
9875193,浙江省铁路投资集团有限公司
1754402,茂业商厦、德茂投资和合正茂投资
1856641,袁佳宁、王宇2名自然人
16504741,四川省能源投资集团有限责任公司
2380076,喀什星光文化、杨伟、西安普润、朱文玖、黄渤、徐铁军、刘和平、管浒、徐兵
2380076,春天融和交易对方、乐华文化交易对方及募集配套资金认购方
12057815,潘建忠、黄小霞，陈伟、李江
1266316,威远集团
16255891,王义平、安志鵾、范莉娅
16120298,杭州悠飞、马可孛罗、杭州悠聚
2604928,重组交易对方和配套资金认购方
1928354,西藏泰豪、恒通达泰、汇达基金、新余京达
15303477,李文俊、强艳丽
1826004,闻天下、WingtechLimited与CHL
1806739,仁和集团、纪高有限
10796047,王龙宝、王丽英
16862279,湖北盛木科技有限公司、湖北宜景常弘科技有限公司、深圳德木实业有限公司、深圳树泰科技有限公司
15612407,海通创新锦程、武汉安可、仙桃祥泰、新材料基金
301775,任杭中、杨广水、杨燕、王利平等4名自然人，系灵云传媒股东
893218,毛肖林、洪晨耀、南海创新、海通开元及深圳群策群力
18290748,1、重大资产出售之交易对方为金城集团有限公司2、发行股份购买资产之交易对方为中国航空工业集团公司、中国华融资产管理股份有限公司3、募集配套资金之交易对方为中国航空工业集团公司、中航机电系统有限公司、中航工业机电系统股份有限公司
18290748,金城集团有限公司
18290748,中国航空工业集团公司、中国华融资产管理股份有限公司
18290748,中国航空工业集团公司、中航机电系统有限公司、中航工业机电系统股份有限公司
16919997,领胜投资、领杰投资、领尚投资
16866601,康子工业、北京银来、河南秉鸿、上海秉鸿、上海格晶
16259713,山西焦化集团有限公司
15658706,明德控股、嘉强顺风、招广投资、元禾顺风、古玉秋创、顺达丰润、顺信丰合的统称
361244,陈泽、胡东群、贾彬、步智林、李军、李海峰、徐学骏、九派创投、海得汇金、德梅柯投资
18285886,山西三维华邦集团有限公司
16656595,本次交易前富诚达的全体股东，即文忠泽、张敬明、董小林、深圳市富众达投资合伙企业（有限合伙）
1839859,南京栖霞建设集团有限公司
15694210,泰坦新动力的股东王德女、李永富和泰坦电力电子集团
1876764,古予舟、伍原汇锦、厉敬东、高翔、天津太阳石、金羽腾达
675850,三十所、国信安、蜀祥创投
504209,本次交易的对方，蚌埠玻璃工业设计研究院
14791223,鲜丹、蔡友弟、北京奕铭、王彤、尤光兴、邓振国、蔡小如、中ft微远、于净、林松柏、叶成春
16377238,墨鹍科技股东杨东迈、谌维和网众投资，智铭网络股东胡宇航
1090997,上海沃金石油天然气有限公司
16619854,鲍杰军、黄建起、陈细、庞少机、吴桂周等共计持有欧神诺98.39%股权的52名股东
15723228,代志立、李经伟、符志斌、樟树市浩基投资管理中心（有限合伙）、西藏泰富文化传媒有限公司
1723779,盛世骄阳的全体股东
18779093,和谐明芯、卓睿投资
2377649,曹云、刘吉文、刘鸣源、曹小林、王海霞、深圳市聚美股权投资合伙企业（有限合伙）
1911602,本次帝龙新材拟收购标的公司的股东
16798233,圣农实业、沈阳中和、福建德润、苏州天利、宁波圣峰、新圣合、上海映雪、嘉兴金台的合称
16798233,圣农实业、沈阳中和、福建德润、苏州天利、宁波圣峰、新圣合、上海映雪、嘉兴金台的合称
15356945,硕颖集团有限公司、温州恒力投资发展有限公司
1556807,刘永春、丛伟滋、李洪、熊小洪、白海清、黄暂度
15631573,德尔企管、李毅先生及德尔实业中的一方或多方
16901379,1、重大资产出售之交易对方为金城集团有限公司2、发行股份购买资产之交易对方为中国航空工业集团公司、中国华融资产管理股份有限公司3、募集配套资金之交易对方为中国航空工业集团公司、中航机电系统有限公司、中航工业机电系统股份有限公司
16901379,金城集团有限公司
16901379,中国航空工业集团公司、中国华融资产管理股份有限公司
16901379,中国航空工业集团公司、中航机电系统有限公司、中航工业机电系统股份有限公司
1562832,元江
1023717,三十所、国信安、蜀祥创投
14785526,辛德芳、辛立坤、辛德周、辛德平、于洪香、辛辉艳、辛丽韫、耿秀清以及星鹏铜材
16741066,和谐明芯、卓睿投资
18761453,重组交易对方和配套融资认购方
18761453,盾安控股、青鸟旅游、杭州秋枫、舟山如山、舟山新能、丰泉福能、舟山合众、宁波复信、宁波新锐
1769502,龙佳宝投资、骏龙投资等9名亚洲电力股东
16874673,模塑集团、精力机械
1843365,集银科技全体股东，即施忠清、李凤英、富银投资和融银投资
15605413,发行股份购买资产的交易方上海镕尚和中信夹层以及配套融资的认购方西藏山南
16118858,和谐明芯、卓睿投资
4928871,国金聚富
15572413,鸿晟汇等9个对象
15572413,拟发行股份购买资产交易对方及配套融资认购方
15572413,拟发行股份购买资产交易对方及配套融资认购方
2137089,云南省能源投资集团有限公司
15783099,贾跃峰、张杰明、周盛和深圳市华科泰瑞电子合伙企业（有限合伙）
1220220,自然人沈超、李文慧、陈锦波、孙庚文及田建平
1709033,田秋桂、马永清、王俊锋
1569611,NEWPOPULAR、祺鸣投资、德懋投资、TYCOONPOWER、资阳弘信、比邻前进
18761029,凯腾投资、亿倍投资、亿格投资、亿泰投资
16647889,橙思投资、信立投资、信传投资、老板电器、金投智汇、永滈投资
14782016,北京海纳川汽车部件股份有限公司、诺德科技股份有限公司、北京汽车集团有限公司
1842887,陈俊、姜圆圆、沈善俊、杨琴华及黄河集团
18291608,匠芯知本的7名股东
16357453,贾跃峰、张杰明、周盛和深圳市华科泰瑞电子合伙企业（有限合伙）
19300470,1、湖南出版投资控股集团有限公司；2、深圳市信仰诚富股权投资合伙企业（有限合伙）；3、易银沙
19300470,1、湖南出版投资控股集团有限公司；2、深圳市信仰诚富股权投资合伙企业（有限合伙）；3、易银沙
16741167,白云电气集团及桂林容乾、桂林容坤、桂林容通、桂林容智、桂林容慧、桂林容丰、桂林容华、桂林容兴、桂林容昌、桂林容盛、桂林容高、桂林容瞻、桂林容方、桂林容飞、桂林容腾、桂林容和、桂林容成
783516,霖漉投资、孙高发、王利峰和胡伟
18855972,山西三维华邦集团有限公司
1861789,本次发行股份及支付现金购买资产之交易对方
1252125,金城集团、中航投资
1844572,普德药业的部分股东，包括普华领先、胡成伟、西藏富思特、天津宸瑞、天津元祥
16860086,李万双、胡先保、安徽聚群
1623604,丁俊明、陈承平、叶云、金鑫、王伟亮、和谐成长、唯睿投资和沃智投资的合称
2179661,天津久柏、上海哲安、北京骊悦、王家锋
2179661,上海哲安、北京骊悦、王磊、张健、李莹
2380942,高丽、高树金、丽锦投资、永俪投资、丽和投资、赢丽投资、李婕、周磊
15304454,中国航天时代电子公司、北京兴华机械厂、陕西航天导航设备有限公司、陕西苍松机械厂、中国建银投资有限
18297580,深圳光启合众科技有限公司
16694477,傅启才、吴红芬
19728824,江苏省盐业集团有限责任公司
773348,科瑞天诚、新疆华建、傅建平、肖湘阳的合称
14945811,邢亮
2185941,国瑞信安全体股东暨王雷、唐卫民、陈亚峰、武霞、陈进、严坤均、南京创瑞与南京高新投
19331158,本次交易的交易对方，中国东方电气集团有限公司
1864201,观印象全体股东之合称
1866344,王桂兰、绿能投资、陈军、邬麒、陈新安、刘奇峰和王穗吉
1761356,新疆天业（集团）有限公司
15318896,金创盈、金塑创投、陈烈权、广信投资、卞晓凯、王全胜、张忠、万联天泽、康远投资
16827702,中国经贸船务有限公司
362591,林正刚等12名自然人、南海成长等3家机构，富阳实业
1813260,包括本次购买资产的交易对方巨烽全体股东及募集配套资金认购方吕钢
1813260,巨烽全体股东，包括张雄、倪正华等9名自然人和复星平耀、南海成长、鲁证投资3家法人机构
347034,中国蓝星（集团）股份有限公司
1776059,发行股份购买资产交易对方及募集配套资金交易对方
1776059,市政控股、公交公司、水业集团
1776059,投资集团、李龙萍、国泰君安资管
1804413,资产出售交易对方和资产购买交易对方
1804413,金诚实业
1804413,钟化、刘健君
15726204,深圳市雅康精密机械有限公司、徐鸿俊、王小梅
16263938,重庆医药的22名股东，即重庆化医控股（集团）公司、深圳茂业（集团）股份有限公司、茂业商业股份有限公司、重庆战略性新兴产业医药专项股权投资基金合伙企业（有限合伙）、天津天士建发生物科技发展合伙企业（有限合伙）、上海复星医药（集团）股份有限公司、广州白云山医药集团股份有限公司、重庆渤溢新天股权投资基金合伙企业（有限合伙）、西南药业股份有限公司、重庆太极药用动植物资源开发有限公司、重庆市铁路自备车有限公司、成都通德药业有限公司、厦门鱼肝油厂、桂林南药股份有限公司、重庆市中医院、太极集团重庆桐君阁药厂有限公司、成都禾创药业集团有限公司、四川蓝光发展股份有限公司、杨文彬、吴正中、黄文、王健
16263938,重庆医药的22名股东，即重庆化医控股（集团）公司、深圳茂业（集团）股份有限公司、茂业商业股份有限公司、重庆战略性新兴产业医药专项股权投资基金合伙企业（有限合伙）、天津天士建发生物科技发展合伙企业（有限合伙）、上海复星医药（集团）股份有限公司、广州白云山医药集团股份有限公司、重庆渤溢新天股权投资基金合伙企业（有限合伙）、西南药业股份有限公司、重庆太极药用动植物资源开发有限公司、重庆市铁路自备车有限公司、成都通德药业有限公司、厦门鱼肝油厂、桂林南药股份有限公司、重庆市中医院、太极集团重庆桐君阁药厂有限公司、成都禾创药业集团有限公司、四川蓝光发展股份有限公司、杨文彬、吴正中、黄文、王健
701238,李建锋、郑志锋、陈富强、胡建龙及以诺投资
19197786,柏克新能51%股权的转让方叶德智、叶德明、高金全、罗蜂、戴建东、龙平、黄敏、潘世高、左英、郭俊、周发能、何万里；精一规划51%股权的转让方张宏利、张骜、曾琳、曾耀国、张杰、谢行知、李健财
15641590,李华、胡登燕
359622,福万方实业、汇众成投资、王文清、陈有贤
743591,田斌、季宗生、冯钊、卢存方、康剑、孙慧、康瑞鑫
4945600,美林控股、上海岳野、新疆梧桐、深圳珠峰、深圳中欧、权葳、张昊、曹乐生
1286505,北京康博恒智科技有限责任公司，债委会为本次重组专门设立的承接出售资产的壳公司
1286505,出售资产交易对方和发行股份购买资产交易
4920817,王桂兰，金宏威股东
1819375,吴劼、双兴棋、王森、孙坚、盛国祥、吕勤、任海斌、谢新华、黄斌、信达投资、茂信合利、钱江创投、新疆硕源、立阳投资
1616868,上海市北高新（集团）有限公司，前身为上海市北工业新区投资经营有限公司
15561148,深圳德润天清投资管理合伙企业（有限合伙）、玉溪沃云投资管理合伙企业（有限合伙）
20488543,浙江爱德和康泽药业参与本次交易的相关股东
18851001,辅仁集团、平嘉鑫元、津诚豫药、万佳鑫旺、鼎亮开耀、克瑞特、珠峰基石、领军基石、锦城至信、东土大唐、东土泰耀、佩滋投资、海洋基石、中欧基石
1791178,广州植之元控股有限公司
16436394,广东润星科技股份有限公司全体股东，即周文元、王赫、黄仕玲、黄丛林
1774826,北京神雾环境能源科技集团股份有限公司、锦州宝地建设集团有限公司
12024772,自然人朱志忠
1896675,蔡彤、王卓颖、毛海峰、马立凡、上实上投领华投资
1857246,福马集团，其持有林海集团100%股权
14671261,北京集成电路制造和装备股权投资中心（有限合伙）、徐兴慧
12031975,本次交易的交易对方包括李怀状、云众投资、刘晶、林丽仙、横琴安赐、汪坤、融誉投资、门庆娟
1770478,广州超能投资有限公司，2015年更名为广东超能投资集团有限公司
19355880,发行股份购买资产之交易对方为贵州盘江化工（集团）有限公司、贵州产业投资（集团）有限责任公司、瓮福（集团）有限责任公司、黔东南州开山爆破工程有限责任公司、保利久联控股集团有限责任公司、山东银光化工集团有限公司
4933072,徐正军、王金根、北京众诚、深圳金蝶、苏州松禾、广州西域、曹锋、邓国庭
15848730,拟购买的申龙客车100%股权交易对方为上海辉懋企业管理有限公司，拟购买的旭虹光电100%股权交易对方为东旭集团有限公司、绵阳科技城发展投资（集团）有限公司和四川长虹电器股份有限公司
15848730,拟购买的申龙客车100%股权交易对方为上海辉懋企业管理有限公司，拟购买的旭虹光电100%股权交易对方为东旭集团有限公司、绵阳科技城发展投资（集团）有限公司和四川长虹电器股份有限公司
20248253,王曙光、王金霞、谷实投资、久盈咨询和同舟咨询
1659961,汤攀晶、王力、朱群、任海燕、杜军、徐夏忠、胡建中、王亚文、华睿裕人和华睿点金
1808098,何天涛、何显荣和何天毅
561812,姚远、阙伟成、李诗定、许晓荣
77704,于天荣、郭林、董立群和周宗和4名自然人以及杭州博立投资管理合伙企业（有限合伙）
77704,北京启明星辰信息技术股份有限公司第一期员工持股计划
16918518,张鑫淼、刘恕良、狄晓东、张国新、蔡元堂
32133,宇通客车本次发行股份及支付现金购买资产的交易对方，包括宇通集团、猛狮客车
16918609,陈宝华、张嘉平等17位自然人和苏州荻溪文化创意产业投资中心（有限合伙）、嘉兴市兴和股权投资合伙企业（有限合伙）等6家机构
16651512,上海诺牧、宁波诺裕
15780650,浙报传媒控股集团有限公司
15638583,美欣达集团、重庆财信、新龙实业、永兴达实业及陈雪巍
2662747,本次交易对方为张京云等9名自然人及雅化集团等6家企业
15833540,刘鹏、陈玉朕、李勇、骆梅娟、王文秀、伟业基石、张俊、叶正明、王军胜、陈峰
1013135,合正电子本次交易前的全部45名股东，即罗剑平、郭依勤、吴忠炜、颜悌君、石伟等45名自然人
16440582,通过上市公司向其发行股份购买资产方式取得股份的发行对象，包括新奥控股、新奥基金、涛石基金、平安资本、合源投资、联想控股、泛海投资
1121148,产业集团、华工创投、华工孵化器和华大电机少数交易股东
20546946,持有梵雅文化94.4046%股权的拉萨屏小样投资咨询有限公司、刘帆、杨占斌、胡锐、邱莎、沙军、王楠
16170160,樟树市喜马投资管理中心（有限合伙）、上海尚世影业有限公司、宋智荣、赵小丁、韩雪、吴琳莉及不超过5名特定投资者
16170160,樟树市喜马投资管理中心（有限合伙）、上海尚世影业有限公司、宋智荣、赵小丁、韩雪、吴琳莉
320362,刘亮、代琳、大连卓皓贸易有限公司
92235,湘潭振湘国有资产经营投资有限公司
590541,广州百货企业集团有限公司
16591437,上海亿桌、宁波景丰和和吴丽珠
16559518,杭州国光、傅启才、吴红芬
18832561,智海创信、珠海劳雷、永鑫源、上海梦元、杭州兴富、杭州宣富、上海丰煜、王一凡的合称
20248200,王鸿娟、司文捷、王立山、严庆云、陈新、叶恒、高喜彬、谭意如、李蕴曦、杨明、张君锋、刘春玲、周洪涛、薛丽彬、顾宁、何玲玲、纪磊、刘萍、吴平、张伟亮、侯成、严庆久、郑艳春、赫广、尹世将、张涛、周建和、陈亮、高芳、王丹、杨嵩、钟卫军
20248200,王鸿娟、司文捷、王立山、严庆云、陈新、叶恒、高喜彬、谭意如、李蕴曦、杨明、张君锋、刘春玲、周洪涛、薛丽彬、顾宁、何玲玲、纪磊、刘萍、吴平、张伟亮、侯成、严庆久、郑艳春、赫广、尹世将、张涛、周建和、陈亮、高芳、王丹、杨嵩、钟卫军
16830722,江苏省盐业集团有限责任公司
1555386,云硫集团、广业公司
14044029,寇冰、胡承华
16278565,远为投资、新华联控股
1093418,陈融圣、曾忠诚、詹桂堡、郭亮、朱雪飞、李壮相、李新春、周捷、黄建锋、江志炎等10名自然人股东
9891732,陈开云等46名自然人和德信天合
1836338,徐先明、淮安明硕投利明信息咨询中心（有限合伙）、刘璐、何若萌
15787539,北京云聚、北京达道、广州德迅及自然人石军、肖贵阳、田溯宁
18832971,哆可梦股东寇汉、林嘉喜、宁夏和中、完美软件科技、国金凯撒、深圳岚悦，合计持有哆可梦77.57%股权
1602180,拉萨行动电子科技有限公司
6549449,北京电控、圆合公司、七星集团、微电子所
6549449,国家集成电路基金、京国瑞基金、芯动能基金
16665332,国家电力投资集团公司
18860537,发行股份购买资产交易对方杭州睿岳、合肥信挚、北京嘉广、北京瑞弘、北京嘉坤，以及支付现金购买资产交易对方ChinaWealth
18860537,杭州睿岳、合肥信挚、北京嘉广、北京瑞弘、北京嘉坤
18860537,ChinaWealth
18860537,不超过10名特定投资者
14473366,中文投、华重集团、唐红卫、王朝政、苏春霞、马秀萍、符海东、袁文康、华硕、夏晗、王斌、温亮
1023244,高琍玲、杨志峰、杨生哲、高润之和新光股权投资
401835,深圳茂业商厦有限公司
219538,武汉市土地整理储备中心东湖新技术开发区分中心
16336397,由守谊、耿书瀛、罗志刚、李毅志、李泽超、戴文慧、钱伟佳、南京世嘉融企业管理合伙企业（有限合伙）、南京玲华企业管理合伙企业（有限合伙）、南京诚正企业管理合伙企业（有限合伙）、南京壹维企业管理合伙企业（有限合伙）、厦门鲁鼎志诚股权投资管理合伙企业（有限合伙）、南京陆晓诚安企业管理合伙企业（有限合伙）、北京中融鼎新投资管理有限公司、南京瑞禾吉亚企业管理合伙企业（有限合伙）
16336397,支付现金购买资产的交易对方安迪科医药集团及发行股份购买资产的交易对方的统称
20508994,重大资产出售交易对方中国兵器装备集团有限公司及发行股份购买资产之交易对方中电力神有限公司、天津力神电池股份有限公司的合称
20508994,中国兵器装备集团有限公司
20508994,中电力神有限公司、天津力神电池股份有限公司
1868405,王桂兰、绿能投资、陈军、邬麒、陈新安、刘奇峰和王穗吉
18832973,秦毅、钟小春、王正和宁波梅山保税港区逐鹿投资管理合伙企业（有限合伙）
321668,蓝色火焰全体股东之合称
14629410,贵州渔阳贸易有限公司
1067373,济川控股、曹龙祥、周国娣、华金济天和恒川投资的合称
16439835,润泰供应链股东，包括寿宁润宏茂投资合伙企业（有限合伙）、寿宁润坤德投资合伙企业（有限合伙）、寿宁润源飞投资合伙企业（有限合伙）、寿宁润丰恒业投资合伙企业（有限合伙）
16873740,周利飞、廖鹏、潘悦然、李璞、杜川、欧阳志羽6名自然人
9890271,北京集成电路制造和装备股权投资中心（有限合伙）、徐兴慧
293189,夏兴兰、仇国清
16651130,新能源集团、御鸿投资、陈积瑜先生、卞慧民先生
399720,包括华润纺织、创维RGB、领优投资及创维数字183位自然人股东
4951056,樟树市牛曼投资管理中心（有限合伙）
2312750,ft焦集团
367880,唐ft中和实业集团有限公司
16237503,杨建华、巢琴仙、叶现军、徐子根、杨华、李卫东、朴海连、钱建伟、陆博伟、朱红娟等金牛研磨全体股东
16237503,杨建华、巢琴仙、叶现军、徐子根、杨华、李卫东、朴海连、钱建伟、陆博伟、朱红娟
20254330,荣盛控股、三元控股
726204,李建锋、郑志锋、陈富强、胡建龙、以诺投资
15747542,左建生、徐克成、刘建国、牛立志、海恒实业、樟树复海、上海挚信、广州顺懋、樟树克拉、樟树顺懋
15747542,海恒实业、左建生、广州顺懋、上海挚信、徐克成、牛立志、刘建国
15747542,樟树复海、樟树克拉、樟树顺懋
1768996,李娟、陈德阳、陈加旺、肖成林、姚金强、朱磊、黄国建、吴利民、印海、仕德伟实业、仕德伟置业、徐雪明、范雪芳
16085320,中泰创展、亲华科技、星润泰祥、中讯建通、深商兴业及四海汇智
16731009,黄延新、黄国文、姚小君、高宏坤、洪泽慧、鸿和令、陈伟敏、黄延中、伍春光、卓众投资、卓和投资、深国投、日亚吴中、刘海波、曾伟敬、潘新钢、邓纶浩、黄培荣、卓岳资本
1659360,管理层股东、风投股东、李寅及赵晓红
14141615,新疆网秦、史文勇、金信恒瑞、新疆盈河、金信灏跃、金信华通、西藏卓华
18761106,淮北矿业股份有限公司全体股东，包括淮北矿业（集团）有限责任公司、中国信达资产管理股份有限公司、中国华融资产管理股份有限公司、安徽省能源集团有限公司、宝钢资源有限公司、国元股权投资有限公司、安徽全威铜业控股有限公司、嘉融投资有限公司、马钢（集团）控股有限公司、奇瑞汽车股份有限公司、银河创新资本管理有限公司、中银国际投资有限责任公司、安徽省投资集团控股有限公司、中国盐业总公司、中诚信托有限责任公司及自然人王杰光、郑银平、曹立
19408065,王忠勇
15446881,建金投资、华日升投资、沿海基金、万载率然
269970,产业集团、华工创投、华工孵化器和华大电机少数交易股东
2302062,网润云城、李贤兵、王文平
15766892,中钢制品工程、中钢热能院及冶金矿业
1787471,徐席东、张锡铭、姜桂荣、宣宏、张萍、海禾投资、恒海投资、国耀投资
884615,北京盛达、红烨投资、王彦峰、王伟
1825172,刘喜荣、李军民、冯战胜、符杰、欧阳支、常德沅澧
1560599,深圳市初谷实业有限公司工会委员会（谢从成等120名自然人为实际持有人）、林欣飞、林欣进
1227417,四川省铁路产业投资集团有限责任公司
614593,上海浦东发展（集团）有限公司，为本公司控股股东
15707364,北京矽成全体股东，即上海承裕、屹唐投资、华创芯原、闪胜创芯、民和志威
15707364,名建致真等10名特定投资者
15707364,发行股份及支付现金购买资产并募集配套资金之交易对方
1757765,陈同刚、张明、周正、金永全、胡轶俊共计5名自然人
367786,中国煤炭科工集团有限公司
1779097,王仁年等37名自然人及常州世通投资管理有限公司等10家企业，即八达园林全体股东
20380444,黄建、丁国荣、高峰、范兵、罗沙丽和丁春龙
20380444,黄建、丁国荣、高峰、范兵、罗沙丽和丁春龙
20288069,康子工业、北京银来、河南秉鸿、宁波秉鸿、上海格晶
15804264,北京锦圣投资中心（有限合伙）、达孜星翼远达创业投资合伙企业（有限合伙）
15804264,北京锦圣投资中心（有限合伙）、达孜星翼远达创业投资合伙企业（有限合伙）
1698104,中经汇通、李碧如
1825366,湖南太阳鸟控股有限公司
1605284,姜仲杨、陆旻、韩军、上海完美、苏州龙跃
12027824,奇发实业、何芹
1634966,国利能源、华电金泰和桂清投资的合称
15318952,华威集团、香港盈昱、宝生投资、吉泰龙
9023626,迹象信息、徐佳亮、徐晓峰
10789437,哈投集团、大正集团、中国华融、中融信托、齐齐哈尔市财政局、金鹏支行、中植集团、银建经贸、南岔林业局
14390554,陈开云等46名自然人和德信天合
300830,广东星辉投资有限公司
9895659,本次标的资产出售方
15500780,泰豪智能的全体股东
18884012,芜湖长谦、华融天泽、广州君泽、天津同历、赵天、胡兵来
549613,堆龙佳都科技有限公司、刘伟
1772647,中农集团、新疆江之源、劲邦劲德、凯利天壬、联创永津、天津赛富、建峰化工、金诚信、智伟至信、庆丰农资
16933079,浙江交通集团、浙江国资公司、中航成套、汇众壹号、汇众贰号
16201766,夏可才、谢国英
2378812,建金投资、华日升投资、沿海基金、万载率然
148856,国新能源、宏展房产、田森物流
1285417,大同煤矿集团有限责任公司和大同煤矿集团临汾宏大矿业有限责任公司
1922563,北京海纳川汽车部件股份有限公司、诺德科技股份有限公司、北京汽车集团有限公司
2120387,陈开云等48名自然人和德信天合
1836181,管理层股东、风投股东、李寅及赵晓红
15823305,天津卡乐全体股东，即西藏道临、完美数字科技、堆龙鸿晖、新余君展宏图、新余汇鑫资管、上海并购基金、西藏盛格、中平国瑀基金、鹰潭锦深及立德投资等10家企业
1685751,励丰文化股东周利鹤、朱晓励、代旭、闫荣城、中金华创、
1685751,励丰文化股东周利鹤、朱晓励、代旭、闫荣城、中金华创、国通宏易、菁英投资、深圳聚兰德、海汇创投和李明智
1685751,金立翔股东兰侠、李文萍、兰明、中海创投、安大投资、量科高投、奥立彩、谢光明和刘艳阁
1851830,南京庆亚贸易有限公司，为本次交易的交易对方
932227,龙彧、胡伟东、邱晖、殷强、郑垚、杨翼卓、威视投资、
1874718,国瑞信安全体股东暨王雷、唐卫民、陈亚峰、武霞、陈进、严坤均、南京创瑞与南京高新投
20416911,周卫平
1771131,程宇、常州长平、上海进承、芜湖联企
19274538,和谐芯光、NSL
19274538,和谐芯光、NSL
20264090,北京恒沙科技有限责任公司
20264090,北京恒沙科技有限责任公司
20596831,辽宁时代万恒控股集团有限公司
16560132,本次重组中发行股份及支付现金购买资产的交易对方，具体指黄奕彬、黄壁芬、张广顺、黄育丰、范奕勋、郑焕坚、黄文凤、陈昱、陈峻明、哈尔滨菲利杜豪贸易有限公司、哈尔滨法瑞尔贸易有限公司、瑞金市博远投资有限公司、天津飓风文化产业投资合伙企业（有限合伙）珠海市横琴三物产业投资基金（有限合伙）、深圳熙海投资合伙企业（有限合伙）、深圳领秀奇乐投资管理有限公司
1895786,王再添、陈金梅、邱晓敏、吴福荣、陈清岳、周兴平、厦门市翔安区鼎海龙投资合伙企业（有限合伙）
2040455,"AdvancedMicroDevices,Inc."
1631480,合计持有华夏电通100%股权的栗军、李俊峰、张思必、蒋国兴、贾瑞明、谢泳江、李建、贾高勇、周明浩、夏郁葱、孙莉、赵月军、单衍景、王瑞宾、王平、胡雷、杨建军、房兰花、刘枫、曹艳中、李行、郭武、张锐锋、高翔、杨颖、邹康、姚立生、陈皞玥、卢昌、于大泳、白锐、仝敬明、陈亮、刘海滨、刘卫国、王邦新、梅志勇、肖冰、杨楠、李悦、郭辉、郭超、夏永强、张晓丽、杨怀兵、陈彪46名自然人，苏州易联、达晨银雷及辰光致远
1631480,李俊峰、张思必、蒋国兴、贾瑞明、谢泳江、李建、贾高勇、周明浩、夏郁葱、孙莉、赵月军、单衍景、王瑞宾、王平、胡雷、杨建军、房兰花、刘枫、曹艳中、李行、郭武、张锐锋、高翔、杨颖、邹康25名自然人
1631480,姚立生、陈皞玥、卢昌、于大泳、白锐、仝敬明6名自然人
1631480,陈亮、刘海滨、刘卫国、王邦新、梅志勇、肖冰、杨楠、李悦、郭辉、郭超、夏永强、张晓丽、杨怀兵、陈彪14名自然人，达晨银雷、辰光致远及苏州易联
1631480,栗军、A类交易对方和B类交易对方，即在本次交易中参与业绩补偿的栗军、李俊峰、张思必、蒋国兴、贾瑞明、谢泳江、李建、贾高勇、周明浩、夏郁葱、孙莉、赵月军、单衍景、王瑞宾、王平、胡雷、杨建军、房兰花、刘枫、曹艳中、李行、郭武、张锐锋、高翔、杨颖、邹康、姚立生、陈皞玥、卢昌、于大泳、白锐、仝敬明32名交易对方
1756093,才泓冰等35名自然人、中国高新、天津博信、陈剑栋、陈建英、刘涛、王同松、唐小波
1756093,才泓冰等35名自然人、中国高新、天津博信
1756093,陈剑栋、陈建英
1756093,刘涛、王同松、唐小波
1721135,麦可特、维尔京金联、弗尼亚、英达物贸
1672248,横店控股、金华相家、自然人许晓华
1808547,三峡集团、川能投、云能投
1640516,苏州古玉邦容股权投资合伙企业（有限合伙）、上银基金管理有限公司、李关宝、卜波、谢金强
2314658,凌空投资、黄河
1774834,曾卓、红杉资本、天忆创投、兆富投资、广州程功、悦达泰和、姚群、罗娟、南通锦融
904358,三十所、国信安、蜀祥创投
14792105,沈阳东方银座莱茵城置业有限公司
1902011,中国电子信息产业集团有限公司
19177080,中国生物、上海所、武汉所与兰州所
1065137,北京盛达、红烨投资、王彦峰、王伟
335732,郭柏峰、潘胜阳、孙宇辉、肖菡、宁波华夏嘉源管理咨询有限公司、颐高集团有限公司、浙江华峰科技开发有限公司
226745,鲁能集团、鲁能置业和世纪恒美
15033068,北京艾莱发喜食品有限公司90%股权转让方
1611529,世轩科技25名自然人股东及5名机构股东
17369413,上海信投、上海联和、上海电信实业、中国银联
15680348,李威、天津趣酷迅腾、凯泰厚德、凯泰洁能
12020492,康远制药全体股东李勋、马云波、李细海、聂华、李东、曹智刚、王力、景林景麒、景林景途
367212,鲁商集团、银座投资、世贸中心、东方航华
16568976,标的公司除上海天马之外的股东，包括金财产业、中航国际、中航国际深圳、中航国际厦门、上海工投、张江集团
16937883,子衿管理、迅游管理、摩尔管理、米莉管理、李秋豪、利方投资、万慧畅管理、银穗资产
9904271,明德控股、嘉强顺风、招广投资、元禾顺风、古玉秋创、顺达丰润、顺信丰合的统称
4947732,浙江泰晟新材料科技有限公司
339242,李建国、李铁
2356052,王龙宝、王丽英
20260024,梁燕生、祝威、田迪、杜大成、梁春生、寇承伟
1684670,刘永春、丛伟滋、李洪、熊小洪、白海清、黄暂度
1685494,青岛出版、出版置业、青岛产投、鲁信投资与青岛国信
16685321,宝钢集团新疆八一钢铁有限公司
1824907,海航基础控股集团有限公司
18833942,沈国军、王水、程少良、上海趵虎投资管理中心（有限合伙）、上海澜聚企业管理中心（有限合伙）、上海巢盟企业管理中心（有限合伙）、上海温悟企业管理中心（有限合伙）、共青城润达投资管理合伙企业（有限合伙）
289291,中国蓝星（集团）股份有限公司、中蓝石化总公司
16429548,森工集团、睿德嘉信、泉阳林业局、赵志华、上海集虹、陈爱莉、赵永春
14473365,中国电子信息产业集团有限公司
16827367,上海冠翼信息技术中心（有限合伙）、上海及扬企业管理咨询中心（有限合伙）、上海喻馨信息技术中心（有限合伙）、上海磐延企业管理合伙企业（有限合伙）、上海醇熙信息科技中心（有限合伙）、宁波鼎锋明德致知投资合伙企业（有限合伙）、新余佳成投资管理中心（有限合伙）、吕兴民、宁波鼎锋明德正心投资合伙企业（有限合伙）、上海陆宝投资管理有限公司、朱东生、浙江浙商证券资产管理有限公司
1579529,国利能源、华电金泰和桂清投资的合称
1108561,鼎亮禾元、六禾元魁、邱宇等12名自然人
20473644,浑璞一号投资、金浦新兴基金、金浦消费基金、辰熙1号基金和自然人郭鹏、张强、李彦、魏佳、罗海龙、李雨峤、王敬、明瑞勤、季卫东、王羽、李潇晓、刘兴臻、潘韦、刘剑华、陈少丹、郭冬梅、陈宇识、于天慧、姚瑶、张云峰、谭伟、杨伊阳、张晓晓、魏驰、陶成、汪聪聪、袁玉峰
9428472,红楼集团有限公司及洪一丹等11名自然人
19198122,北汽集团等36名合计持有北汽新能源100%股权的股东
1468711,"HintsoftHoldingsLtd.,、上海就爱、上海谷屹、上海炯盛、上海呈质、上海库奇、上海誉轩以及自然人徐智勇、徐龙兴、冯妹妹和冯德林"
1468711,HintsoftHoldingsLtd.、信佑铁克以及自然人徐智勇、胡炯、李大鹏、程瑞琪、高黎峻、吴浩、吕文渊和冯德林。
1468711,HintsoftHoldingsLtd.、信佑铁克以及自然人徐智勇、胡炯、李大鹏、程瑞琪、高黎峻、吴浩、吕文渊和冯德林。
15702948,闻天下、WingtechLimited与CHL
16833568,周利飞、廖鹏、潘悦然、李璞、杜川、欧阳志羽6名自然人
295477,孝昌鹰溪谷投资中心（有限合伙）与北京博升优势科技发展有限公司
16181956,向康跃科技出售标的资产的标的公司股东
1833513,苏高新集团、国资公司
19185646,北京恒沙科技有限责任公司
19185646,北京恒沙科技有限责任公司
1679379,张龙、王宇新、马大鹏和逄宇峰；世茂影院投资发展有限公司
16259992,上海佳育投资管理有限公司、谢敏、朱志斌、吴健彪、朱恒新、北京晟盈天弘投资中心(有限合伙)、张明宇、南翔
16259992,谢敏、朱志斌、吴健彪、朱恒新、北京晟盈天弘投资中心(有限合伙)、张明宇、南翔
16259992,上海佳育投资管理有限公司
16259992,信诺时代全体股东、上海佳育
1766589,资产出售交易对方和资产购买交易对方
1766589,金诚实业
1766589,钟化、刘健君
1721335,北京中鼎高科自动化技术有限公司的全体股东，即姚福来、刘恒才、田立勤、付强
18888411,淮北矿业股份有限公司全体股东，包括淮北矿业（集团）有限责任公司、中国信达资产管理股份有限公司、中国华融资产管理股份有限公司、安徽省能源集团有限公司、宝钢资源有限公司、国元股权投资有限公司、安徽全威铜业控股有限公司、嘉融投资有限公司、马钢（集团）控股有限公司、奇瑞汽车股份有限公司、银河创新资本管理有限公司、中银国际投资有限责任公司、安徽省投资集团控股有限公司、中国盐业集团有限公司、中诚信托有限责任公司及自然人王杰光、郑银平、曹立
16735561,航天华宇100%股权的股东许宝瑞、任文波、冯立、陈坤荣、武汉中投、北京建华、辽宁联盟、曲水汇鑫
9880384,青海省投资集团有限公司
20218887,泰通工业等合计持有中盛光电100%股权的33名股东
1161909,乐庭电线有限公司
214490,欧亚云、欧亚峰、罗兵辉、李洪辉、朱平正、胡观辉、周海蓉、吴波、郭华定等九名自然人和瑞鹅投资，系本次发行股份购买资产之交易对象
19176792,嘉道成功、王晓鸽
1646420,华普投资、安徽皖投、神宝华通、世欣鼎成
15856193,红豆集团有限公司
20247377,千年投资、宁波东钱、信晟投资、平潭乾晟、泉州永春、仲成荣、王永春、罗翔、黄伟群、阮浩波、黄海英、崔燕、詹春涛、陈临江、樊培仁、林海、潘晔峰、杨继东、汤雷、卿三成、姜卫方、王莉瑛、盛军、宋黎辉、林锦、刘慕云、王建锋、肖亮璇、杨云蓉、曹棐民、周科芬
1699706,深圳市华讯方舟科技有限公司
15829372,深圳市天富锦创业投资有限责任公司，曾用名深圳市天富锦投资有限责任公司
9025996,建设公司和省高速
9025996,购买资产的交易对方和募集配套资金认购方
1027286,荣盛控股
15627076,铁城信息的全体股东，即姜铁城、张金路、GregoryIlyaMcCrea
15843769,朱保义
1710447,曾卓、红杉资本、天忆创投、兆富投资、广州程功、悦达泰和、姚群、罗娟、南通锦融
16679493,截至评估基准日，上海恩捷新材料科技股份有限公司全体股东
16679493,截至评估基准日，上海恩捷新材料科技股份有限公司全体股东
1931829,永晨石油现有股东（除通源石油外）张春龙、王大力、张百双、张国欣、侯大伟、张建秋、上海朱雀珠玉投资中心（有限合伙）
15527714,南宁化工集团有限公司
1928175,国网节能服务有限公司
2028969,北京德宝恒生贸易有限公司
1901253,北京能源投资（集团）有限公司
15343350,樟树市伊尔美投资管理中心（有限合伙）、樟树市港华投资管理中心（有限合伙）
15628391,易平川及余江县万象新动投资管理中心（有限合伙）
675418,途乐投资、商友控股
