18849946,麟游互动100%股权
1719272,全部置出资产和置入资产
8392981,交易对方持有的国电光伏90%的股权
1625075,华炜科技100%的股权
1747126,塔中矿业100%股权
1878949,杭州妙聚网络科技有限公司100%股权、上海灵娱网络科技有限公司100%股权
19164019,礼多多100%股权
1843546,全部置出资产和置入资产
1584131,翔通动漫100%股权
16865570,拟置入股权类资产及拟置入土地类资产的合称
15524452,交易对方持有的极光网络90%股权
1714045,力鼎银科持有的吉林康达85%股权以及王宇红持有的宁夏吉峰41%股权
10793726,新世达100%的股权
2359312,通威太阳能（合肥）有限公司100%股权
2365568,北京艾莱发喜食品有限公司90%股权
1231195,本次交易涉及的东升路和北联市场两处轻纺交易市场资产的合称及相应的预收租金、保证金等款项
1504926,湖南天雁机械有限责任公司100%的股权
15943015,山东世纪缘珠宝首饰有限公司100%股权
16277523,睿智化学100%股权
1236893,张裕购买的恒丰银行定向增发的3.40亿股股份
277255,昆ft迈致治具科技有限公司75%股权
1568221,中煤科工集团重庆研究院有限公司100%股权、中煤科工集团西安研究院有限公司100%股权和中煤科工集团北京华宇工程有限公司100%股权
16494966,上海鑫燕隆汽车装备制造有限公司100%股权
15943423,幻想悦游、合润传媒
23599,广传媒持有的广报经营100%股权、大洋传媒100%股权及新媒体公司100%股权
1587301,华工百川100%的股权
285363,商业城所其持有的辽宁物流有限公司99.94%股权和沈阳安立置业经营有限责任公司100%股权
19334177,科诺铝业95.3235%股权
1573350,北京嘉和一品企业管理股份有限公司100%的股权
322225,宋正兴、叶春娥、宋丽娜、立业投资、添惠投资、福兴投资、嘉明商贸、同航投资持有的亿
9023766,新华化工、兴创源投资、新昊投资持有的新泰材料100%股份
2261087,浙江雍竺实业有限公司51%的股权以及浙江广厦东金投资有限公司100%的股权
897537,拟购买的交易对方所持的高阳捷迅63.649%的股权
1900567,西乌珠穆沁旗银漫矿业有限责任公司100%股权、正镶白旗乾金达矿业有限责任公司100%股权
1771971,昆吾九鼎100%股权
1239571,上投房产100%股权和通达房产100%股权
1070003,富华宇祺53.21%股权
343956,交易对方持有的蓝色火焰100%的股份
19231392,广东昇辉电子控股有限公司100%股权
968007,黄伟基和黄焕兰合计持有的科源电气70%的股权
16264426,武汉悦然心动网络科技股份有限公司
16150088,新辉开100%股权
16344439,国联环保全部资产及负债、惠联热电25%股权、友联热电25%股权
676041,江苏考普乐新材料股份有限公司100%股权
16819434,礼多多100%股权
383558,湖南鸿鹰生物科技有限公司75%股权
2274799,值尚互动100%股权
1093721,交易对方合计持有的艾迪尔80%的股权
728863,合力泰100%的股权
1890331,江苏九龙汽车制造有限公司49%股权
16793951,盾安新能源100%股权
1822429,江阴长电先进封装有限公司16.188%的股权
14761177,ft东实杰生物科技股份有限公司85%股权
20237487,南京江原安迪科正电子研究发展有限公司
18872287,赛英科技100%股权
16398230,六捷科技55.13%股权
15568403,交易对方分别持有的优壹电商100.00%股权和持有的百伦科技84.6134%股权
341829,长春天成100%股权和北京招通致晟100%股权
16388489,润泰供应链51%的股权
15681780,广东科捷龙机器人有限公司等6名股东持有广东宝乐机器人股份有限公司100.00%的股权
16360422,中联畅想（深圳）网络科技有限公司
85920,通葡股份通过增资并受让股权获得的九润源51%股权
14212753,东方拓宇100%股权
1819665,深圳市创世纪机械有限公司100%股权
18845564,共青城浩翔等6名交易对方合计持有的君天恒讯100%股权
14673544,上海金东唐科技股份有限公司100.00%股权
9895372,大梁矿业100%股权、青海锂业100%股权
18820414,天津安埔胜利石油工程技术有限公司100%股权
16651266,辽宁邮电99.854%股权
1015599,高科润100%股权
16239450,宁波东方亿圣投资有限公司100%的股权
1815270,广州植之元油脂实业有限公司100%股权及广州东凌粮油销售有限公司100%股权
444588,北京武神世纪网络技术股份有限公司100%股权
9884251,福建同元文化古镇旅游开发有限公司80%的股权
407208,天业集团所持天业黄金90%股权
12065091,置出资产与置入资产的合称
1903999,交易对方持有的东方梦幻100%的股权
1596133,南京恒电100%的股权
8917629,中原电子100%股权、圣非凡100%股权
16661446,广信材料拟收购的交易对方所持有的江苏宏泰100.00%股权
1637689,上海凡卓通讯科技有限公司100%股权
763002,北京神奇时代网络有限公司100%股权
15873240,浙铁大风100%股权
6423207,大梁矿业100%股权、青海锂业100%股权
15516059,新泉阳泉75.45%股权，园区园林100%股权
18856505,新日恒力拥有的与金属制品业务相关的资产和负债，包括：新日恒力母公司拥有的与金属制品业务相关的资产和负债，以及宁夏恒力煤业有限公司100%股权、石嘴山市星威福利有限公司100%股权；国贸公司母公司拥有的与金属制品业务相关的资产和负债，以及荣贸公司100%股权及16家销售子公司100%股权。
2046970,黄山新力油墨科技有限公司
440190,北京创世漫道科技有限公司100%股权
1863607,长平高速公路沿线的广告经营权和长春服务区、公主岭服务区及四平服务区的服务设施经营权
15598972,乐博教育全体股东所持乐博教育100%股权
2221293,拟购买资产与拟出售资产的合称
4947939,拟置出资产与拟购买资产的合称
351747,中煤科工集团重庆研究院有限公司100%股权、中煤科工集团西安研究院有限公司100%股权和中煤科工集团北京华宇工程有限公司100%股权
1792077,浩耶上海100%股权
278341,中煤科工集团重庆研究院有限公司100%股权、中煤科工集团西安研究院有限公司100%股权和中煤科工集团北京华宇工程有限公司100%股权
1845769,陆初东、钱玉军持有的雷迪奥40%股权
1713643,上海新合文化传播有限公司合计100%的股权
12001173,金点园林100%股份
19221492,交易对方持有的国电光伏90%的股权
16383525,程力栋、张辉等永乐影视全体股东合计持有的永乐影视100%股权
327451,天元网络100%股权、祥升软件100%股权
15897254,邹应方、刘中杰、创途投资及愉游投资持有的标的公司合计100%的股权，其中邹应方持有5%股权，刘中杰持有10%股权，创途投资持有5%股权，愉游投资持有80%股权
1554318,京汉置业100%股权
1554318,中联资产评估集团有限公司
20328543,郴州丰越环保科技有限公司51%的股权
20280909,北京当当科文电子商务有限公司100%股权及北京当当网信息技术有限公司100%股权
892621,完成资产整合后的路桥集团100%股权，具体包括路桥集团本部路桥工程施工和养护施工业务相关的资产及负债，路桥集团持有的山东鲁桥建设有限公司100%股权、山东省公路桥梁建设有限公司100%股权、山东省高速路桥养护有限公司100%股权、山东鲁桥建材有限公司90%股权、山东省路桥集团工程设计咨询有限公司100%股权
2043583,交易对方持有的东方梦幻100%的股权
16460445,深圳市有棵树科技股份有限公司99.9991%的股权
1929767,浙江正洁环境科技有限公司71.67%股权
15561014,宁夏紫光100%股权
15783194,苏州科环环保科技有限公司
20286417,恒力投资全体股东持有的恒力投资100%股权和恒力炼化全体股东持有的恒力炼化100%股权
16308954,中兴物联84.07%股权
726050,甘孜州融达锂业有限公司49%的股权
1870478,茂业控股100%的股权
1807370,志诚泰和100%股权
50010,联怡香港持有的伟仕控股有限公司之股份（或者股权）
50010,伟仕控股有限公司，香港联交所上市公司，代码为856
1752197,包括置出资产和置入资产
2246537,川云公司100%股权
19386201,北京联创种业股份有限公司90%股权
511786,启生信息100%股权
15576247,截至2016年5月31日，中石油集团持有的经审计和评估确认的中油资本100%股权
15267754,中技控股持有的中技桩业的94.4894%的股权
2043211,中特物流100%股权
280123,福建连城兰花股份有限公司78%的股份、连城兰花78%的股份
583457,广州要玩娱乐网络技术有限公司100%股权
1820279,北京赞成科技发展有限公司
502692,拟置出资产和拟注入资产的合称
1664146,丰汇租赁有限公司90%的股份
16423517,霍煤鸿骏51%股权，通辽盛发90%股权
15621278,浙江华通云数据科技有限公司
1875326,创维液晶器件（深圳）有限公司100%的股权
15870414,广信材料拟收购的交易对方所持有的江苏宏泰100.00%股权
15742872,欧神诺98.39%的股权
15497748,苏州汉风科技发展有限公司、南京都乐制冷设备有限公司
2365828,乐视影业100%股权
16223467,升腾资讯40%股权、星网视易48.15%股权
1764451,天河鸿城100%股权
1837512,易乘投资持有的宜租车联网100%的股权
1596635,"皖维集团持有的皖维膜材100%股权以及549,274.46平方米土地使用权"
1849914,如家酒店集团、PolyVictory
1866868,本次交易的拟置入资产与拟置出资产
15855926,"KDDI持有的CDNW公司12,149,768股股份。CDNW共发行14,300,000股股份，其中KDDI持有12,149,768股，小股东合计持有270,764股，CDNW持有1,879,468股（库存股）。KDDI所持CDNW公司股份占CDNW公司发行在外流通股（不含库存股）的比例为97.82%。"
759750,交易对方合计持有的华安检测100%股权
20443126,交易对方持有的国电光伏90%的股权
1809746,江苏九龙汽车制造有限公司49%股权
1807286,北京赞成科技发展有限公司
15500680,杭州博泰信息技术服务有限公司100%股权
1667325,传化物流集团有限公司
9895539,指圣达焦化99.80%股权
14765137,四通环境65%股权
79089,"DMW全资子公司DearbornMid-WestCompany,LLC100%的股权"
16728892,李海建、嘉鹏九鼎、涵德基金、华信睿诚、王玉强、嘉仁源、远致创业、富源恒业、王翠持有嘉力达100%的股权
10794009,天翼视讯100%股权、炫彩互动100%股权、天翼阅读100%股权、爱动漫100%股权
1796276,ft东泰ft能源有限责任公司56%的股权
1607573,交易对方合计持有的奈电科技100%股权
5978,黄金集团持有的黄金洞矿业100%股权
67362,同原地产100%股权，国展地产100%股权、深圳鑫润100%股权、东银品筑49%股权
1808356,中特物流100%股权
16928410,淮矿股份100%股份
15611012,广信材料拟收购的交易对方所持有的江苏宏泰100.00%股权
61946,交易对方合计持有的海拓环境100%股权
448032,天行网安100%股权
15032244,指灵境科技和迷你世界100%股权
227424,金达照明100%股份
15572083,交易对方持有的东方梦幻100%的股权
119515,欧木兰等15名交易对方合计持有的国显科技75.58%股权
16245685,天津安埔胜利石油工程技术有限公司100%股权
1718655,茂业控股100%的股权
15921339,明伟万盛100%股权
331277,拟购买的交易对方所持的高阳捷迅63.649%的股权
16429603,包括置出资产和置入资产
308558,拟出售资产和拟购买资产
18760615,金艺珠宝100%股权、捷夫珠宝100%股权、臻宝通99.06%股权、贵天钻石49%股权
1703920,爱德康赛
1715264,宁波韵升磁体元件技术有限公司、宁波韵升高科磁业有限公司、北京盛磁科技有限公司
1150003,深圳广电集团、宝安区国资委持有的分立后天宝公司100%的股份和深圳广电集团、龙岗区国资委以及坪ft新区发财局持有的分立后天隆公司100%的股份
677597,本次交易拟购买中源化学100%股权
19275625,科大立安100%股权
295075,惠捷朗100%股权
18303943,中盐吉兰泰氯碱化工有限公司100%股权、中盐吉兰泰高分子材料有限公司100%股权、吉兰泰集团纯碱业务经营性资产和负债
1830982,本次交易拟出资资产和拟投资资产
16942137,标的公司股权
677286,动网先锋100%股权
1889975,北京中金云网科技有限公司合计100%的股权；北京无双科技有限公司合计100%的股权
4926400,万方博通100%股权和博惠通100%股权
9905133,中经电商100.00%股权和汇通宝100.00%股权
14046984,海南海盛100%股权、深圳三鼎43%股权
915435,（1）甘肃电投大容电力有限责任公司100%的股权；（2）甘肃电投洮河水电开发有限责任公司100%的股权；（3）甘肃西兴能源投资有限公司100%的股权；（4）甘肃双冠水电投资有限公司100%的股权；（5）甘肃电投炳灵水电开发有限责任公司90%的股权；（6）甘肃电投九甸峡水电开发有限责任公司90%的股权；（7）甘肃电投河西水电开发有限责任公司96.62%的股权；（8）国投甘肃小三峡发电有限公司32.57%的股
15568957,上海灵娱100%股权
1446966,本公司在本次重组过程中拟购买的淮南矿业合法持有的铁运公司和物流公司100%的股权
1859145,南京国图信息产业股份有限公司100%股权
1312827,重庆商社新世纪百货有限公司100%的股权
15033572,上海即富信息技术服务有限公司45%股权
1842978,挂牌标的和托管标的
782474,中辉乾坤100%股权
1760555,中经电商100.00%股权和汇通宝100.00%股权
1820385,鹏起实业100%股权
20374162,佳纳能源49%股权、青岛昊鑫45%股权的统称
1785347,江苏华大离心机股份有限公司
571249,黄种溪、曾小俊、周路明和林嘉喜持有的酷牛互动100%的股权
20496151,马鞍山市中心医院有限公司93.52%股权
1865121,浙江万厦房地产开发有限公司100%股权、浙江新光建材装饰城开发有限公司100%股权
14878088,众泰汽车100%股权
1923572,黄ft新力油墨科技有限公司
19213716,中联畅想（深圳）网络科技有限公司
967450,深圳市金宏威技术股份有限公司100%股权
19293312,中煤华晋49%的股权
16165472,浙江交工100%股权
1848008,天马时空80%股权和上游信息30%股权
19333597,中国信达、中国东方、国风投基金、结构调整基金、中国人寿、华宝投资、招商平安和国华基金8名交易对方持有的大船重工42.99%股权、武船重工36.15%股权
1855243,苏州枫彩生态农业科技集团有限公司100%股权
14762595,拟购买资产和拟出售资产
976530,中安消100%股权
1679873,南京恒电100%的股权
18845337,陕西龙门教育科技股份有限公司49.22%的股权
16337635,麟游互动100%股权
379738,北京中农信达信息技术有限公司100%股权
14905496,上海金东唐科技股份有限公司100.00%股权
16707690,上海英内物联网科技股份有限公司100%股权、上海乾承机械设备有限公司43%股权
395551,银川新华百货东桥电器有限公司49%的股权
16811392,恒力投资全体股东持有的恒力投资100%股权和恒力炼化全体股东持有的恒力炼化100%股权
311163,北京创世漫道科技有限公司100%股权
1816342,上海储阳光伏电力有限公司持有的国源电力100%股权
1557257,成电医星75.238%股权
14760198,易平川及余江县万象新动投资管理中心（有限合伙）持有的万象新动100%股权
397235,建投集团持有的宣化热电100%股权、沧东发电40%股权及三河发电15%股权
15545173,置出资产与置入资产的合称
12001028,东方拓宇100%股权
119637,竹园国旅70%股权
18839869,安徽中旭建设股份有限公司55%股权
2226736,东方亮彩100%股权
1846378,视上下文情况，指标的公司100%股权或标的公司
16866267,本次交易为上市公司拟以现金购买长影（海南）置业有限公司60%股权、长影（海南）娱乐有限公司47%股权及按持股比例承接标的公司的债务
16369206,"吉林天成矿业有限公司持有的吉林天池钼业有限公司75%股权和吉林天池矿业股份有限公司对吉林天池钼业有限公司享有的34,200万元债权"
1897104,翊腾电子100%的股权
724878,北京捷科智诚科技有限公司100%股权
16346240,中德天翔100%股权及其间接持有的AS公司100%股权
16443667,荆州市天然气发展有限责任公司
15504860,银川卧龙100%的股权、星波通信67.54%的股份
16108498,天富锦持有的天音通信30%的股权
1785508,十一科技81.74%股权
15912444,柏克新能51%股权和精一规划51%股权
2314720,广州易幻网络科技有限公司
1901956,国网节能旗下配电网节能业务
15903456,国旅联合拟通过本次股权转让和本次增资取得的新线中视本次交易完成后51%的股权
15567942,银川卧龙100%的股权、星波通信67.54%的股份
15810326,拟置入股权类资产及拟置入土地类资产的合称
1821362,六医公司66%的股权
1779673,广州岭南电缆股份有限公司100%股权
185264,防御院持有的长峰科技100%的股权
297440,NEWPOPULAR、TYCOONPOWER、德懋投资、资阳弘信、比邻前进和祺鸣投资持有的深圳联懋100%股权
1143726,ft西地方电力股份有限公司100%的股份
1767901,邦柯科技98.7742%股权
16756611,新能源公司持有的会泽公司100%的股权、马龙公司100%的股权、大姚公司100%的股权以及泸西公司70%的股权
15463121,包括置出资产和置入资产
20187442,深圳市粮食集团有限公司100%股权
383168,交易对方合计持有的深圳市范特西科技有限公司100%的股权
1761837,北京中鼎高科自动化技术有限公司100%股权
1672634,交易对方合计持有的安可信100.00%股权
1864183,杭州多赢网络科技有限公司100%的股权
20254168,广浩捷100.00%股权
16189524,北京博睿赛思信息系统集成有限公司100%股权
1767937,世轩科技100%股权
1671738,置入资产与置出资产的合称
19239247,北京我爱我家房地产经纪有限公司84.44%股权
18856092,"明胶有限100%股权、明诺胶囊100%股权、宏升肠衣100%股权、明洋明胶67.03%股权（明洋明胶注册资本为7,320万元，上市公司对明洋明胶的出资额为4,906.50万元，占比67.03%）"
2239864,天河鸿城100%股权
2230786,四通环境65%股权
4953229,三洲核能100%股权
307986,北京中农信达信息技术有限公司100%股权
1672209,拟置入资产与拟置出资产
1809260,交易对方合计持有的华夏电通100%股权
1901289,东盛集团、磐鑫投资、鼎盛金禾持有的ft西广誉远40%股权
1189907,深圳市宝利来投资有限公司100%的股权
15549057,锐安科技66%股权
1822716,值尚互动100%股权
400557,天行网安100%股权
2186186,中煤华晋49%的股权
16779849,广东昇辉电子控股有限公司100%股权
1876892,天马时空80%股权和上游信息30%股权
289821,湖南鸿鹰生物科技有限公司75%股权
1791854,上海激创100%股权、上海麟动100%的股权
15456910,截至评估基准日长城电子100%股权、赛思科29.94%股权，及截至评估基准日中电广通所有资产与负债
439304,卓越鸿昌100%股权
15721298,铁创科技100%股权
16665837,赛英科技100%股权
292966,昆ft迈致治具科技有限公司75%股权
15489458,六合天融100%股权
15882258,速易网络100%股权
16251084,中联畅想（深圳）网络科技有限公司
206909,北京网御星云信息技术有限公司100%的股权
1780983,江苏仕德伟网络科技股份有限公司及昆ft诺克科技汽车装备制造有限公司100%股权
15916860,烟台东方威思顿电气有限公司、烟台东方威思顿电气股份有限公司
16153951,国地置业95.306%股权
16604402,成都货安100%股权
101378,帝晶光电100%股权
4936724,绘宇智能100%股权、智健电子100%股权
15610773,李文等5名交易对方合计持有的华飞电子100%股权
1767115,桐君阁合法拥有的全部资产和负债
15629163,明伟万盛100%股权
81644,南京烽火星空通信发展有限公司49%的股权
1661244,湖南顶立科技有限公司
1803369,荣达矿业49%的股权
277583,交易对方合计持有的嘉园环保80.00%股权及沈阳金建48.91%股权
362561,兴源控股及钟伟尧等11名自然人合计持有的水美环保100%股权
359594,王新、李勇合计持有的亿起联科技100%股权
2276232,交易对方持有的东方梦幻100%的股权
317138,北京泰合佳通信息技术有限公司100%股权
19309766,"宜昌东阳光药业所持有的东阳光药22,620万股内资股股份，占东阳光药股份总数的50.04%"
349474,西安兴正元购物中心67.59%股权及骡马市商业步行街北区西段1-2层47处房产及其对应土地使用权
16936679,李海建、嘉鹏九鼎、涵德基金、华信睿诚、王玉强、嘉仁源、远致创业、富源恒业、王翠持有嘉力达100%的股权
15962119,吉林天成矿业有限公司持有的吉林天池钼业有限公司75%股权和吉林天池矿业股份有限公司对吉林天池钼业有限公司享有的3.42亿元债权
16306744,山西华联99.69%股权和海融兴达100%股权
16007931,丰联酒业控股集团有限公司100%股权
1076483,本次交易中的拟注入资产及拟置出资产
15675561,交易对方持有的诚烨股份100%股权
52817,梁家荣持有世荣实业23.75%的股权
1682315,华油天然气19.67%的股份
19230814,海宁皮革时尚小镇投资开发有限公司
1668704,微赢互动100%股权和云时空88.64%股权
15557585,一芯智能100%股权
16555627,上海恩捷新材料科技股份有限公司100%股权
1809393,北京屹立由数据有限公司
1292483,辽宁方大集团持有的沈阳炼焦100%的股权
15429513,MidnightInvestmentsL.P.80%的出资权益
1555165,深圳市航通智能技术有限公司100%股权
1924376,浙江万厦房地产开发有限公司100%股权、浙江新光建材装饰城开发有限公司100%股权
15706378,天翼视讯100%股权、炫彩互动100%股权、天翼阅读100%股权、爱动漫100%股权
345419,北京泰合佳通信息技术有限公司100%股权
12064567,天翼视讯100%股权、炫彩互动100%股权、天翼阅读100%股权、爱动漫100%股权
16888599,科诺铝业95.3235%股权
18303755,PolymetrixHoldingAG80%股权
15771712,天派电子100%股权
18877252,中盐吉兰泰氯碱化工有限公司100%股权、中盐吉兰泰高分子材料有限公司100%股权、吉兰泰集团纯碱业务经营性资产和负债
15333173,包括置出资产和置入资产
1746127,蓝晶科技100%股权
19205538,苏州波发特通讯技术股份有限公司100%股权
15833699,文脉互动100%股权及麟游互动100%股权
20594422,科盛环保科技股份有限公司
15675772,盾安新能源100%股权
382321,曾逸、众智兴、张为菊、上海联新、钱作忠、罗彤、华澳创投和深圳纳兰德合计持有的深圳众为兴技术股份有限公司100%股份
16599517,上海恩捷新材料科技股份有限公司100%股权
1807281,宇星科技发展（深圳）有限公司
2361368,视上下文情况，指标的公司100%股权或标的公司
1072816,北京亚太安讯科技股份有限公司
14771496,拟购买资产和拟出售资产
15593994,江苏锦明工业机器人自动化有限公司100%股权
361457,金源互动100%股权
80932,付强、黄巍、张威、张宇驰和蔷薇投资持有的第一波80%的股权
16660573,大连壹桥海参股份有限公司海珍品养殖、加工、销售业务相关资产及部分负债
18857010,装备卢森堡100%股权，桂林橡机、益阳橡机主要经营性资产及负债，三明化机、华橡自控生产相关的土地、房产、设备等
348926,天行网安100%股权
14999234,微屏软件科技（上海）有限公司93%股权
1240241,本公司在本次重组过程中拟购买的淮南矿业合法持有的铁运公司和物流公司100%的股权
15929420,晨光稀土100.00%股权、科百瑞71.43%股权、文盛新材100.00%股权
15732438,金石威视100%股权
9889816,翊腾电子科技（昆ft）有限公司
1780061,陈京念、沧州地铁持有的华宇金信49%股权
14879173,拟购买资产与拟出售资产的合称
1858259,胡显春所持申能环保10%股权以及胡亦春所持申能环保50%股权，合计为申能环保60%股权
16879210,CuttersGroupManagementINC.，其持有Cutters100%的股权
2369276,蓝瀚科技96.3158%股权
573921,廊坊新赛浦100%股权
1175927,南京环北市场管理服务有限公司100%股权
18285969,"本次交易为上市公司拟以现金购买长影（海南）置业有限公司60%股权、长影（海南）娱乐有限公司40%股权按持股比例承接长影置业截至评估基准日止所负长影海南文化及其下属或关联企业27,335.97万元的债务及过渡期债务"
14704704,广州游爱网络技术有限公司100%股权
1879206,安康通84%股权、三胞国际100%股权和齐鲁干细胞76%股权
9878762,指灵境科技和迷你世界100%股权
498318,高速集团持有的高速运管公司100%股权和潍莱公司51%股权
16256154,狮之吼100%股权
1245934,三一重机投资有限公司100%股权
285078,西藏林芝百盛药业有限公司
14671377,北京博睿赛思信息系统集成有限公司100%股权
4940532,中能电气持有的金宏威51%的股权
15971723,首映时代100%股权和德纳影业100%股权，根据语境不同亦可单指其中一方
12046301,河南德宝恒生医疗器械有限公司100%股权
1109160,中航工业集团、黎阳集团、西航集团、华融
83249,上海新合文化传播有限公司合计100%的股权
1614148,程宇、常州长平、上海进承、芜湖联企合计持有的煜唐联创100%股权
15480430,陕西延长石油兴化化工有限公司
12032136,益阳中海100%股权
16679828,拟购买资产和拟出售资产
1685219,德赛系统45%的股权、德赛产品39%的股权
15785142,北京矽成半导体有限公司
14758884,东莞鸿图100%股权
321749,深圳市航通智能技术股份有限公司100%股权
1668237,玲涛光电85%股权
356659,兆讯传媒100%股份、翔通动漫100%股权和青雨影视
675814,云南世博出租汽车有限公司100%股权、云南旅游汽车有限公司100%股权、云南世博花园酒店
1089044,分时传媒100%股权
1709875,交易对方持有的兴宁实业100%股权和瑞和商贸100%股权
15353570,嘉博文化、华桦文化、元纯传媒
16879285,宁波江北宜则新能源科技有限公司100%股权
441572,中汽进出口有限100%股权
15667630,广之旅90.45%股权、花园酒店100%股权、中国大酒店100%股权
18881058,交易对方持有的北京中海沃邦能源投资有限公司27.20%股权
2234519,黄ft新力油墨科技有限公司
6328628,永晨石油55%股权
4922277,鼎亮汇通100%财产份额
1791349,PLANAR公司100%股份
1931302,包括置出资产、置入资产
16280475,包括置出资产和置入资产
1810002,中艺生态100%股权
16739924,欧神诺98.39%的股权
227258,上海雅润文化传播有限公司100%股权
1221528,北京网御星云信息技术有限公司100%的股权
321346,中拓时代等十一名交易对方合计持有的天衡药业100%股权
1638091,拟置入资产与拟置出资产的合称
15531721,本公司的水泥主业相关的业务、资产和负债（包括所持有的狮头中联51%的股权）
15201194,杭州悠飞、马可孛罗、杭州悠聚持有的杭州悠可63%股权
15535855,深圳市威富通科技有限公司100%的股权
16676090,上海度势体育文化传播有限公司100%股权
16278179,深圳市威富通科技有限公司100%的股权
2346264,成都数联铭品科技有限公司
19223567,北汽新能源100%股权
395036,盘江集团持有的土城矿、月亮田矿、ft脚树矿和金佳矿4项采矿权、国债专项资金和煤炭价格调节补助基金所形成的安全生产辅助性资产以及54项土地使用权；盘江煤电持有的土城矿、月亮田矿、ft脚树矿等相关矿ft经营性资产；火烧铺矿改扩建工程、老屋基矿生产经营辅助性资产、盘北选煤厂生产经营辅助性资产和老屋基选煤厂生产经营辅助性资产；机电分公司、供应分公司、运销处、机关财务、财务处本部、安全技术培训中心和宣传部等下属职能部门的相关资产；新井公司持有的金佳矿（含洗煤厂）的全部经营性资产。
14879161,拟购买资产与拟出售资产的合称
2275716,全部置出资产和置入资产
395770,指
16896139,北京市新港永豪水务工程有限公司90%股权
16865785,丰联酒业控股集团有限公司100%股权
1649490,巴克斯酒业100%股权
1104199,同原地产100%股权，国展地产100%股权、深圳鑫润100%股权、东银品筑49%股权
241180,交易对方持有的江苏天楹环保能源股份有限公司100%的股份
322818,华工百川100%的股权
1245491,万泽地产47.75%股权；常州万泽天海100%股权
4921520,沈阳新北100%的股权和国惠新能源100%的股权
4956024,交易对方持有的观印象100%的股权
1821202,均瑶乳业99.8125%股权
2173133,荣达矿业49%的股权
16239047,江西巨网科技股份有限公司81.48%股权
1881610,康邦科技全体股东所持康邦科技100%股权和江南信安全体股东所持江南信安100%股权
16550995,程力栋、张辉等永乐影视全体股东合计持有的永乐影视100%股权
1856484,沈阳新北100%的股权和国惠新能源100%的股权
16223827,广东科捷龙机器人有限公司等6名股东持有广东宝乐机器人股份有限公司100.00%的股权
1774832,亿程信息100%股权
1729499,新百药业83.87%的股权和天安药业27.77%的股权
16171247,天富锦持有的天音通信30%的股权
19342710,盾安新能源100%股权
2346987,明伟万盛100%股权
78850,置入资产和置出资产
1850598,新百药业83.87%的股权和天安药业27.77%的股权
20163016,交易对方持有的北京中海沃邦能源投资有限公司27.20%股权
1833124,深圳力玛88.88%股权、励唐营销100%股权、华瀚文化100%股权以及远洋传媒100%股权
1807589,苏州易维迅信息科技有限公司66.50%股权
1032795,交易对方合计持有的普天园林70%股权
1713767,本草堂51%股权
153866,宁波市政工程建设集团股份有限公司99.96%的股份。
1780882,波特光盛70%股权及永晨石油55%股权
16290536,烟台舒驰95.42%的股权、中植一客100%的股权
15928166,新世达100%的股权
1090739,云南世博出租汽车有限公司100%股权、云南旅游汽车有限公司100%股权、云南世博花园酒店
16262333,欧神诺98.39%的股权
353761,每克拉美100%股权
1754905,北京四月星空网络技术有限公司100%的股权
1587400,闻泰通讯51%股权
15804286,交易对方合计持有的浙江上优刀具有限公司100%股权
1842583,改制后的林海集团100%股权
81209,姜仲杨、陆旻、韩军、上海完美、苏州龙跃持有的上海游唐网络技术有限公司100%股权
16306714,共青城浩翔等3名交易对方合计持有的君天恒讯100%股权
1854417,深圳玉龙宫、深圳鑫龙海
363665,一方电气80%股权
2365053,浙江正洁环境科技有限公司71.67%股权
1553477,商友控股持有的商友集团75%股权、途乐投资持有的商友国际100%股权
1866510,贵州圣济堂制药有限公司100%股权
20404113,截至评估基准日，中原特钢经评估的全部资产及负债，以及中粮资本100%股权
67111,商友控股持有的商友集团75%股权、途乐投资持有的商友国际100%股权
1570776,继教网100%股权、西安习悦100%股权
4958429,华资软件100%股权，航天金盾30.76%股权
1815721,博辕信息95.22%股权
1628468,拟置入资产和拟置出资产
1632182,长春天成100%股权和北京招通致晟100%股权
15903535,联奕科技100%股权
1701254,华久辐条100%的股权
14472859,中原电子100%股权、圣非凡100%股权
1565536,黄种溪、曾小俊、周路明和林嘉喜持有的酷牛互动100%的股权
19315092,"宜昌东阳光药业所持有的东阳光药22,620万股内资股股份，占东阳光药股份总数的50.04%"
16182229,杭州环北丝绸服装城有限公司100%的股权
15658783,十一科技81.74%股权
16768073,金泰莱100%的股权
150506,拟置出资产和拟注入资产的合称
15876150,交易对方持有的嘉事明伦24%股权、嘉事康元24%股权、嘉事嘉成24%股权、嘉事爱格29%股权、嘉事馨顺和24%股权、嘉事杰博24%股权、嘉事嘉意24%股权、嘉事谊诚29%股权、嘉事盛世24%股权、金康瑞源24%股权、嘉事唯众24%股权、嘉事国润24%股权
15572410,东盛集团、磐鑫投资、鼎盛金禾持有的山西广誉远40%股权
1635139,交易对方持有的香江商业100%股权和深圳大本营100%股权
756777,拟置入资产和置出资产
16726110,江西绿润100%股权、江门绿顺100%股权。
1822087,李巍屹、李继昌、李巍岩、王敬芝、李巍峰5名自然人合计持有的师凯科技100%股权
14756383,交易对方合计持有的恒峰信息100%股权
16520699,海南亚洲制药股份有限公司100%股权
1110045,"盾安禾田70%股权、珠海华宇70%股权、重庆华超100%股权、天津华信100%股权、苏州华越100%股权、美国精工100%股权、精工集团拥有的土地使用权157,379.30平方米和房屋78,483.82平方米"
14810793,普莱德100%的股权
1785196,交易对方所持有的Keystone81.0034%股权
402041,金达照明100%股权
1838980,万达信息拟非公开发行股份购买的嘉达科技99.4%股权
16443505,江阴道达汽车饰件有限公司
351127,高科润100%股权
1721556,交易对方合计持有的云克药业52.1061%的股权
1685417,南京烽火星空通信发展有限公司49%的股权
2365981,绘宇智能100%股权、智健电子100%股权
15540904,开心人信息100%股权
20370186,上海新视界眼科医院投资有限公司51%股权
1851697,浙江万厦房地产开发有限公司100%股权、浙江新光建材装饰城开发有限公司100%股权
1977155,宁波昊圣投资有限公司100%的股权
2369249,北京景ft创新通信技术有限公司100%股权
285759,宇通客车本次发行股份及支付现金购买的精益达100%股权
314594,成都英德生物医药装备技术有限公司85%股权
1809825,晨光稀土100.00%股权、科百瑞71.43%股权、文盛新材100.00%股权
1889919,京能集团持有的京能煤电100%股权
14737011,四明投资100%股权和梵帝贸易100%股权
344307,中软金卡100%股权
1788369,广州威能机电有限公司
1777500,拟置入资产与拟置出资产
1783856,王桂兰、五岳嘉源、睿石成长和飞腾投资合计持有的金宏威51%的股权
16685515,珠海视通超然文化传媒有限公司100%股权
16519639,圣农食品100%的股权
1711241,东阳瑞吉祥影视传媒有限公司、北京中视精彩影视文化有限公司100%股权
1569728,青岛康平60%股权
1935321,资产出售方合计持有的远大物产48%的股权
1807353,十一科技81.74%股权
1681103,苏州枫彩生态农业科技集团有限公司100%股权
15540901,上市公司持有的银茂矿业80%股权
403267,高琍玲、杨志峰、杨生哲、高润之和新光股权投资持有的新光环保100%的股权
20365687,数智源85.0006%股权及明日实业100%股权
15462286,上海灵娱100%股权
15816528,武汉帕太100%股权
15367064,乐博教育全体股东所持乐博教育100%股权
15919922,京能集团持有的京能煤电100%股权
20259872,麟游互动100%股权
2158278,资产出售方合计持有的远大物产48%的股权
1355772,深圳广电集团、宝安区国资委持有的分立后天宝存续公司100%的股份和深圳广电集团、龙岗区国资委以及坪ft新区发财局持有的分立后天隆存续公司100%的股份
580982,永乾机电100%股权
14784232,李巍屹、李继昌、李巍岩、王敬芝、李巍峰5名自然人合计持有的师凯科技100%股权
16194803,上海金东唐科技股份有限公司100.00%股权
16559057,苏州波发特通讯技术股份有限公司100%股权
167780,拟出售资产和拟购买资产的总称
16879006,PolymetrixHoldingAG80%股权
279201,成纪药业100%股权
317952,青岛英东模塑科技集团有限公司100%股权
1739383,本次交易拟出售的绵阳倍特、倍特物业100%股权
20295477,霍尔果斯神州易桥股权投资合伙企业（有限合伙）持有的霍尔果斯快马财税管理服务有限公司60%股权
1769432,格锐环境100%股权
1887111,北京博雅立方科技有限公司
284081,"DMW全资子公司DearbornMid-WestCompany,LLC100%的股权"
15746395,泰坦新动力100%股权
1727326,天马时空80%股权和上游信息30%股权
9898835,截至基准日，国农科技所拥有的北京国农置业99%股权
15732191,恒力投资全体股东持有的恒力投资100%股权和恒力炼化全体股东持有的恒力炼化100%股权
1592614,中拓时代等十一名交易对方合计持有的天衡药业100%股权
1665879,陆初东、钱玉军持有的雷迪奥40%股权
1133872,北大荒米业98.55%股权
19299821,赛英科技100%股权
16926675,上海盛蔚矿业投资有限公司的股权
2360005,苏军持有的鼎盛意轩100%的股权以及廖锦添、方敏和马瑞锋持有的亿万无线100%的股权
88856,执诚生物100%股权
1776190,茂业控股100%的股权
1851519,北方微电子100%股权
15536335,拟置出资产与拟购买资产的合称
1722561,陆初东、钱玉军持有的雷迪奥40%股权
16932709,交易对方持有的江西合纵锂业科技有限公司67.9072%的股权
1739473,拟出售资产和拟购买资产
1839057,丽江德润房地产开发有限公司
15731796,南京电研电力自动化股份有限公司100%股权
15487441,罗伟广、前海喜诺、至尚投资合计持有的喜诺科技100%股权；纳兰德基金持有的OMG新加坡36%股权
16428984,富诚达100%的股权
15979697,Newegg55.70%的权益
18876930,上海共创100%股权
2365972,方欣科技有限公司100%股权
1750116,泛海控股持有的三江电子的75%股权
10795526,小子科技86.5%股权和无锡线上线下90%股权
16360507,倍泰健康100%股权
2359378,赣州东磁100%股权及钕铁硼业务相关资产
1859574,闻泰通讯51%股权
1859574,闻泰通讯51%股权
1778437,深圳金桔莱100%股权
1800735,湖北迈亚毛纺有限公司100%股权
16720655,上海鑫燕隆汽车装备制造有限公司100%股权
676894,宽翼通信100%股权
19275425,北京神州视翰科技股份有限公司
16294450,上海共创100%股权
19238782,北京科信盛彩云计算有限公司85%的股权
1822553,赣州东磁100%股权及钕铁硼业务相关资产
16843092,北京中天嘉华信息技术有限公司100%股权
218928,"三友集团、碱业集团持有的兴达化纤39,084.02万股股份（60.13%的股权）"
1596637,"皖维集团持有的皖维膜材100%股权以及549,274.46平方米土地使用权"
1229783,厦门象屿股份有限公司100%股权
18844359,科诺铝业95.3235%股权
934110,达明科技100%股权
783801,游久时代（北京）科技有限公司100%股权
2291144,拟置入资产与拟置出资产的合称
19315747,交易对方合计持有的萨拉摩尔100.00%股权
20525891,快乐阳光100%股权、芒果互娱100%股权、天娱传媒100%股权、芒果影视100%股权、芒果娱乐100%股权的统称
443619,荣盛控股所持有的盛元房产60%股权、海滨置业51%股权
278762,智翔信息100%的股权
16144252,新泉阳泉75.45%股权，园区园林100%股权
2158646,宁波劳伦斯汽车内饰件有限公司和上海戈冉泊精模科技有限责任公司
15523701,西乌珠穆沁旗银漫矿业有限责任公司100%股权、正镶白旗乾金达矿业有限责任公司100%股权
407649,东大科技及吕定雄等27名自然人股东持有的东大泰隆公司100%的股权
1847239,润兴租赁75.00%的股权
16818861,品田投资持有的宏投网络49%股权
445232,汇金科技100%股权
2355768,上市公司拟购买的汉柏科技有限公司100%股权
18297515,成都业康置业有限公司100%股权
1784200,东方亮彩100%股权
1820811,快云科技100%股权、兆荣联合100%股权
16739905,盾安新能源100%股权
1806606,托里县世峰黄金矿业有限公司72%股权
288885,兴源控股及钟伟尧等11名自然人合计持有的水美环保100%股权
1844362,交大微联90%股权和武汉利德100%股权
16494343,天辰智能100%股份
148693,南京纺织品进出口股份有限公司持有的南京南泰国际展览中心有限公司100%股权
9892836,海航基础产业集团有限公司100%股权
20198723,PolymetrixHoldingAG80%股权
15511127,上市公司持有的银茂矿业80%股权
1878430,东于煤业100%股权、汾西太岳76.96%股权、美锦煤焦化100%股权、天津美锦100%股权以及大连美锦100%股权
1805432,苏州华启智能科技有限公司100.00%股权、广州嘉崎智能科技有限公司100.00%股权
1683390,华新机电100%股权
16213679,泰坦新动力100%股权
16250690,上海共创100%股权
1674352,传化物流集团有限公司
15599757,通威太阳能（合肥）有限公司100%股权
203094,北京神州新桥科技有限公司100%股权
50090,西南商厦持有的新西南100%的股权
1746816,截至评估基准日，中电兴发全体股东持有的北京中电兴发科技有限公司100%的股份
356827,拟购买资产和拟出售资产的总称
1824136,川开电气股份有限公司100%股权
15300655,倍泰健康100%股权
1238854,重庆商社新世纪百货有限公司100%的股权
1908908,华远国旅100%股权
1819509,宁东铁路100%股权，包括交易对方补偿关联方占款处置与担保损失的部分及上市公司发行股份购买的部分
1849883,拟购买资产与拟出售资产的合称
16731116,北京神州视翰科技股份有限公司
15549115,广州易幻网络科技有限公司
215951,上海三七玩网络科技有限公司60%股权
370629,交易对方合计持有的赛石集团100%股权
1861436,增资计划完成后的新海轮渡100%股权
7176433,铁城信息100%股权
15628047,如家酒店集团
1633583,中国有色金属工业再生资源有限公司
1647230,中国有色金属工业再生资源有限公司
16381026,上海创开100%的股权
12032138,新世达100%的股权
313392,中软金卡100%股权
509520,商业城所其持有的辽宁物流有限公司99.94%股权和沈阳安立置业经营有限责任公司100%股权
4937382,河南德宝恒生医疗器械有限公司100%股权
2341318,苏州高新创业投资集团有限公司100%股权
19274799,常州市金牛研磨有限公司
19320059,李海建、嘉鹏九鼎、涵德基金、华信睿诚、王玉强、嘉仁源、远致创业、富源恒业、王翠持有嘉力达100%的股权
1804923,吉林省高升科技有限公司100%股权
1681593,湖南乐福地医药包材科技有限公司100%股权
15463322,中航黑豹持有的上航特66.61%股权、安徽开乐北厂区土地使用权及地上建筑物
15779935,广东科捷龙机器人有限公司等6名股东持有广东宝乐机器人股份有限公司100.00%的股权
1088186,置出资产与置入资产
1710589,齐鲁科力99%股权
18286318,启行教育100.00%股权
350864,东蓝数码100%股权和天云科技100%股权
1719955,交大微联90%股权和武汉利德100%股权
1660028,玲涛光电85%股权
9025380,鼎亮汇通100%财产份额
6424904,上市公司拟购买的舟ft港股份有限公司85%的股份
1771010,天业集团持有的天伟化工62.50%股权，以及天伟化工生产经营所使用的4宗土地使用权
16273038,申龙客车100%股权、旭虹光电100%股权
1842993,东于煤业100%股权、汾西太岳76.96%股权、美锦煤焦化100%股权、天津美锦100%股权以及大连美锦100%股权
1035840,中建商混100%股权，天津新纪元100%股权及ft东建泽55%股权
16932441,广东润星科技股份有限公司100.00%股权
16740017,山南弘扬投资管理有限公司、上海双鹰投资管理有限公司、王素萍合计持有的港澳资讯50.5480%股权
1215650,拟出售资产、拟购买资产
1711403,藏愚科技100%股权
2300025,苏州科环环保科技有限公司
602106,洛阳伊众93%股权
77525,黄金集团持有的黄金洞矿业100%股权
690400,李芃、刘彩玲、博杰投资、博萌投资合计持有的博杰广告89%股权
1857162,全部置出资产和置入资产
16202475,浙江通策健康管理服务有限公司
16430080,联奕科技100%股权
1838013,"TCL多媒体拟向认购方新增发行的348,850,000股普通股"
15813710,广州铭诚计算机科技有限公司本次增资扩股的51%股权
784037,天津壳木100%的股权
1864275,方欣科技有限公司100%股权
1593542,灵云传媒100%股权
18892337,丰联酒业控股集团有限公司100%股权
16085080,浙江交工100%股权
16866045,宁波东方亿圣投资有限公司100%的股权
18291650,拟购买资产和拟出售资产
16640074,华威新材料100%的股权
89106,兴源控股及钟伟尧等11名自然人合计持有的水美环保100%股权
15519795,绘宇智能100%股权、智健电子100%股权
16323710,金艺珠宝100%股权、捷夫珠宝100%股权、臻宝通99.06%股权、贵天钻石49%股权
1817217,交易对方持有的蓝星东大99.33%的股权
163067,拟出售资产和拟购买资产的总称
4938082,联动优势科技有限公司91.56%股权
14673375,新海轮渡100%股权
15031991,方欣科技有限公司100%股权
15527658,天翼视讯100%股权、炫彩互动100%股权、天翼阅读100%股权、爱动漫100%股权
2314751,完美环球拟收购的完美数字科技等2名股东所持完美世界100%的股权
15895354,上海盛蔚矿业投资有限公司99.78%的股权
16298544,武汉飞游100%股权及长沙聚丰100%股权
20385170,内江市鹏翔投资有限公司100%股权
15575501,八大处控股持有的文凯兴20.22%的股权
16618881,浙江交工100%股权
1840949,创兴资源持有的神龙矿业100%股权
1655201,交易对方合计持有的标的公司100%的股权
16827170,科诺铝业95.3235%股权
289832,王新、李勇合计持有的亿起联科技100%股权
4942101,上海米健信息技术有限公司49%的股权
1311268,中建商混100%股权，中建双元100%股权，五局混凝土公司100%股权，天津新纪元100%股权及ft东建泽55%股权
1843545,国网电科院持有的武汉南瑞100%股权
83591,珠海市斗门区世荣实业有限公司23.75%股权
20540642,交易对方持有的起帆投资有限公司40%股权
1688464,新华通100%股权
99730,广东先强药业有限公司97.69%股权
1827384,中房长远100%股权、中房华北100%股权
1316785,塔中矿业有限公司100%股权
16901282,成都环球世纪会展旅游集团有限公司
19168796,中煤华晋49%的股权
285990,浦东中软90.185%股权
1709980,北京盛世骄阳文化传播有限公司
1256589,本次交易拟购买的上汽集团与工业有限的资产合称
16060054,时空能源100%的股权/股份
338911,中科新瑞100%的股权
4946728,李文等5名交易对方合计持有的华飞电子100%股权
15663551,中兴物联84.07%股权
15328762,铁创科技100%股权
1900611,亿家晶视100%股权、上海广润100%股权和北京维卓100%股权
1595355,拟置入资产与拟置出资产的合称
357856,昆ft迈致治具科技有限公司75%股权
1777792,川开电气股份有限公司100%股权
9900612,西安三人行传媒网络科技股份有限公司
15594831,拟购买资产和拟出售资产
16499541,苏州旭创100%股权
4958553,联动优势科技有限公司91.56%股权
4927126,翊腾电子科技（昆山）有限公司
14590521,上海润金文化传播有限公司100%股权
16516919,大象广告股份有限公司98.80%股权
16022682,上海云克网络科技有限公司
16937776,橙思投资、信立投资、信传投资、老板电器、金投智汇和永滈投资持有的信立传媒100%的股权
153946,包括拟置出资产和拟置入资产
19424080,匠芯知本（上海）科技有限公司100%股权
15512673,苏州绿岸95%股权
16290561,上海润金文化传播有限公司100%股权
16288718,除美年大健康外，慈铭体检其他股东持有的慈铭健康体检管理集团有限公司72.22%股权
355273,置出资产和注入资产的全称
63827,拟出售资产及拟购买资产
16870609,亿家晶视70%股权
15600096,中兴物联84.07%股权
1702864,市北集团持有的市北发展、泛业投资等2家公司各100%股权
1843616,拟置入资产与拟置出资产
1786212,深圳金桔莱100%股权
15456544,联动优势91.56%权益（对应出资比例95.70%）
16731031,中煤华晋49%的股权
16818572,亿家晶视70%股权
1811881,深圳宜和股份有限公司
437942,北京捷科智诚科技有限公司100%股权
12052692,北方微电子100%股权
15461936,截至2016年5月31日，中石油集团持有的经审计和评估确认的中油资本100%股权
16797497,上海盛蔚矿业投资有限公司的股权
16083135,圣农食品100%的股权
15912536,杭州环北丝绸服装城有限公司100%的股权
6127261,成都数联铭品科技有限公司
353755,浙江越王珠宝有限公司100%股权
2031725,福瑞斯100%股权、瑞宇健身100%股权
18285810,辽源鸿图锂电隔膜科技股份有限公司100%股权
1785805,龙泉股份拟收购的交易对方所持新峰管业100%的股权
1776123,福建森源股份有限公司100%股权
1712509,环境公司100%股权
676283,东汐广告49%股权、波释广告49%股权和美意互通70%股权
15740333,北京矽成半导体有限公司
4917797,赤子城移动100%股份
1631948,交易对方持有的唐ft开诚电控设备集团有限公司80%股权
15760956,RW的全部权益
18888400,中煤华晋49%的股权
20487295,广西三维100%的股权
1767803,波特光盛70%股权及永晨石油55%股权
1581306,京汉置业100%股权
16189472,积硕科技100.00%股份
15936442,桂林倍利100%股权、PTG90%股权、黄海集团工业胎相关土地和房产
2224872,匡时国际100%股权
18280495,上市公司持有的嘉陵全域45%股权及相关资产，位于重庆市北碚区华光村的土地使用权、地上建筑物及相关机器设备
1839169,电子玻璃公司拥有的CX01生产线、CX03生产线相关设备及专利技术
1710146,上海电驱动100%股权
303224,拟置入资产与拟置出资产
2230130,瀚天润海持有的瀚天星河90%的股权
357717,宝塔陵园100%股权
16651775,上海盛蔚矿业投资有限公司99.78%的股权
2291153,北京康远制药有限公司100%股权
18833464,交易对方持有的江西合纵锂业科技有限公司67.9072%的股权
2049472,川云公司100%股权
1824647,海骏科技95.67%股权、嬴湖创造90%财产份额和嬴湖共享90%财产份额
4925777,金点园林100%股份
1775233,杭州多赢网络科技有限公司100%的股权
16631551,狮之吼100%股权
542699,北京车网互联科技股份有限公司75%股权
18872318,注入苏盐集团食盐经营相关业务后的苏盐连锁100%股权及南通盐业51%股权
17019527,狮之吼100%股权
16488391,烟台东方威思顿电气有限公司、烟台东方威思顿电气股份有限公司
1809287,上海泽润生物科技有限公司33.53%股权、嘉和生物药业有限公司15.45%股权
16394296,匠芯知本（上海）科技有限公司100%股权
16878741,天辰智能100%股份
1684187,亚力盛80%股权
15396304,师凯科技100%股权
582219,置入资产和置出资产
15556572,交易对方合计持有的恒峰信息100%股权
1830024,江苏华大离心机制造有限公司，标的公司
14771350,上海莹悦网络科技有限公司100%股权
676890,银汉售股股东拟转让的银汉50.88%股权
1810340,日月同行100%股权
1639885,天象互动100%股权
14671381,莱州金盛矿业投资有限公司
410734,黔锦矿业100%股权
1842303,久爱致和100%股权、久爱天津100%股权和泸州致和100%股权
1841748,深圳市创世纪机械有限公司100%股权
15520580,中煤华晋49%的股权
4950638,德马吉国际展览有限公司100%的股权
15604926,广州易幻网络科技有限公司
240675,中ft百得厨卫有限公司
1902006,中原电子100%股权、圣非凡100%股权
715345,玩蟹科技100%股权和上游信息70%股权
1849432,赣州东磁100%股权及钕铁硼业务相关资产
1841128,陕西必康100%的股权
1889972,交易对方合计持有的华夏电通100%股权
4953001,上海储阳光伏电力有限公司持有的国源电力100%股权
15304767,本次交易拟购买的杜尔集团CSP业务85%权益，包括股权资产及非股权资产
226726,向荣矿业和德荣矿业100%股权
304746,广东星辉合成材料有限公司70%股权和星辉合成材料（香港）有限公司100%股权
2137591,西部公司100%股权、泰丰科技100%股权、泰丰投资90%股权、深圳华宝100%股权、经发公司90%股权
16698737,交易对方持有的双林投资100%的股权
5234707,维多利集团70%股权
20328568,北汽新能源100%股权
16740318,"明胶有限100%股权、明诺胶囊100%股权、宏升肠衣100%股权、明洋明胶67.03%股权（明洋明胶注册资本为7,320万元，上市公司对明洋明胶的出资额为4,906.50万元，占比67.03%）"
16756228,卓誉自动化
16828127,金杯车辆100%股权
18875180,上海运能100%的股权
1787032,上海新高峰生物医药有限公司100%的股权
15839039,上海鑫燕隆汽车装备制造有限公司100%股权
1724878,深圳市伟创自动化设备有限公司100%股权
20253243,深圳市粮食集团有限公司100%股权
6424886,ft东泰ft能源有限责任公司
1446179,"晶源科技持有的晶源电子3,375万股股份（占晶源电子总股本的25%）"
9875021,中技控股持有的中技桩业的94.4894%的股权
16302752,分金亭医院100%股权、同仁医院100%股权、建昌中医院100%股权
1128196,16.33%的ft东临工股权
1831616,丽江德润房地产开发有限公司
15736831,浙江华通云数据科技有限公司
793550,交易对方合计持有的凌拓科技100%股权
18298205,上海共创100%股权
1864127,北方微电子100%股权
1812916,上海华明100%股权
15993821,明伟万盛100%股权
18875263,广东唯一网络科技有限公司，曾用名“东莞市唯一网络科技有限公司”
919814,玉龙矿业69.4685%股权及银泰酒店公司100%股权
738649,陈大庆等33名自然人合计持有的淮交院公司100%股权
993534,旺鑫精密100%的股权
15896278,龙之杰合计100%的股权；博日鸿合计100%的股权
1724758,珠海市运泰利自动化设备有限公司100%股权
1850910,万盛达扑克60%股权、乐天派80%股权
353845,浙江越王珠宝有限公司100%股权
202335,北京神州新桥科技有限公司100%股权
19975014,中化国际物流有限公司60%股权
15785219,武汉悦然心动网络科技股份有限公司
2369250,北京景ft创新通信技术有限公司100%股权
1923238,爱德康赛
15895071,开心人信息100%股权
2134138,四通环境65%股权
15667182,本香农业70%股权
1844490,海骏科技95.67%股权、嬴湖创造90%财产份额和嬴湖共享90%财产份额
1589710,桐君阁截至评估基准日合法拥有的全部资产和负债
16411876,交易对方持有的天津市松正电动汽车技术股份有限公司52.3787%股权
1848884,益阳中海100%股权
18872745,橙思投资、信立投资、信传投资、老板电器、金投智汇和永滈投资持有的信立传媒100%的股权
15516741,金艺珠宝100%股权、捷夫珠宝100%股权、臻宝通99.06%股权、宝庆尚品49%股权、贵天钻石49%股权
400852,华宇园林100%股权；根据文义，有时亦指华宇园林
2141518,成都小企业融资担保有限责任公司81.034%的股权
14771325,上海莹悦网络科技有限公司100%股权
602882,交易对方合计持有的广西南城百货股份有限公司100%
1911012,天河鸿城100%股权
16297971,奥能电源100%股权
1925664,上海莹悦网络科技有限公司100%股权
569139,中兴能源装备股份有限公司100%的股份
311168,天津滨河创新科技有限公司100%股权
4938383,广东合利金融科技服务有限公司90%股权
15557138,新华化工、兴创源投资、新昊投资持有的新泰材料100%股份
20161778,北京联创种业股份有限公司90%股权
361878,北京捷科智诚科技有限公司100%股权
1973949,康邦科技全体股东所持康邦科技100%股权和江南信安全体股东所持江南信安100%股权
1263449,扬州制药有限公司100%的股权
1712930,陕西必康100%的股权
16738760,北京市新港永豪水务工程有限公司75%股权
1155636,拟注入资产、拟置出资产和拟出售资产
16946142,新能源公司持有的会泽公司100%的股权、马龙公司100%的股权、大姚公司100%的股权以及泸西公司70%的股权
775904,顺特电气设备有限公司
16888060,上市公司控股子公司新勤上90%股份、勤上半导体100%股权及参股公司江西勤上30%股权、安徽勤上30%股权、莱福士光电30%股权、安徽邦大勤上25%股权、福建国策光电20%股权、江苏尚明13.33%股权、慧誉同信4.67%股权、中科半导体3.75%股权。勤上股份向交易对方转让上述参股公司股权尚需分别取得相应参股公司的其他股东同意
15753702,国机精工有限公司
15950989,中煤华晋49%的股权
2226779,智途科技39.12%股权、杭州清普70%股权
19341006,交易对方持有的双林投资100%的股权
19288922,"本次交易为上市公司拟以现金购买长影（海南）置业有限公司60%股权、长影（海南）娱乐有限公司40%股权按持股比例承接长影置业截至评估基准日止所负长影海南文化及其下属或关联企业27,335.97万元的债务及过渡期债务"
9880651,湖南新合新生物医药有限公司70%股权
1614150,海门市森达装饰材料有限公司100%股权
209062,新浩艺软件、凌克翡尔、上海派博、上海信御和上海翊广五家公司100%的股权。
15429612,泰ft石膏35%的股权
79647,新余深业投资合伙企业（有限合伙）、新余方欣投资合伙企业（有限合伙）持有的欧朋达100%股权
14781452,四明投资100%股权和梵帝贸易100%股权
1583746,巴克斯酒业100%股权
2033669,宁波劳伦斯汽车内饰件有限公司和上海戈冉泊精模科技有限责任公司
1627692,商友控股持有的商友集团75%股权、途乐投资持有的商友国际100%股权
1834872,力鼎银科持有的吉林康达85%股权以及王宇红持有的宁夏吉峰41%股权
1636531,国轩高科99.26%股权
15627000,广州证券股份有限公司24.4782%股权
20289390,西安新鸿业15%股权
1808641,浙江梦幻星生园影视文化有限公司100%股权
4949587,付正桥、郑硕果及慧果投资持有的中科富创（北京）科技有限公司100%股权
16532353,麟游互动100%股权
1400660,江苏扬动电气有限公司100%的股权
15343212,创维液晶器件（深圳）有限公司100%的股权
15653981,拟购买资产和拟出售资产
2303667,山西华联99.69%股权和海融兴达100%股权
14904669,山东实杰生物科技股份有限公司85%股权
1780824,浩耶上海100%股权
18869548,上海傲源医疗用品有限公司
270102,鸿ft热电100%股权、福能新能源100%股权和晋江气电75%股权
15462772,金耀药业62%的股权
1747750,交易对方持有的唐ft开诚80%股权
15813593,苏进持有的拟转让于得润电子之柳州双飞60%股权
1653259,交易各方合计持有的新华通100%股权
15501920,华森塑胶100%股权
19293088,北京中科金财电子产品有限公司51%股权
77968,交易对方合计持有的标的公司100%的股权
1826217,上海电驱动100%股权
381442,"皖维集团持有的皖维膜材100%股权以及549,274.46平方米土地使用权"
356087,东泰燃气100%股权、东泰压缩100%股权、昆仑利用49%股权、青岛润昊100%股权
1773642,ft东泰ft能源有限责任公司56%的股权
474630,交易对方持有的兴宁实业100%股权和瑞和商贸100%股权
619741,联怡香港持有的伟仕控股有限公司之股份（或者股权）
619741,伟仕控股有限公司，香港联交所上市公司，代码为856
15461804,四通环境65%股权
290182,柘中电气100%股权和柘中集团全部净资产
15962417,截至评估基准日长城电子100%股权、赛思科29.94%股权，及截至评估基准日中电广通所有资产与负债
1068410,恒逸集团、鼎晖一期、鼎晖元博、邱建林先生及方贤水先生持有的恒逸石化100%的股份
82466,宝塔陵园100%股权
6547991,响水恒利达100%股权
16313701,狮之吼100%股权
16303033,柏克新能51%股权和精一规划51%股权
12643,御嘉影视100%股权
12051731,交易对方合计持有的宁波康奈特国际贸易有限公司100%股权
1747159,九夷能源全体股东合计持有的九夷能源100%的股权
1902684,"栖霞集团所持有的370,575,111股河北银行股份"
1861325,上海冠致工业自动化有限公司100%股权以及华晓精密工业（苏州）有限公司100%股权
169381,鸿源稀土100%股权
1706270,久工健业100%股权
2380014,猎鹰网络100%股权、亦复信息100%股权、掌汇天下46.875%股权、Spigot100%股权
1760114,智诚光学73.31%股权、富强科技100%股权、德乐科技100%股权
15572010,德马吉国际展览有限公司100%的股权
1667172,宁波瑞源51%股权
290373,交易对方合计持有的科迪隆80%股权及广西先得80%股权
1770979,日月同行100%股权
9875193,浙铁大风100%股权
1856641,上海莹悦网络科技有限公司100%股权
675771,拟购买的互助金圆100.00%的股权
16504741,能投集团持有的能投风电55%股权
2380076,春天融和、乐华文化
12057815,福瑞斯100%股权、瑞宇健身100%股权
1266316,拟出售资产、拟购买资产
16255891,六捷科技55.13%股权
16120298,杭州悠飞、马可孛罗、杭州悠聚持有的杭州悠可63%股权
15303477,李文俊等2名交易对方合计持有的飞腾电子100%股权
1826004,闻泰通讯51%股权
1826004,闻泰通讯51%股权
10796047,苏州贯龙电磁线有限公司95%股权
16862279,"明胶有限100%股权、明诺胶囊100%股权、宏升肠衣100%股权、明洋明胶67.03%股权（明洋明胶注册资本为7,320万元，上市公司对明洋明胶的出资额为4,906.50万元，占比67.03%）"
15612407,海通创新锦程、武汉安可、仙桃祥泰、新材料基金合计持有的武汉元丰100%股权
301775,灵云传媒100%股权
893218,深越光电100%股权
16919997,领益科技100%股权
15723364,苏州旭创100%股权
16259713,中煤华晋49%的股权
361244,上海德梅柯汽车装备制造有限公司100%股权
8778869,上海冠致工业自动化有限公司100%股权以及华晓精密工业（苏州）有限公司100%股权
18285886,截至2017年3月31日止山西三维拥有的有机分厂、丁二分厂和配套职能部门相关的主要资产、负债，具体以《资产评估报告》范围为准
16656595,富诚达100%的股权
1839859,"栖霞集团所持有的370,575,111股河北银行股份"
15694210,泰坦新动力100%股权
1876764,亿家晶视100%股权、上海广润100%股权和北京维卓100%股权
675850,标的股权及三十所北京房产
14791223,深圳市威富通科技有限公司100%的股权
16619854,欧神诺98.39%的股权
15723228,交易对方持有的极光网络90%股权
1723779,北京盛世骄阳文化传播有限公司
18779093,和谐明芯（义乌）光电科技有限公司100%股权
2377649,东方亮彩100%股权
16798233,圣农食品100%的股权
15356945,硕颖数码科技（中国）有限公司
16878744,天辰智能100%股份
1023717,标的股权及三十所北京房产
14785526,中泰生物70%的股权和益泰医药83.5%的股权
16741066,和谐明芯（义乌）光电科技有限公司100%股权
18761453,盾安新能源100%股权
1769502,亚洲电力全体股东所持亚洲电力100%股份
16874673,江阴道达汽车饰件有限公司
1786502,久工健业100%股权
403357,天游软件100%股权和七酷网络100%股权
15605413,山西华联99.69%股权和海融兴达100%股权
16118858,和谐明芯（义乌）光电科技有限公司100%股权
4928871,鼎亮汇通100%财产份额
2137089,包括置出资产、置入资产
1220220,廊坊新赛浦100%股权
1709033,北京中软华泰信息技术有限责任公司100%股权
1569611,NEWPOPULAR、祺鸣投资、德懋投资、TYCOONPOWER、资阳弘信、比邻前进持有的深圳联懋100%股权
359478,国轩高科100%股权
834955,华孚控股、华人投资及朱翠云、宋江、顾振华、潘金平、齐昌玮、张小荷、项小岳、王斌八位自然人合计持有的华孚进出口100％股权，华孚控股所持江西华孚40％股权、华孚控股所持浙江缙云29.7%股权以及华孚控股所持浙江金棉37.5%股权
18761029,中兴物联84.07%股权
16647889,橙思投资、信立投资、信传投资、老板电器、金投智汇和永滈投资持有的信立传媒100%的股权
1096053,顺特电气设备有限公司
112772,浙江越王珠宝有限公司100%股权
1653466,杰普特96.40%股权
350239,华新机电100%股权
120559,广东先强药业有限公司97.69%股权
18291608,匠芯知本（上海）科技有限公司100%股权
14905396,虬晟光电100%股权、江苏科麦特90%股权
1790148,部品件公司、业际光电和平波电子的100%股权
783516,东汐广告49%股权、波释广告49%股权和美意互通70%股权
18855972,截至2017年3月31日止山西三维拥有的有机分厂、丁二分厂和配套职能部门相关的主要资产、负债，具体以《资产评估报告》范围为准
1861789,森华易腾100%股权
1844572,普华领先等5名交易对方合计持有的普德药业85.01%的股份
1623604,德明通讯（上海）股份有限公司65%的股权
1655004,江苏威尔曼科技股份有限公司100%的股权
1831373,智慧海派51%股权和江苏捷诚36.92876%股权
2380942,万方博通100%股权和博惠通100%股权
16694477,杭州国光51%的股权
1707970,茂业控股100%的股权
19728824,注入苏盐集团食盐经营相关业务后的苏盐连锁100%股权及南通盐业51%股权
14945811,东方拓宇100%股权
2185941,江苏国瑞信安科技有限公司
1864201,交易对方持有的观印象100%的股权
1866344,王桂兰、绿能投资、陈军、邬麒、陈新安、刘奇峰和王穗吉合计持有的金宏威49%的股权
280682,交易对方持有的宁夏伊品生物科技股份有限公司100%股权
4920097,龙泉股份拟收购的交易对方所持新峰管业100%的股权
1761356,天业集团持有的天伟化工62.50%股权，以及天伟化工生产经营所使用的4宗土地使用权
15318896,金创盈、金塑创投、陈烈权、广信投资、卞晓凯、王全胜、张忠、万联天泽、康远投资持有的塑米信息100%股权
1907345,包括置出资产、置入资产
1813260,深圳市巨烽显示科技有限公司90%的股权
347034,拟置入资产及拟置出资产
1776059,南昌燃气51%股权、公用新能源100%股权、二次供水公司100%股权
1804413,双鹿实业100%股权、博立信70%股权
19197786,柏克新能51%股权和精一规划51%股权
90928,湘财证券股份有限公司
16914675,本次交易为上市公司拟以现金购买长影（海南）置业有限公司60%股权、长影（海南）娱乐有限公司40%股权及按持股比例承接标的公司的债务
676769,江苏考普乐新材料有限公司100%股权
15641590,四通环境65%股权
359622,旺鑫精密92%的股权
743591,富华宇祺53.21%股权
820853,"盾安禾田70%股权、珠海华宇70%股权、重庆华超100%股权、天津华信100%股权、苏州华越100%股权、美国精工100%股权、精工集团拥有的土地使用权157,379.3平方米和房屋77,917.63平方米"
4920817,中能电气持有的金宏威51%的股权
1819375,中艺生态100%股权
1832099,如家酒店集团、PolyVictory
1616868,市北集团持有的市北发展、泛业投资等2家公司各100%股权
677382,能通科技100%股份和融创天下100%股份
15561148,山东实杰生物科技股份有限公司85%股权
20488543,"康泽药业74.5262%股份（合计195,613,280股）和浙江爱德100%股权"
18851001,各交易对方合计持有的开药集团100%股权或各交易对方单独持有的开药集团一定比例股权
495827,置出资产和置入资产
1791178,广州植之元油脂实业有限公司100%股权及广州东凌粮油销售有限公司100%股权
16436394,广东润星科技股份有限公司100.00%股权
18872487,除全资子公司北京湘鄂情投资所持有的团膳业务之外的其他资产及负债
1774826,江苏院100%的股权
12024772,崇州二医院有限公司70%股权
1857246,改制后的林海集团100%股权
14671261,瑞通芯源合计100%的股权
12031975,小子科技86.5%股权和无锡线上线下90%股权
30860,执诚生物100%股权
1770478,广州威能机电有限公司
1554838,江阴市恒润重工股份有限公司100%股权
4933072,方欣科技有限公司100%股权
15848730,申龙客车100%股权、旭虹光电100%股权
20248253,华通机电100%股权
1659961,浙江梦幻星生园影视文化有限公司100%股权
1808098,北京华泰润达节能科技有限公司100%股权
16918518,江苏智临电气科技有限公司55%股权
32133,宇通客车本次发行股份及支付现金购买的精益达100%股权
1554647,上海天逸电器股份有限公司100%股权、北京博纳电气股份有限公司100%股权
16918609,苏州波发特通讯技术股份有限公司100%股权
16651512,宁波诺信100%股权
15780650,浙报传媒21家一级子公司股权，具体为浙江日报新闻发展有限公司、钱江报系有限公司、浙江智慧网络医院管理有限公司、浙江老年报报业有限公司、浙江日报报业集团印务有限公司、浙江九星传媒有限公司100%股权，浙江在线新闻网站有限公司70.51%股权，浙江法制报报业有限公司、浙江《美术报》有限公司、浙江《江南游报》社有限责任公司、乐清日报有限公司、瑞安日报有限公司、海宁日报有限公司、诸暨日报有限公司、东阳日报有限公司、上虞日报有限公司、绍兴市柯桥日报有限公司、永康日报有限公司、温岭日报有限公司及上海高铁旅游服务有限公司51%股权，和浙江浙商传媒有限公司49%股权。
15638583,拟购买资产和拟出售资产
14391005,华创证券95.01%股权
1134390,建投集团持有的宣化热电100%股权、沧东发电40%股权及三河发电15%股权
153178,拟置入资产和拟置出资产
15320781,苏州汉风科技发展有限公司、南京都乐制冷设备有限公司
1013135,合正电子100%的股权
16440582,本次交易对方拟通过本次交易出售给威远生化的新能矿业100%股权
1121148,标的股份和标的股权
20546946,交易对方持有的梵雅文化94.4046%股权
16170160,上海润金文化传播有限公司100%股权
92235,污水处理公司100%股权
1786672,会通科技100%股权，晓奥享荣49%股权
590541,广百集团持有的广州市新大新有限公司99%
16591437,上海创开100%的股权
16559518,杭州国光51%的股权
18832561,海兰信拟收购的海兰劳雷45.62%股权
397184,北京博得100%的股权
675985,合力泰100%的股权
16830722,注入苏盐集团食盐经营相关业务后的苏盐连锁100%股权及南通盐业51%股权
1555386,云硫矿业100.00%的股权
1680958,浙江珍诚医药在线股份有限公司26.44%股权
1093418,福建新东网科技有限公司
15787539,天地祥云75%股权
1602180,南京烽火星空通信发展有限公司49%的股权
6549449,北方微电子100%股权
18860537,合肥瑞成100%股权及香港瑞控16%股权
14473366,中视合利100%股权、青阳传播100%股权
1023244,高琍玲、杨志峰、杨生哲、高润之和新光股权投资持有的新光环保100%的股权
401835,商业城所其持有的辽宁物流有限公司99.94%股权和沈阳安立置业经营有限责任公司100%股权
16336397,南京江原安迪科正电子研究发展有限公司
630830,陕西省鸿业房地产开发公司
20508994,拟购买资产和拟出售资产的合称
1868405,王桂兰、绿能投资、陈军、邬麒、陈新安、刘奇峰和王穗吉合计持有的金宏威49%的股权
18832973,北京神州视翰科技股份有限公司
321668,交易对方持有的蓝色火焰100%的股份
902498,大唐辉煌100%股权
14629410,贵州圣济堂制药有限公司100%股权
16439835,润泰供应链51%的股权
16873740,麟游互动100%股权
9890271,瑞通芯源合计100%的股权
16651130,新能源集团、御鸿投资、陈积瑜先生、卞慧民先生合计持有的万家设备100%的股权
15697198,金耀药业62%的股权
399720,包括出售资产、置出资产和置入资产
4951056,广州易幻网络科技有限公司
14393187,珠海银隆全体股东持有的珠海银隆新能源有限公司100%的股权
2312750,中煤华晋49%的股权
8515,南京化纤股份有限公司持有的南京金羚房地产开发有限公司70%股权
1788290,值尚互动100%股权
16237503,常州市金牛研磨有限公司
20254330,荣盛控股、三元控股合计所持有的盛元房产100%股权
15747542,复大医疗100%股权
1768996,江苏仕德伟网络科技股份有限公司及昆ft诺克科技汽车装备制造有限公司100%股权
16085320,中德天翔100%股权及其间接持有的AS公司100%股权
16731009,标的公司97.8573%股权
1659360,昊诚电气99.93%股权
18761106,淮矿股份100%股份
19408065,广东海虹药通电子商务有限公司55.00%股权、海虹医药电子交易中心有限公司100.00%股权
1071179,重庆百创91.87％股权、方城置业100％股权、楚盛园61％股权、成源置业100％股权。
15446881,常州华日升反光材料股份有限公司100%的股权
269970,标的股份和标的股权
1825172,湖南新合新生物医药有限公司70%股权
1560599,深圳市初谷实业有限公司100%股权、深圳市兴晖投资发展有限公司100%股权
1227417,四川公路桥梁建设集团有限公司
614593,上海市浦东新区建设（集团）有限公司100%的股权
15707364,北京矽成半导体有限公司
16641029,各交易对方合计持有的开药集团100%股权或各交易对方单独持有的开药集团一定比例股权
367786,中煤科工集团重庆研究院有限公司100%股权、中煤科工集团西安研究院有限公司100%股权、中煤科工集团北京华宇工程有限公司100%股权
1068731,恒逸石化全体股东合计持有的恒逸石化100%的股份
1779097,江苏八达园林有限责任公司100%的股权
20380444,标的公司100%股权
285286,中诺通讯100%股权
1698104,中经电商100.00%股权和汇通宝100.00%股权
1825366,益阳中海100%股权
12027824,成都富江机械制造有限公司100%股权
20295270,西安新鸿业5股权
15318952,华威新材料100%的股权
59560,五家公司各100%股权
213614,全部置出资产和置入资产
312327,上海雅润文化传播有限公司100%股权
1144009,拟出售资产与拟购买资产
288142,帝晶光电100%股权
300830,广东星辉合成材料有限公司70%股权和星辉合成材料（香港）有限公司100%股权
15500780,北京泰豪智能工程有限公司
18884012,新开源生物83.74%股权
549613,广州新科佳都科技有限公司100%股权和广州市佳众联科技有限公司100%股权
10789629,快云科技100%股权、兆荣联合100%股权
16933079,浙江交工100%股权
2378812,常州华日升反光材料股份有限公司100%的股权
1285417,同煤集团持有的塔ft发电60%股权、同华发电95%股权、王坪发电60%股权、大唐热电88.98%股权；临汾宏大持有的豁口煤业100%股权、锦程煤业90%股权
9901531,交易对方合计持有的恒峰信息100%股权
15341746,深中置业75%股权与深中开发75%股权
14905595,金耀药业62%的股权
1685751,励丰文化100%股份和金立翔99股份
14765935,通威太阳能（合肥）有限公司100%股权
932227,汇金科技100%股权
143215,塔中矿业有限公司100%股权
20596831,上市公司拥有的辽宁民族54%的股权、香港民族54%的股权、国贸公司100%的股权、大和公司45%的股权、锦冠公司45%的股权和信添公司45%的股权。
16560132,金艺珠宝100%股权、捷夫珠宝100%股权、臻宝通99.06%股权、贵天钻石49%股权
1895786,交易对方合计持有的鹭路兴60%股权
1721135,河南利华制药有限公司100%股权
1672248,联宜电机100%股权
16375553,苏州旭创100%股权
1808547,川云公司100%股权
1640516,苏州华启智能科技股份有限公司100.00%股权、广州嘉崎智能科技有限公司100.00%股权
1774834,亿程信息100%股权
904358,标的股权及三十所北京房产
14792105,沈阳铁西百货大楼有限公司99.82%股权
1902011,中原电子100%股权、圣非凡100%股权
1065137,拟置入资产与拟置出资产
335732,交易对方合计持有的赛石集团100%股权
359367,亿帆生物100%股权和亿帆药业100%股权
15033068,北京艾莱发喜食品有限公司90%股权
1611529,世轩科技100%股权
17369413,上海CA增资后27.25%股权
15680348,北京趣酷62%股权
12020492,北京康远制药有限公司100%股权
16937883,交易对方合计持有的萨拉摩尔100.00%股权
9904271,拟置出资产与拟购买资产的合称
339242,李建国、李铁合计持有的上海清河机械有限公司100%股权
9892634,杭州嘉楠耘智信息科技有限公司、北京嘉楠耘智信息科技有限公司（杭州嘉楠耘智信息科技有限公司原名）
3864195,南京汉恩数字互联文化股份有限公司65%的股权
2356052,苏州贯龙电磁线有限公司95%股权
15755981,南京电研电力自动化股份有限公司100%股权
1572736,部品件公司、业际光电和平波电子的100%股权
14669307,西乌珠穆沁旗银漫矿业有限责任公司100%股权、正镶白旗乾金达矿业有限责任公司100%股权
20260024,梁燕生、祝威、田迪、杜大成、梁春生、寇承伟持有的常州海登赛思涂装设备有限公司100%股权
289090,中诺通讯100%股权
1685494,城市传媒100%的股份
16685321,八钢公司下属的炼铁系统、能源系统和厂内物流的整体资产、经营性负债与业务，以及制造管理部和采购中心的资产、经营性负债与业务
1824907,海航基础产业集团有限公司100%股权
18833942,上海盛蔚矿业投资有限公司89.38%的股权
346945,新疆天澳牧业有限公司100%股权
16429548,新泉阳泉75.45%股权，园区园林100%股权
1669974,十一科技81.74%股权
1340326,全部置出资产和置入资产
15646259,江苏海四达电源股份有限公司100%股权
14473365,中原电子100%股权、圣非凡100%股权
1579529,北京三吉利能源股份有限公司53.125%股权
322217,广州华炜科技股份有限公司100%股权
9428472,杭州环北丝绸服装城有限公司100%的股权
15488658,江苏和成显示科技股份有限公司100%股权
19198122,北汽新能源100%股权
1468711,新浩艺软件、凌克翡尔、上海派博、上海信御和上海翊广五家公司100%的股权。
16756510,截至基准日，国旅联合所拥有的汤山温泉100%股权
15702948,闻泰通讯51%股权
15702948,闻泰通讯51%股权
16331943,截至评估基准日长城电子100%股权，及截至评估基准日中电广通所有资产与负债
16833568,麟游互动100%股权
295477,北京创世漫道科技有限公司100%股权
16181956,羿珩科技100%股权
1833513,苏州高新创业投资集团有限公司100%股权
19185646,北京中科金财电子产品有限公司51%股权
1766589,双鹿实业100%股权、博立信70%股权
1721335,北京中鼎高科自动化技术有限公司100%股权
1182757,华赢集广、华赢柏沟、银源新安发、银源华强、银源兴庆、森达源煤业
18888411,淮矿股份100%股份
16735561,航天华宇100%股权
9880384,金瑞矿业全资子公司西海煤炭100%股权
16540696,包括置出资产、置入资产
1161909,惠州一公司、惠州二公司、大连乐庭、重庆乐庭及乐庭国际的100%股权
341286,上海大郡81.5321%的股权
19176792,上海傲源医疗用品有限公司
20247377,标的公司千年设计88.22975%股权
1699706,拟置入资产和拟置出资产
15829372,天富锦持有的天音通信30%的股权
15627076,铁城信息100%股权
15843769,华铂科技49%的股权
1820748,巴士在线科技有限公司100%股权
1710447,亿程信息100%股权
16679493,上海恩捷新材料科技股份有限公司100%股权
1931829,永晨石油55%股权
15527714,南宁化工股份有限公司持有南宁绿洲化工有限责任公司的51%股权
1928175,国网节能旗下配电网节能业务
2028969,河南德宝恒生医疗器械有限公司100%股权
1901253,京能集团持有的京能煤电100%股权
1923890,交易对方合计持有的宁波康奈特国际贸易有限公司100%股权
15628391,易平川及余江县万象新动投资管理中心（有限合伙）持有的万象新动100%股权
675418,商友控股持有的商友集团75%股权、途乐投资持有的商友国际100%股权
