18849946,北京麟游互动科技有限公司
1833439,西安嘉业航空科技有限公司
9901889,ft东瑞福锂业有限公司
12001171,浦星公司、双创公司
8392981,国电光伏有限公司
1625075,广州华炜科技股份有限公司，后改制为广州华炜科技有限公司
2216381,浙江手心制药有限公司和佛山手心制药有限公司
1678043,华信天线、佳利电子
1878949,杭州妙聚网络科技有限公司和上海灵娱网络科技有限公司
19164019,上海礼多多电子商务股份有限公司
922319,ft东金盛海洋资源开发有限公司，本次发行股份购买资产的标的公司
1843546,中铁山桥、中铁宝桥、中铁科工及中铁装备
16394845,淮矿地产有限责任公司
16865570,上海集优、自仪泰雷兹及电气置业
15524452,上海极光网络科技有限公司
1714045,吉林康达和宁夏吉峰
6100240,冉十科技、视科传媒
308996,易生科技（北京）有限公司
10793726,宁波新世达精密机械有限公司
2365568,北京艾莱发喜食品有限公司
20239097,JoyCityPropertyLimited，中文名称为“大悦城地产有限公司”
15943015,山东世纪缘珠宝首饰有限公司
16277523,上海睿智化学研究有限公司
16332515,怡创科技、海通天线、嘉瑞科技、驰达飞机
1236893,恒丰银行股份有限公司
277255,昆ft迈致治具科技有限公司
1568221,中煤科工集团重庆研究院有限公司、中煤科工集团西安研究院有限公司和中煤科工集团北京华宇工程有限公司
20302659,成都必控科技股份有限公司（现已更名为“成都必控科技有限责任公司”）
2332142,广州邦讯信息系统有限公司
16494966,上海鑫燕隆汽车装备制造有限公司
16494966,大信会计师事务所为本次交易标的公司鑫燕隆出具的文号为“大信审字[2017]第2-01201号”的审计报告
15943423,幻想悦游、合润传媒
12019278,广州邦讯信息系统有限公司
1678567,牡丹江友搏药业股份有限公司
15346868,深圳市浩能科技有限公司
1587301,广州华工百川科技股份有限公司
19334177,宁波科诺铝业股份有限公司，股票代码：832210.OC
322225,江苏亿金环保科技股份有限公司
9023766,江苏新泰材料科技股份有限公司
1900567,西乌珠穆沁旗银漫矿业有限责任公司、正镶白旗乾金达矿业有限责任公司
1771971,昆吾九鼎投资管理有限公司
1239571,上投房产和通达房产
1070003,北京富华宇祺信息技术有限公司
343956,广东百合蓝色火焰文化传媒股份有限公司
19231392,广东昇辉电子控股有限公司
968007,广东科源电气有限公司，前身为“佛ft市科源电气有限公司”
16264426,武汉悦然心动网络科技股份有限公司
16150088,新辉开科技（深圳）有限公司
16665031,通润达、富润达
16444502,广州市奥威亚电子科技有限公司
16819434,上海礼多多电子商务股份有限公司
1244107,南京生化、安徽生化和红太阳国际贸易
2274799,深圳市值尚互动科技有限公司
1062129,赣州市德普特科技有限公司
1139742,博达瑞恒和西油联合
1093721,江苏艾迪尔医疗科技股份有限公司
728863,江西合力泰科技股份有限公司
1871575,南方银谷科技有限公司
1890331,江苏九龙汽车制造有限公司
16793951,浙江盾安新能源股份有限公司
1822429,江阴长电先进封装有限公司，本公司控股子公司
16924248,宜昌东阳光长江药业股份有限公司
14761177,ft东实杰生物科技股份有限公司
20237487,南京江原安迪科正电子研究发展有限公司
15544078,河北智同生物制药股份有限公司
18872287,成都赛英科技有限公司
16398230,北京六捷科技有限公司
16503936,浙江源态环保科技服务有限公司
16458878,什邡第二医院有限责任公司、宿迁市洋河人民医院有限公司及山东瑞高投资有限公司
15568403,上海优壹电子商务有限公司和广州百伦供应链科技有限公司
341829,长春天成和北京招通致晟
16388489,深圳市润泰供应链管理有限公司
1699587,江苏澳洋健康产业投资控股有限公司，本次交易被收购方
4927756,浙江永乐影视制作有限公司
15681780,广东宝乐机器人股份有限公司
16360422,中联畅想（深圳）网络科技有限公司
16360422,标的公司的股权变更登记至盛讯达名下的相关工商变更登记手续完成之当日
85920,北京九润源电子商务有限公司，本次交易的标的公司
15544036,上海三旗通信科技有限公司、武汉英卡科技有限公司
14212753,深圳市东方拓宇科技有限公司
1819665,深圳市创世纪机械有限公司
15268570,江苏苏美达集团有限公司，原名江苏苏美达集团公司
18845564,深圳市君天恒讯科技有限公司
14673544,上海金东唐科技股份有限公司
9895372,四川会东大梁矿业有限公司、青海锂业有限公司
18820414,天津安埔胜利石油工程技术有限公司
16651266,辽宁邮电规划设计院有限公司
1015599,深圳市高科润电子有限公司
16239450,宁波东方亿圣投资有限公司
1815270,广州植之元油脂实业有限公司及广州东凌粮油销售有限公司
16231371,阜新佳创企业管理有限公司
16231371,CarcousticsInternationalGmbH，系阜新佳创全资子公司德国佳创有限公司之全资子公司，因阜新佳创、德国佳创有限公司均为持股型公司，CCI系最终标的公司
444588,北京武神世纪网络技术股份有限公司
677579,亿帆生物和亿帆药业
9884251,福建同元文化古镇旅游开发有限公司
16559106,红相科技及中强科技
15775160,东莞市雅康精密机械有限公司
16383389,三诺健康
15616878,江苏信托、新海发电、国信扬电、射阳港发电、扬州二电、国信靖电、淮阴发电、协联燃气
1596133,南京恒电电子有限公司
8917629,中原电子、圣非凡
16661446,江苏宏泰高分子材料有限公司
403928,安琪伊犁、安琪赤峰和宏裕塑业的总称
1657362,上海电驱动股份有限公司
1637689,上海凡卓通讯科技有限公司
10803454,江苏省冶金设计院有限公司
763002,北京神奇时代网络有限公司
6423207,四川会东大梁矿业有限公司、青海锂业有限公司
1705029,国投中谷期货有限公司
15486086,惠生（南京）清洁能源股份有限公司
15516059,新泉阳泉，园区园林
342714,江苏斯威克新材料有限公司
2046970,黄山新力油墨科技有限公司
12047209,北京天融信科技股份有限公司
1654025,上海恒润数字科技股份有限公司（变更前的名称“上海恒润数码影像科技有限公司”）
440190,北京创世漫道科技有限公司
4929936,浙江永乐影视制作有限公司
15507069,重庆医药（集团）股份有限公司
580130,云南洪尧园林绿化工程有限公司
762567,博达瑞恒和西油联合
15598972,北京乐博乐博教育科技有限公司
2221293,圆通速递有限公司或其前身上海圆通速递有限公司
4947939,顺丰控股（集团）股份有限公司
4947939,顺丰控股
351747,中煤科工集团重庆研究院有限公司、中煤科工集团西安研究院有限公司和中煤科工集团北京华宇工程有限公司
1792077,浩耶上海及其子公司
16942383,恒鸿达科技有限公司，曾用名福建三元达软件有限公司
278341,中煤科工集团重庆研究院有限公司、中煤科工集团西安研究院有限公司和中煤科工集团北京华宇工程有限公司
1845769,深圳市雷迪奥光电技术有限公司
1713643,上海新合文化传播有限公司
4942315,上海嘉达信息科技有限公司
12001173,重庆金点园林股份有限公司
19221492,国电光伏有限公司
16383525,浙江永乐影视制作有限公司
327451,天元网络、祥升软件
15774780,芜湖三益、国药一心、致君制药、坪山制药、致君医贸、国工有限、国药威奇达、汕头金石、青海制药、新疆制药、中抗制药
15897254,上海成蹊信息科技有限公司
15897254,《上海成蹊信息科技有限公司2015年度、2016年度合并报表的审计报告》
16804471,上海科泰运输制冷设备有限公司
1554318,京汉置业集团股份有限公司（由“北京京汉置业股份有限公司”更名而来）
20328543,郴州丰越环保科技有限公司
1757341,玛西普医学科技发展（深圳）有限公司
14663353,江苏信托、新海发电、国信扬电、射阳港发电、扬州二电、国信靖电、淮阴发电、协联燃气
20280909,北京当当科文电子商务有限公司、北京当当网信息技术有限公司
6131030,江苏信托、新海发电、国信扬电、射阳港发电、扬州二电、国信靖电、淮阴发电、协联燃气
14673695,上海宏投网络科技有限公司
152317,长城宽带网络服务有限公司
16460445,深圳市有棵树科技股份有限公司、深圳市有棵树科技有限公司
1929767,浙江正洁环境科技有限公司
15561014,宁夏紫光天化蛋氨酸有限责任公司
1498801,兴达化纤、远达纤维
15783194,苏州科环环保科技有限公司
20286417,恒力投资（大连）有限公司、恒力石化（大连）炼化有限公司
14663523,钦州盛港、北海港兴、防城胜港、北海北港以及防城北港
16308954,深圳市中兴物联科技有限公司
16308954,凯腾投资、亿倍投资、亿格投资、亿泰投资
1581791,北京华夏电通科技股份有限公司
1637561,医惠科技有限公司、杭州医惠科技有限公司
726050,甘孜州融达锂业有限公司，目前路翔股份持有其51%的股权，为路翔股份的控股子公司
726050,正中珠江对融达锂业两年一期财务报告的《审计报告》（广会所审字[2013]第12005750025号）
1870478,秦皇岛茂业控股有限公司，曾用名：秦皇岛茂业商厦经营管理有限公司
1807370,北京志诚泰和信息科技股份有限公司，原名北京志诚泰和数码办公设备股份有限公司
292983,深圳市沃特新材料股份有限公司，或其变更公司类型后依法存续的法律主体
50010,伟仕控股有限公司，香港联交所上市公司，代码为856
1752197,包括置出资产和置入资产
2246537,三峡金沙江川云水电开发有限公司
2027293,高新核材、深圳沃尔、中科海维、中广核达胜、中广核俊尔、苏州特威及湖北拓普
15710418,浙江俏尔婷婷服饰有限公司
19386201,北京联创种业股份有限公司
511786,广州启生信息技术有限公司
15576247,中国石油集团资本有限责任公司，原名北京金亚光房地产开发有限公司
16849917,宁国市千洪电子有限公司
15451851,上海伊尔美港华医疗美容医院有限公司，于2016年7月由上海伊美尔港华医疗美容医院有限公司更名而来。
2343163,宜兴王子制陶有限公司
74136,四川浩特通信有限公司
14140234,钦州盛港、北海港兴、防城胜港、北海北港以及防城北港
2043211,中特物流有限公司
15721274,北京天融信科技有限公司
280123,福建连城兰花股份有限公司
583457,广州要玩娱乐网络技术有限公司
1458300,AwilcoOffshoreASA，一家根据挪威法律设立且在
1788345,深圳市璇瑰精密技术股份有限公司
1820279,北京赞成科技发展有限公司
1664146,丰汇租赁有限公司
289926,内蒙古鄂尔多斯电力冶金股份有限公司
15621278,浙江华通云数据科技有限公司
1875326,创维液晶器件（深圳）有限公司
1684192,深圳市鼎芯无限科技有限公司
15870414,江苏宏泰高分子材料有限公司
4929625,中华联合保险控股股份有限公司
4929625,中华联合财产保险股份有限公司
15742872,佛山欧神诺陶瓷股份有限公司
588996,惯性公司、时空公司和机电公司
15497748,苏州汉风科技发展有限公司、南京都乐制冷设备有限公司
2365828,乐视影业（北京）有限公司
572833,江苏凯力克钴业股份有限公司
15697403,上海三旗通信科技有限公司、武汉英卡科技有限公司
1567307,安信证券股份有限公司
16223467,升腾资讯、星网视易
1764451,北京天河鸿城电子有限责任公司，前身为北京鸿城网信科技发展有限公司
1764451,天河鸿城100%股权
14758807,怡创科技、海通天线、嘉瑞科技、驰达飞机
1837512,宜租（深圳）车联网科技有限公司
1849914,如家酒店集团、PolyVictory
60885,武汉中商团结销品茂管理有限公司
1866868,深圳市通宝莱科技有限公司与广东迅通科技股份有限公司
19326031,泰安鼎鑫冷却器有限公司
15320606,北京开心人信息技术有限公司
15855926,"CDNetworksCo.,Ltd."
15855926,"KDDI持有的CDNW公司12,149,768股股份。CDNW共发行14,300,000股股份，其中KDDI持有12,149,768股，小股东合计持有270,764股，CDNW持有1,879,468股（库存股）。KDDI所持CDNW公司股份占CDNW公司发行在外流通股（不含库存股）的比例为97.82%。"
16062504,GardnerAerospaceHoldingsLimited
759750,杭州华安无损检测技术有限公司
20443126,国电光伏有限公司
676812,常州晶雪冷冻设备有限公司
1809746,江苏九龙汽车制造有限公司
15612588,海纳川（滨州）发动机部件有限公司与泰安启程车轮制造有限公司
1807286,北京赞成科技发展有限公司
15500680,杭州博泰信息技术服务有限公司
1667325,传化物流集团有限公司
1857269,江海证券有限公司
14141593,武汉帕太电子科技有限公司
14765137,四川四通欧美环境工程有限公司
79089,"DearbornMid-WestCompany,LLC"
1663215,上海海能、德沃仕
16728892,深圳市嘉力达节能科技股份有限公司
10794009,天翼视讯、炫彩互动、天翼阅读、爱动漫
1796276,ft东泰ft能源有限责任公司
67362,同原地产、国展地产、深圳鑫润、东银品筑
1808356,中特物流有限公司
16928410,淮北矿业股份有限公司
15611012,江苏宏泰高分子材料有限公司
61946,浙江海拓环境技术有限公司
448032,天行网安
15032244,北京迷你世界文化交流有限公司
15032244,灵境科技和迷你世界
227424,深圳市金达照明股份有限公司
119515,深圳市国显科技股份有限公司
16245685,天津安埔胜利石油工程技术有限公司
14324119,恒企教育、中大英才
1718655,秦皇岛茂业控股有限公司，曾用名：秦皇岛茂业商厦经营管理有限公司
15921339,江苏明伟万盛科技有限公司，原名为江苏明伟万盛实业有限公司
1798685,西安西谷微电子有限责任公司
314666,安信证券股份有限公司
16429603,卓郎智能机械有限公司
18760615,金艺珠宝、捷夫珠宝、臻宝通、贵天钻石
15670404,完成资产整合后的量子伟业
1703920,爱德康赛
1715264,宁波韵升磁体元件技术有限公司、宁波韵升高科磁业有限公司、北京盛磁科技有限公司
1150003,天宝公司、天隆公司及两者的合称
19275625,合肥科大立安安全技术股份有限公司
295075,北京惠捷朗科技有限公司
18838597,上海光裕汽车空调压缩机股份有限公司，股票代码：836748
16942137,卓能新能源（在卓能新能源变更为有限责任公司后指卓能新能源有限）
677286,海南动网先锋网络科技有限公司
1889975,北京中金云网科技有限公司、北京无双科技有限公司
1811600,广泽乳业、吉林乳品
1893379,天安财产保险股份有限公司，原名天安保险股份有限公司
357289,北京国都互联科技有限公司
4926400,上海万方博通石油化工工程有限公司和北京博惠通科技发展有限公司
9905133,中经电商和汇通宝
14046984,海南海盛、深圳三鼎
15568957,上海灵娱网络科技有限公司
1859145,南京国图信息产业股份有限公司（新三板挂牌公司，简称：国图信息，公司代码：834724）
15033572,上海即富信息技术服务有限公司
15719486,常州金源铜业有限公司
15567134,杭州搜影和北京拇指玩
1760555,中经电商和汇通宝
1820385,鹏起实业
20374162,佳纳能源、青岛昊鑫的统称
571249,深圳市酷牛互动科技有限公司
20496151,马鞍山市中心医院有限公司
1771453,烟台冰轮集团（香港）有限公司
1865121,浙江万厦房地产开发有限公司及浙江新光建材装饰城开发有限公司
1865121,利安达会计师事务所（特殊普通合伙）
14878088,永康众泰汽车有限公司
10796336,承德苏垦银河连杆股份有限公司
1923572,黄ft新力油墨科技有限公司
15659205,北京六捷科技有限公司
19213716,中联畅想（深圳）网络科技有限公司
19213716,标的公司的股权变更登记至盛讯达名下的相关工商变更登记手续完成之当日
967450,深圳市金宏威技术股份有限公司
19293312,山西中煤华晋能源有限责任公司
16165472,浙江交工集团股份有限公司
1848008,天马时空和上游信息
439894,美峰数码、中科奥、名通信息
16919969,成都哆可梦网络科技有限公司
15395285,ft西华卫药业有限公司、安徽德昌药业股份有限公司
2300425,泉州安通物流有限公司及泉州安盛船务有限公司
2300425,安通物流和安盛船务财务数据的模拟备考合并
1855243,苏州枫彩生态农业科技集团有限公司
1679873,南京恒电电子有限公司
18845337,陕西龙门教育科技股份有限公司，在全国中小企业股份转让系统有限责任公司挂牌，证券简称“龙门教育”，证券代码：838830
278814,高要市金岗水泥有限公司
1633694,泉州安通物流有限公司及泉州安盛船务有限公司
1633694,安通物流和安盛船务的备考合并财务数据
16337635,北京麟游互动科技有限公司
379738,北京中农信达信息技术有限公司
14905496,上海金东唐科技股份有限公司
8929070,"TestAmericaEnvironmentalService,LLC"
8929070,"H.I.G.TestAmerica,LLC"
8929070,1.666亿美元
16707690,上海英内物联网科技股份有限公司、上海乾承机械设备有限公司
395551,银川新华百货东桥电器有限公司
19235487,包头铝业、中铝山东、中铝矿业、中州铝业
16811392,恒力投资、恒力炼化
1810383,上海巨人网络科技有限公司
311163,北京创世漫道科技有限公司
16910668,荣盛均益、嘉欣瑞恒
16910668,荣盛均益、嘉欣瑞恒
1816342,金昌国源电力有限公司
1890157,神州易桥（北京）财税科技有限公司
1557257,成电医星
15498203,甜维你（上海）商贸有限公司
2375607,紫博蓝网络科技（北京）股份有限公司，其前身为北京紫博蓝网络技术服务有限公司
15721258,北京天融信科技有限公司
14760198,北京万象新动移动科技有限公司
1924114,南京华威医药科技开发有限公司
2149522,江苏高鸿鼎恒信息技术有限公司，为本次交易的标的公司
12001028,深圳市东方拓宇科技有限公司
78184,重庆庆龙精细锶盐化工有限公司
119637,竹园国际旅行社有限公司，其前身为竹园国际旅行社，于2008年11月改制为有限责任公司
18839869,安徽中旭建设股份有限公司
1566316,艾格拉斯科技（北京）有限公司
2226736,深圳市东方亮彩精密技术有限公司
1846378,北京众志芯科技有限公司
16673241,北京小子科技有限公司
16866267,长影（海南）娱乐有限公司、长影（海南）置业有限公司
16369206,吉林天池钼业有限公司
1897104,翊腾电子科技（昆山）有限公司
724878,北京捷科智诚科技有限公司
16443667,荆州市天然气发展有限责任公司
15787645,怡创科技、海通天线、嘉瑞科技、驰达飞机
15787645,本次交易对方将各个标的资产过户至海格通信名下之日
15504860,银川卧龙、星波通信
16108498,天音通信有限公司，曾用名深圳市天音通信发展有限公司
1785508,信息产业电子第十一设计研究院科技工程股份有限公司
15912444,柏克新能和精一规划
15903456,北京新线中视文化传播有限公司
15567942,银川卧龙、星波通信
15810326,上海集优、自仪泰雷兹及电气置业
1779673,广州岭南电缆股份有限公司
92493,辽宁九夷能源科技股份有限公司，在本次发行股份购买资产事项取得中国证监会核准后将按照约定变更为有限责任公司
2233863,IEE公司及其子公司、Hiwinglux公司及其子公司、Navilight公司及其子公司
1767901,邦柯科技
9884252,爱创天杰、智阅网络、数字一百
16756611,马龙公司、大姚公司、会泽公司、泸西公司
15463121,卓郎智能机械有限公司
1602991,上海朗脉洁净技术股份有限公司（原上海朗脉洁净技术有限公司）
1602991,“信会师报字（2014）第114424号”审计报告
15810372,KonsalnetHOLDINGSPÓŁKAAKCYJNA，Konsalnet控股股份有限公司，包括其下属子公司
20187442,深圳市粮食集团有限公司
383168,交易对方合计持有的深圳市范特西科技有限公司100%的股权
1761837,北京中鼎高科自动化技术有限公司
359951,重庆庆龙精细锶盐化工有限公司
1672634,成都安可信电子股份有限公司
1864183,杭州多赢网络科技有限公司
15715803,北京六捷科技有限公司
20254168,珠海市广浩捷精密机械有限公司
16189524,北京博睿赛思信息系统集成有限公司
1767937,江苏世轩科技股份有限公司
1671738,广汇汽车服务有限责任公司
14789370,金桥水科、江苏凯米
19239247,北京我爱我家房地产经纪有限公司
18856092,青海明胶有限责任公司、青海明诺胶囊有限公司、广东明洋明胶有限责任公司、柳州市宏升胶原蛋白肠衣有限公司
2239864,北京天河鸿城电子有限责任公司
2239864,天河鸿城100%股权
1933137,当北方车辆、北方物流、北方机电、北方新能源、深圳华特合并出现时，对上述五家公司的统称
1933137,当北方车辆、北方物流、北方机电、北方新能源、深圳华特合并出现时，对上述五家公司的统称
2230786,四川四通欧美环境工程有限公司
4953229,四川三洲川化机核能设备制造有限公司
307986,北京中农信达信息技术有限公司
1809260,北京华夏电通科技股份有限公司
1901289,ft西广誉远国药有限公司
1189907,深圳市宝利来投资有限公司
15549057,北京锐安科技有限公司
1823756,海南波莲水稻基因科技有限公司
1822716,深圳市值尚互动科技有限公司
400557,天行网安
16779849,广东昇辉电子控股有限公司
17453212,上海众源燃油分配器制造有限公司
1876892,天马时空和上游信息
4920135,上海雪鲤鱼计算机科技有限公司
2034806,华视网聚（常州）文化传媒有限公司
4946969,江苏锦明工业机器人自动化有限公司
1791854,上海激创、上海麟动
16267752,深圳市快读科技有限公司
16850479,三诺健康
1805416,中天合金、中天宽带、江东金具
439304,福建省卓越鸿昌建材装备股份有限公司，拟更名为福建卓越鸿昌环保智能装备股份有限公司
15721298,深圳市铁创科技发展有限公司
16665837,成都赛英科技有限公司
16862427,深圳市华星光电技术有限公司
15649702,北京赛诺水务科技有限公司，本次交易标的
739258,合肥同智机电控制技术股份有限公司
292966,昆ft迈致治具科技有限公司
15882258,深圳市速易网络科技有限公司
16251084,中联畅想（深圳）网络科技有限公司
16251084,标的公司的股权变更登记至盛讯达名下的相关工商变更登记手续完成之当日
16244993,江苏中基复合材料股份有限公司
1827048,申通快递有限公司
904313,深圳市高科润电子有限公司
124327,AwilcoOffshoreASA，一家根据挪威法律设立且在
15916860,烟台东方威思顿电气有限公司、烟台东方威思顿电气股份有限公司
966986,华夏视觉（北京）图像技术有限公司、北京汉华易美图片有限公司
16604402,成都货安计量技术中心有限公司，2015年1月由“成都货安计量技术中心”更名为“成都货安计量技术中心有限公司”;1997年5月由“成都铁衡计量技术中心”更名为“成都货安计量技术中心”。
4936724,广州绘宇智能勘测科技有限公司、上海智建电子工程有限公司
10795200,爱创天杰、智阅网络、数字一百
16181329,沈阳新北、国惠新能源及其下属子公司
15629163,江苏明伟万盛科技有限公司，原名为江苏明伟万盛实业有限公司
81644,南京烽火星空通信发展有限公司
1600334,尚世影业、五岸传播、文广互动、东方希杰
1803369,荣达矿业
277583,嘉园环保、沈阳金建
9027560,ft西华卫药业有限公司、安徽德昌药业股份有限公司
362561,浙江水美环保工程有限公司
15486673,重庆医药（集团）股份有限公司
359594,北京亿起联科技有限公司
4938660,南方电网云南国际有限责任公司
317138,泰合佳通
850885,安徽江淮客车有限公司
19309766,宜昌东阳光长江药业股份有限公司
16936679,深圳市嘉力达节能科技股份有限公司
14630065,北京时间互联网络科技股份有限公司
1835508,德丰电子、德丰网络、德颐网络
15962119,吉林天池钼业有限公司
411488,三洋公司、武汉鑫益、新疆天方、新兴华康
16306744,山西华联和海融兴达
14111489,ft东瑞福锂业有限公司
9883704,深圳市三木智能股份有限公司
1669310,深圳市鑫三力自动化设备有限公司
4945818,国大药房、广东新特药、佛山南海和南方医贸
15675561,上海诚烨汽车零部件股份有限公司
16302652,深圳市优讯信息技术有限公司
1682315,华油天然气股份有限公司
682466,博达瑞恒和西油联合
19230814,海宁皮革时尚小镇投资开发有限公司
1922669,广州思拓力、吉欧电子、吉欧光学
1922669,广州思拓力、吉欧电子、吉欧光学、中科雅图、上海泰坦
1668704,北京微赢互动科技有限公司和深圳市云时空科技有限公司
15498097,浙金信托、大地期货及中韩人寿
1825303,牡丹江友搏药业股份有限公司
1831696,上海朴颐化学科技有限公司
19293823,河南中光学集团有限公司
341807,新生代、美国阿派斯或阿派斯油藏中任一家
341807,新生代、美国阿派斯和阿派斯油藏的统称
1845037,深圳市盈华讯方通信技术有限公司
16555627,上海恩捷新材料科技股份有限公司
14662534,广州思拓力、吉欧电子、吉欧光学
14662534,广州思拓力、吉欧电子、吉欧光学、中科雅图、上海泰坦
1853391,辽宁华电铁岭发电有限公司
1778269,博微新技术及尚洋环科
1924376,浙江万厦房地产开发有限公司及浙江新光建材装饰城开发有限公司
1924376,利安达会计师事务所（特殊普通合伙）
1593668,海云天、长征教育、龙星信息、诚长信息
15706378,天翼视讯、炫彩互动、天翼阅读、爱动漫
345419,泰合佳通
12064567,天翼视讯、炫彩互动、天翼阅读、爱动漫
16703186,南京能瑞自动化设备股份有限公司
16888599,宁波科诺铝业股份有限公司，股票代码：832210.OC
18303755,PolymetrixHoldingAG
16734776,中钢制品院、中唯公司及湖南特材
18760484,远东通信、中网华通、华通天畅、电科导航、东盟导航
15771712,天派电子（深圳）有限公司
15333173,卓郎智能机械有限公司
2371844,深圳市快闪科技有限公司
1746127,云南蓝晶科技股份有限公司
19205538,苏州波发特通讯技术股份有限公司
15833699,文脉互动、麟游互动两家公司
1663537,金ft环保科技股份有限公司
20594422,科盛环保科技股份有限公司
315307,沈飞集团、成飞集团、洪都科技
15675772,浙江盾安新能源股份有限公司
1823562,鹿邑县金日食用油有限公司
1863992,艾迪尔及易生科技
15837354,红相科技及中强科技
16599517,上海恩捷新材料科技股份有限公司
1807281,宇星科技发展（深圳）有限公司
1807281,标的公司的股权变更登记至上风高科名下的相关工商变更登记手续完成之当日
2361368,北京众志芯科技有限公司
1072816,北京亚太安讯科技股份有限公司
16384694,佰源丰、科邦锰业
15593994,江苏锦明工业机器人自动化有限公司
361457,北京金源互动科技有限公司
80932,深圳市第一波网络科技有限公司
4922261,江西昌九青苑热电有限责任公司、江西昌九昌昱化工有限公司、江西昌九化肥有限公司
4922261,江西昌九青苑热电有限责任公司、江西昌九昌昱化工有限公司、江西昌九化肥有限公司
18857010,装备卢森堡100%股权，桂林橡机、益阳橡机主要经营性资产及负债，三明化机、华橡自控生产相关的土地、房产、设备等
348926,天行网安
15501959,宁波诺信
14756134,紫博蓝网络科技（北京）股份有限公司，其前身为北京紫博蓝网络技术服务有限公司
14999234,微屏软件科技（上海）有限公司
15929420,晨光稀土、科百瑞、文盛新材
15732438,北京金石威视科技发展有限公司
9889816,翊腾电子科技（昆ft）有限公司
1780061,华宇金信（北京）软件有限公司
14879173,圆通速递有限公司或其前身上海圆通速递有限公司
1858259,富阳申能固废环保再生有限公司
16879210,CuttersGroupManagementINC.，其持有Cutters100%的股权
18285969,长影（海南）娱乐有限公司、长影（海南）置业有限公司
14704704,广州游爱网络技术有限公司
1879206,安康通，三胞国际和齐鲁干细胞的统称
9878762,北京迷你世界文化发展有限公司
9878762,灵境科技和迷你世界
15451935,北京京粮股份有限公司
16256154,成都狮之吼科技有限公司
285078,西藏林芝百盛药业有限公司
14671377,北京博睿赛思信息系统集成有限公司
4940532,深圳市金宏威技术有限责任公司，前身为“深圳市金宏威实业发展有限公司”、“深圳市金宏威技术股份有限公司”
15971723,首映时代和德纳影业，根据语境不同亦可单指其中一方
12046301,河南德宝恒生医疗器械有限公司
83249,上海新合文化传播有限公司
15480430,陕西延长石油兴化化工有限公司
12032136,益阳中海船舶有限责任公司
16679828,浙江旺能环保股份有限公司
1768998,鹿回头
2246535,三峡金沙江川云水电开发有限公司
15785142,北京矽成半导体有限公司
2344903,北京东经天元软件科技有限公司和北京互联立方技术服务有限公司
14758884,东莞鸿图精密压铸有限公司
1668237,深圳市玲涛光电科技有限公司
15726598,成都卓影科技股份有限公司以及整体变更为有限责任公司后的法人主体
10442075,深圳市千百辉照明工程有限公司
1089044,四川分时广告传媒有限公司
1705557,阳坝铜业、银茂矿业、凯龙矿业及三ft矿业四家公司
15653589,深圳市云房网络科技有限公司，曾用名“深圳市开心房网网络科技有限公司”
1709875,兴宁实业和瑞和商贸的统称
16443174,深圳市铭特科技股份有限公司
15353570,嘉博文化、华桦文化、元纯传媒
16879285,宁波江北宜则新能源科技有限公司
15667630,广之旅、花园酒店、中国大酒店
1590634,上海恺英网络科技有限公司
1705534,上海柏飞电子科技有限公司、上海华讯网络存储系统有限责任公司、华存数据信息技术有限公司
18881058,北京中海沃邦能源投资有限公司
2234519,黄ft新力油墨科技有限公司
6328628,大庆市永晨石油科技有限公司
85826,青海春天药用资源科技利用有限公司
1791349,"美国PLANARSYSTEMS,INC.，一家美国NASDAQ上市公司，股票代码：PLNR"
15556995,唐山津航疏浚工程有限责任公司、唐港铁路有限责任公司和唐山曹妃甸实业港务有限公司
15599609,IEE公司及其子公司、Hiwinglux公司及其子公司、Navilight公司及其子公司
18840070,深圳爱尔创科技股份有限公司
2379769,浙江永乐影视制作有限公司
16280475,卓郎智能机械有限公司
4955832,浦星公司、双创公司
1810002,杭州中艺生态环境工程有限公司
817550,「华强发展」、「东莞三洋」、「广东三洋」或「三洋设计」
16739924,佛山欧神诺陶瓷股份有限公司
321346,宁波天衡药业股份有限公司
1825868,深圳柏健、深圳海威思
15201194,杭州悠可化妆品有限公司
899989,安徽省巢湖海兴电缆集团有限公司
15535855,深圳市威富通科技有限公司
352254,成都普什制药有限公司
16676090,上海度势体育文化传播有限公司
16278179,深圳市威富通科技有限公司
19223567,北京新能源汽车股份有限公司
14879161,圆通速递有限公司或其前身上海圆通速递有限公司
2275716,中铁山桥、中铁宝桥、中铁科工及中铁装备
16896139,北京市新港永豪水务工程有限公司
16896139,正中珠江出具的《北京市新港永豪水务工程有限公司2015年度和2016年度审计报告》（广会专字[2017]G17001660075号）
1649490,上海巴克斯酒业有限公司
1104199,同原地产、国展地产、深圳鑫润、东银品筑
322818,广州华工百川科技股份有限公司
19329823,上海科泰运输制冷设备有限公司
16731057,桂林电容
16874176,拇指游玩、虹软协创
4921520,沈阳新北、国惠新能源及其下属子公司
4956024,观印象艺术发展有限公司
1821202,均瑶乳业
2173133,新巴尔虎右旗荣达矿业有限责任公司
16239047,江西巨网科技股份有限公司
1890473,新通国际、新通出入境和杭州夏恩
1881610,北京康邦科技股份有限公司和江南信安（北京）科技有限公司
16550995,浙江永乐影视制作有限公司
15309462,乐华文化
1856484,沈阳新北、国惠新能源及其下属子公司
2252029,北京东经天元软件科技有限公司和北京互联立方技术服务有限公司
2171204,神州数码（中国）有限公司、上海神州数码有限公司、广州神州数码信息科技有限公司
6122878,完成资产整合后的宝德计算机与量子伟业
16223827,广东宝乐机器人股份有限公司
1767520,欧飞凌通讯、杰东控制、精图信息
437958,深圳市高科润电子有限公司
1774832,广州亿程交通信息有限公司
1729499,新百药业和天安药业
16171247,天音通信有限公司，曾用名深圳市天音通信发展有限公司
19342710,浙江盾安新能源股份有限公司，截至本公告书签署日已变更名称为“浙江盾安新能源发展有限公司”
2346987,江苏明伟万盛科技有限公司，原名为江苏明伟万盛实业有限公司
78850,青岛中天能源股份有限公司
16264383,国控北京、北京康辰、北京华鸿及天星普信
20400603,青岛新力通工业有限责任公司（包括全资子公司烟台市中拓合金钢有限责任公司）
1832842,中天合金、中天宽带、江东金具
1850598,新百药业和天安药业
20163016,北京中海沃邦能源投资有限公司
1833124,深圳力玛、励唐营销、华瀚文化、远洋传媒
1807589,苏州易维迅信息科技有限公司
1032795,浙江普天园林建筑发展有限公司
1871176,IEE公司及其子公司、Hiwinglux公司及其子公司、Navilight公司及其子公司
1658313,天津天海同步科技股份有限公司
1713767,四川本草堂药业有限公司
15513578,上海和风置业有限公司
1809332,深圳市拓享科技有限公司
153866,宁波市政工程建设集团股份有限公司
1780882,北京波特光盛石油技术有限公司
1780882,大庆市永晨石油科技有限公司
1888455,珀挺机械工业（厦门）有限公司
16290536,烟台舒驰客车有限责任公司、中植一客成都汽车有限公司
15928166,宁波新世达精密机械有限公司
16262333,佛山欧神诺陶瓷股份有限公司
353761,每克拉美（北京）钻石商场有限公司
310956,杭州掌盟软件技术有限公司
1754905,北京四月星空网络技术有限公司
1587400,闻泰通讯股份有限公司
15804286,浙江上优刀具有限公司
1842583,改制后的林海集团
1824569,广泽乳业、吉林乳品
81209,上海游唐网络技术有限公司
16306714,深圳市君天恒讯科技有限公司
16680176,杭州逗宝、上虞码牛
12042101,指墨鹍科技、智铭网络以及中汇影视
16414871,深圳市铭特科技股份有限公司
16282618,北京航星永志科技有限公司
312976,上海火溶信息科技有限公司
363665,郑州一方电气有限公司
14785559,攀钢矿业、攀港公司、鞍澳公司、鞍钢香港、鞍千矿业
2365053,浙江正洁环境科技有限公司
1866510,贵州圣济堂制药有限公司
20404113,中粮资本投资有限公司
4958429,广州华资软件技术有限公司和北京航天金盾科技有限公司
1815721,上海博辕信息技术服务有限公司
1632182,长春天成和北京招通致晟
1817263,深圳市盈华讯方通信技术有限公司
15504970,西充星河、韶关星河、星河高新
1808196,上海格蒂电力科技股份有限公司
15903535,联奕科技股份有限公司，前身为广州联奕信息科技有限公司，于2015年10月整体改制为股份公司
4928426,国大药房、广东新特药、佛山南海和南方医贸
1930173,安徽博微长安电子有限公司
1701254,江苏华久辐条制造有限公司
14472859,中原电子、圣非凡
16720631,深圳市远洋翔瑞机械有限公司，其前身为深圳市远洋翔瑞机械股份有限公司
1565536,深圳市酷牛互动科技有限公司
19315092,宜昌东阳光长江药业股份有限公司
16182229,杭州环北丝绸服装城有限公司
20501426,深圳爱尔创科技股份有限公司
16768073,浙江金泰莱环保科技有限公司
1652763,北京理工雷科电子信息技术有限公司
16640750,东莞市湘将鑫精密科技有限公司
15876150,嘉事明伦、嘉事康元、嘉事嘉成、嘉事爱格、嘉事馨顺和、嘉事杰博、嘉事嘉意、嘉事谊诚、嘉事盛世、金康瑞源、
15572410,山西广誉远国药有限公司
16721221,深圳市华星光电技术有限公司
20401055,"MagneticMROAS，指注册在Väike-Sõjamäetn1a,Tallinn11415,Estonia注册号为10865988的企业"
18773739,三六零科技股份有限公司
18773739,天津奇信志成科技有限公司、周鸿祎等42名三六零科技股份有限公司的股东
18773739,指
18773739,指
18773739,指
18773739,指
18773739,指
18773739,指
18773739,指
18773739,指
18773739,指
18773739,指
18773739,指
18773739,指
18773739,指
18773739,指
18773739,指
18773739,指
18773739,指
18773739,指
18773739,指
18773739,指
18773739,指
18773739,指
18773739,指
18773739,指
18773739,指
18773739,指
18773739,指
18773739,指
18773739,指
18773739,指
18773739,指
18773739,指
18773739,指
18773739,指
18773739,指
18773739,指
18773739,指
18773739,指
18773739,指
18773739,指
18773739,指
18773739,指
18773739,指
18773739,指
18773739,指
18773739,指
18773739,指
756777,青岛中天能源股份有限公司
16726110,江西绿润投资发展有限公司和江门市绿顺环境管理有限公司。标的公司为持股平台，标的公司下属经营主体为的广东绿润环境管理有限公司
1808628,深圳市元通孵化有限公司
14756383,广东恒峰信息技术股份有限公司，2016年8月16日更名为恒峰信息技术股份有限公司
15328573,高新核材、深圳沃尔、中科海维、中广核达胜、中广核俊尔、苏州特威及湖北拓普
1805507,万圣伟业、微创时代
16520699,海南亚洲制药股份有限公司
1900564,超俊科技、旗捷投资、旗捷科技、佛来斯通
14810793,北京普莱德新能源电池科技有限公司
1785196,KeystoneLodgingHoldingsLimited
402041,深圳市金达照明股份有限公司，现变更为深圳市金达照明有限公司
1684775,耒阳电厂、湘潭公司、张水公司
1773765,华星化工、年年富、星诺化工、华建化工
1838980,上海嘉达信息科技有限公司
16443505,江阴道达汽车饰件有限公司
351127,深圳市高科润电子有限公司
16968659,浙江俏尔婷婷服饰有限公司
1721556,成都云克药业有限责任公司
1685417,南京烽火星空通信发展有限公司
2365981,广州绘宇智能勘测科技有限公司、上海智建电子工程有限公司
15540904,北京开心人信息技术有限公司
1844681,华视网聚（常州）文化传媒有限公司
20370186,上海新视界眼科医院投资有限公司
1851697,浙江万厦房地产开发有限公司及浙江新光建材装饰城开发有限公司
1851697,利安达会计师事务所（特殊普通合伙）
1977155,宁波昊圣投资有限公司
15333044,彩虹无人机科技有限公司和航天神舟飞行器有限公司
14673631,上海三旗通信科技有限公司、武汉英卡科技有限公司
2369249,北京景ft创新通信技术有限公司
285759,郑州精益达汽车零部件有限公司
314594,成都英德生物医药装备技术有限公司及其前身成都英德工业设备安装有限公司
1809825,晨光稀土、科百瑞、文盛新材
1889919,北京京能煤电资产管理有限公司
14737011,香港四明投资有限公司、宁波梵帝国际贸易有限公司
344307,北京中软金卡信息技术有限公司
15555639,江苏信托、新海发电、国信扬电、射阳港发电、扬州二电、国信靖电、淮阴发电、协联燃气
1788369,广州威能机电有限公司
1754901,泰ft玻纤
1783856,深圳市金宏威技术股份有限公司，前身为“深圳市金宏威实业发展有限公司”
1651000,深圳市盈华讯方通信技术有限公司
16685515,珠海视通超然文化传媒有限公司
16519639,圣农实业、沈阳中和、福建德润、苏州天利、宁波圣峰、新圣合、上海映雪、嘉兴金台的合称
16519639,福建圣农食品有限公司
16519639,致同出具的《福建圣农食品有限公司2015年度、2016年度及2017年1-6月审计报告》（致同审字（2017）第350ZA0299号）
14878658,IEE公司及其子公司、Hiwinglux公司及其子公司、Navilight公司及其子公司
1711241,北京中视精彩影视文化有限公司、东阳瑞吉祥影视传媒有限公司
1569728,青岛康平铁路玻璃钢有限公司
1935321,远大物产集团有限公司
2382212,深圳市集银科技有限公司
1807353,信息产业电子第十一设计研究院科技工程股份有限公司
1681103,苏州枫彩生态农业科技集团有限公司
403267,南京新光环保科技工程有限公司，于2013年9月份更名为江苏新光环保工程有限公司
20365687,数智源及明日实业
15462286,上海灵娱网络科技有限公司
15816528,武汉帕太电子科技有限公司
15367064,北京乐博乐博教育科技有限公司
2041429,上海朴颐化学科技有限公司
15919922,北京京能煤电资产管理有限公司
337940,北京世纪阿姆斯生物技术股份有限公司
16694680,桂林电容
352634,四川国理锂材料有限公司
15840623,亚新科凸轮轴、亚新科双环、亚新科仪征铸造亚新科山西、亚新科NVH、CACGI
20259872,北京麟游互动科技有限公司
2158278,远大物产集团有限公司
20200943,上海晨之科信息技术有限公司
1709134,冉十科技、视科传媒
580982,上海永乾机电有限公司
16194803,上海金东唐科技股份有限公司
16559057,苏州波发特通讯技术股份有限公司
14725278,攀钢矿业、攀港公司、鞍澳公司、鞍钢香港、鞍千矿业
2250704,金源天然气、绿源天然气和金源物流
16879006,PolymetrixHoldingAG
279201,甘肃成纪生物药业有限公司
16251043,苏州晟成光伏设备有限公司
317952,青岛英东模塑科技集团有限公司，原名为青岛英东模具科技有限公司
20295477,霍尔果斯快马财税管理服务有限公司
83055,百孚思、上海同立、华邑众为、雨林木风、派瑞威行
1841095,科泰生物
1769432,张家港市格锐环境工程有限公司
1887111,北京博雅立方科技有限公司
284081,"DearbornMid-WestCompany,LLC"
1774701,深圳市集银科技有限公司
15746395,珠海泰坦新动力电子有限公司
9871262,绥芬河市盛泰经贸有限公司
9871262,信通网易、执象网络
1727326,天马时空和上游信息
15557055,信达财产保险股份有限公司
9898835,江苏国农置业有限公司，系北京国农置业子公司
82858,深圳市华力特电气股份有限公司
15732191,恒力投资、恒力炼化
1592614,宁波天衡药业股份有限公司
1665879,深圳市雷迪奥光电技术有限公司
1675820,重庆捷尔医疗设备有限公司
19299821,成都赛英科技有限公司
16926675,上海盛蔚矿业投资有限公司
2360005,北京鼎盛意轩网络营销策划有限公司和北京亿万无线信息技术有限公司
18298118,分立后存续的北京石油化工工程有限公司
1569052,四川浩特通信有限公司
9884329,上海伊尔美港华医疗美容医院有限公司
1776190,秦皇岛茂业控股有限公司，曾用名：秦皇岛茂业商厦经营管理有限公司
15536335,顺丰控股
16760027,重庆医药（集团）股份有限公司
676150,北京中科通用能源环保有限责任公司
1722561,深圳市雷迪奥光电技术有限公司
438658,源鑫炭素、浩鑫铝箔、进出口公司
1804564,成都富临长运集团有限公司
1667557,国际期货
927201,北京欧地安科技股份有限公司，原名为北京欧地安科技有限公司
16160716,因诺微科技（天津）有限公司
1657123,张家港市大伟助剂有限公司
16932709,江西合纵锂业科技有限公司，由宜春合纵锂业科技有限公司更名而来
1739473,南极电商（上海）股份有限公司
1805180,超思股份、展望药业
18275569,洛阳瑞泽石化工程有限公司
9889632,深圳前海上林投资管理有限公司
15731796,南京电研电力自动化股份有限公司
15516740,海纳川（滨州）发动机部件有限公司与泰安启程车轮制造有限公司
15599593,中科融通物联科技无锡有限公司，曾用名：中科融通物联科技无锡股份有限公司
15487441,喜诺科技（深圳）有限公司、OnwardsMediaGroupPTE.LTD.
20220314,北京理工华创电动车技术有限公司
20220314,北京理工华创电动车技术有限公司
1833874,智趣广告
311311,荣达矿业
16428984,深圳市富诚达科技有限公司
15979697,Newegg
18876930,上海共创信息技术股份有限公司
2365972,方欣科技有限公司
1750116,深圳市泛海三江电子有限公司
10795526,小子科技和无锡线上线下
15698807,墨鹍科技、智铭网络
18892265,广州市奥威亚电子科技有限公司
16360507,深圳市倍泰健康测量分析技术有限公司
16360507,倍泰健康100%股权
16360507,方炎林、李培勇、张彦彬、赵宏田、周松庆、王有禹、胡兵、王崟、莫懿、汤臣倍健、长园盈佳、播谷投资、深圳电广、睿日投资、尽皆投资、齐一投资
15833283,北京我爱我家房地产经纪有限公司
4944723,上海塑米信息科技有限公司
4944723,大信会计师事务所（特殊普通合伙）
1778437,深圳市金桔莱黄金珠宝首饰有限公司
1800735,湖北迈亚毛纺有限公司
16720655,上海鑫燕隆汽车装备制造有限公司
16720655,大信会计师事务所为本次交易标的公司鑫燕隆出具的文号为“大信审字[2017]第2-01201号”的审计报告
676894,上海宽翼通信科技有限公司
19275425,北京神州视翰科技股份有限公司
16294450,上海共创信息技术股份有限公司
19238782,北京科信盛彩云计算有限公司（曾用名“北京科信盛彩置业有限公司”）
16108837,爱创天杰、智阅网络、数字一百
16108837,指
16559818,上海中星（集团）有限公司
16843092,北京中天嘉华信息技术有限公司
14323221,IEE公司及其子公司、Hiwinglux公司及其子公司、Navilight公司及其子公司
2324699,上海陆家嘴金融发展有限公司
1828950,中华联合保险控股股份有限公司
1828950,中华联合财产保险股份有限公司
306916,北京亿美软通科技有限公司
1826422,上海朴颐化学科技有限公司
18844359,宁波科诺铝业股份有限公司，股票代码：832210.OC
934110,达明科技100%股权
783801,游久时代（北京）科技有限公司
19315747,深圳市萨拉摩尔电子商务有限公司
19315747,子衿管理、迅游管理、摩尔管理、米莉管理
20525891,快乐阳光、芒果互娱、天娱传媒、芒果影视、芒果娱乐的统称
20525891,《湖南快乐阳光互动娱乐传媒有限公司审计报告及财务报表》（信会师报字[2017]第ZA23626号）、《上海芒果互娱科技有限公司审计报告及财务报表》（信会师报字[2017]第ZA23630号）、《上海天娱传媒有限公司审计报告及财务报表》（信会师报字[2017]第ZA23629号）、《芒果影视文化有限公司审计报告及财务报表》（信会师报字[2017]第ZA23627号）、《湖南芒果娱乐有限公司审计报告及财务报表》（信会师报字[2017]第ZA23628号）和《湖南快乐阳光互动娱乐传媒有限公司审计报告及财务报表》（信会师报字[2018]第ZA10904号）、《上海芒果互娱科技有限公司审计报告及财务报表》（信会师报字[2018]第ZA10902号）《上海天娱传媒有限公司审计报告及财务报表》（信会师报字[2018]第ZA10905号）、《芒果影视文化有限公司审计报告及财务报表》（信会师报字[2018]第ZA10903号）、《湖南芒果娱乐有限公司审计报告及财务报表》（信会师报字[2018]第ZA10901号）的统称
443619,盛元房产及海滨置业
278762,上海智翔信息科技股份有限公司，更名后全称为上海智翔信息科技发展有限公司
16144252,新泉阳泉，园区园林
15904382,彩虹无人机科技有限公司和航天神舟飞行器有限公司
2158646,宁波劳伦斯汽车内饰件有限公司和上海戈冉泊精模科技有限责任公司
15523701,西乌珠穆沁旗银漫矿业有限责任公司、正镶白旗乾金达矿业有限责任公司
4942183,艾迪尔及易生科技
15506529,"LexmarkInternational,Inc."
681722,福建圣农食品有限公司
4923650,深圳市贝尔信智能系统有限公司
1105311,湖南隆平、安徽隆平、亚华种子
16951947,恒祥控股、深圳滚装、长航国际、经贸船务香港
15774917,温州博德科技有限公司
15774917,博德科技现有股东，即温州博德真空镀铝有限公司、王策、黄明金
15774917,2016年度、2017年度和2018年度
16818861,上海宏投网络科技有限公司
2355768,汉柏科技有限公司
366739,江苏斯威克新材料有限公司
18297515,成都业康置业有限公司
18297515,《成都业康置业有限公司审计报告》（XYZH/2017CDA30322）
1820811,厦门快云信息科技有限公司或兆荣联合（北京）科技发展有限公司
16739905,浙江盾安新能源股份有限公司
1806606,托里县世峰黄金矿业有限公司
288885,浙江水美环保工程有限公司
1844362,交大微联、武汉利德
16494343,山东天辰智能停车股份有限公司
16327499,广东佳纳能源科技有限公司
4919973,新华都工程、涟邵建工
15555670,南京宁华物产有限公司、南京宁华世纪置业有限公司
15483655,完成集团内业务整合后的上海中星（集团）有限公司
9892836,海航基础产业集团有限公司
20198723,PolymetrixHoldingAG
16520233,洛阳瑞泽石化工程有限公司
14854122,重庆医药（集团）股份有限公司
1878430,汾西太岳、东于煤业、美锦煤焦化、天津美锦以及大连美锦
19660888,若本次交易于2017年12月31日前完成，则为2017年度、2018年度和2019年度；若本次交易在2018年完成，则为2018年度、2019年度和2020年度。
1683390,华新机电及其子公司
16213679,珠海泰坦新动力电子有限公司
16250690,上海共创信息技术股份有限公司
1674352,传化物流集团有限公司
1847716,完成资产整合后的宝德计算机与量子伟业
203094,北京神州新桥科技有限公司
1746816,北京中电兴发科技有限公司
18754790,深圳爱尔创科技股份有限公司
16942066,广东龙昕科技有限公司
16942066,苏亚金诚为本次本次交易标的公司龙昕科技出具的文号为“苏亚专审[2017]39号和苏亚专审[2017]214号”的审计报告
1824136,川开电气股份有限公司
15300655,深圳市倍泰健康测量分析技术有限公司
15300655,倍泰健康100%股权
1804572,三亚新大兴园林股份有限公司
15674848,无锡中鼎物流设备有限公司
16856789,深圳市旺鑫精密工业有限公司
1908908,北京市华远国际旅游有限公司
1925705,光大矿业、赤峰金都
1849883,大连远洋
1849883,完成内部散运整合后的中海散运
1849883,拟购买标的公司和拟出售标的公司的合称
1849883,上海时代、神华中海、香港海宝、中国矿运、中海散运（香港）维利有限公司、中海散货运输（香港）有限公司、中海浦远航运有限公司、平安航运有限公司、希望航运有限公司、吉祥航运有限公司、繁华航运有限公司、荣华航运有限公司、韶华航运有限公司、年华航运有限公司、英华航运有限公司、才华航运有限公司、嘉惠山航运有限公司、嘉隆山航运有限公司、嘉茂山航运有限公司、嘉盛山航运有限公司及锂川航运有限公司
16731116,北京神州视翰科技股份有限公司
14905632,怡创科技、海通天线、嘉瑞科技、驰达飞机
215951,上海三七玩网络科技有限公司
370629,杭州赛石园林集团有限公司
1861436,增资计划完成后的新海轮渡
14211755,浙金信托、大地期货及中韩人寿
1851160,光大矿业、赤峰金都
120536,北京洛卡环保技术有限公司
7176433,杭州铁城信息科技有限公司
1780854,北京和兴宏图科技有限公司、北京东土军悦科技有限公司、上海远景数字信息技术有限公司
15628047,如家酒店集团
1633583,中国有色金属工业再生资源有限公司
1647230,中国有色金属工业再生资源有限公司
1837392,深圳柏健、深圳海威思
16381026,上海创开100%的股权
2048451,牡丹江富通汽车空调科技股份有限公司
12032138,宁波新世达精密机械有限公司
313392,北京中软金卡信息技术有限公司
509520,辽宁物流有限公司（商业城控股子公司）
509520,沈阳安立置业经营有限责任公司（商业城全资子公司）
4937382,河南德宝恒生医疗器械有限公司
2341318,苏州高新创业投资集团有限公司
19320059,深圳市嘉力达节能科技股份有限公司
1804923,吉林省高升科技有限公司
15828896,浙江源态环保科技服务有限公司
81909,西安华程石油技术服务有限公司
1681593,湖南乐福地医药包材科技有限公司
15612609,海纳川（滨州）发动机部件有限公司与泰安启程车轮制造有限公司
578928,深圳市一体医疗科技有限公司
15779935,广东宝乐机器人股份有限公司
15581663,广州证券股份有限公司
16756799,湖南天心种业股份有限公司
16756799,若本次交易于2017年12月31日前完成，则为2017年度、2018年度和2019年度；若本次交易在2018年完成，则为2018年度、2019年度和2020年度。
1642887,湖南龙华农牧发展有限公司
2187628,广州迪森家用锅炉制造有限公司
1710589,ft东齐鲁科力化工研究院有限公司
18286318,广东启行教育科技有限公司
1719955,交大微联、武汉利德
1660028,深圳市玲涛光电科技有限公司
286749,江苏亿金环保科技有限公司
1572561,上海科匠信息科技有限公司
1818914,万家房产、万家矿业
6424904,舟ft港股份有限公司
1771010,天伟化工有限公司
16273038,申龙客车、旭虹光电
1842993,汾西太岳、东于煤业、美锦煤焦化、天津美锦以及大连美锦
1035840,中建商混、天津新纪元及ft东建泽
16932441,广东润星科技股份有限公司（或其于2017年8月15日变更组织形式后的主体“广东润星科技有限公司”）
16740017,海南港澳资讯产业股份有限公司
1822615,浙江九好办公服务集团有限公司100%股权
1711403,杭州藏愚科技有限公司
2300025,苏州科环环保科技有限公司
1902641,中钢制品院、中唯公司、湖南特材及中钢投资
110412,深圳市华商龙商务互联科技有限公司
602106,洛阳伊众清真食品有限公司
1812817,合度云天（北京）信息科技有限责任公司
690400,西藏ft南东方博杰广告有限公司
297370,北京数字天域科技股份有限公司
16202475,浙江通策健康管理服务有限公司
16430080,联奕科技股份有限公司，前身为广州联奕信息科技有限公司，于2015年10月整体改制为股份公司
1838013,TCL多媒体科技控股有限公司，股票代码：1070.HK
15772081,深圳前海上林投资管理有限公司
15813710,广州铭诚计算机科技有限公司
20548497,福建和其昌竹业股份有限公司、连城县朝翔竹木有限公司
784037,天津壳木软件有限责任公司
1864275,方欣科技有限公司
1593542,西藏ft南灵云传媒有限公司
15880364,成都炎龙科技有限公司
16694605,广东龙昕科技有限公司
16694605,苏亚金诚为本次本次交易标的公司龙昕科技出具的文号为“苏亚专审[2017]39号和苏亚专审[2017]214号”的审计报告
16085080,浙江交工集团股份有限公司
1812227,中天合金、中天宽带、江东金具
16866045,宁波东方亿圣投资有限公司
16228190,国家电投集团江苏电力有限公司
201933,海航集团（香港）有限公司
18291650,浙江旺能环保股份有限公司
1759145,华中融资租赁有限公司、上海摩ft商业保理有限公司和中盈投资有限公司
16640074,常州华威新材料有限公司，曾用名为常州华威反光材料有限公司。
89106,浙江水美环保工程有限公司
19338924,深圳爱尔创科技股份有限公司
15519795,广州绘宇智能勘测科技有限公司、上海智建电子工程有限公司
16323710,金艺珠宝、捷夫珠宝、臻宝通、贵天钻石
1817217,ft东蓝星东大化工有限责任公司
1757763,珀挺机械工业（厦门）有限公司
4938082,联动优势科技有限公司
16735098,恒祥控股、深圳滚装、长航国际、经贸船务香港
14673375,海南港航新海轮渡码头有限公司
15031991,方欣科技有限公司
15599192,浦星公司、双创公司
1558360,神州长城国际工程有限公司
15527658,天翼视讯、炫彩互动、天翼阅读、爱动漫
2314751,上海完美世界网络技术有限公司
15895354,上海盛蔚矿业投资有限公司
16298544,武汉飞游、长沙聚丰
20385170,内江市鹏翔投资有限公司
1803021,安徽华联、ft西华联、内蒙古信联、银川华联和海融兴达
16618881,浙江交工集团股份有限公司
1840949,湖南神龙矿业有限公司，系上市公司全资子公司
9881515,心诺健康、三诺健康
1655201,北京拓明科技有限公司
1666147,上海格蒂电力科技股份有限公司
15487456,上海三旗通信科技有限公司、武汉英卡科技有限公司
16827170,宁波科诺铝业股份有限公司，股票代码：832210.OC
289832,北京亿起联科技有限公司
4942101,上海米健信息技术有限公司
15572011,惠生（南京）清洁能源股份有限公司。现更名为南京诚志清洁能源股份有限公司。为行文一致，仍沿用旧简称
1311268,中建商混、中建双元、五局混凝土公司、天津新纪元及ft东建泽
83591,珠海市斗门区世荣实业有限公司
20540642,起帆投资有限公司（INITIALPOINTINVESTMENTLIMITED）
1103258,华夏视觉（北京）图像技术有限公司、北京汉华易美图片有限公司
1705387,上海联明晨通物流有限公司
1688464,长春新华通制药设备有限公司
607107,上海天马、成都天马、武汉天马、上海光电子、深圳光电子
99730,广东先强药业有限公司
16004935,金桥水科
16901282,成都环球世纪会展旅游集团有限公司
19168796,山西中煤华晋能源有限责任公司
285990,上海浦东中软科技发展有限公司
1709980,北京盛世骄阳文化传播有限公司
16060054,浙江时空能源技术有限公司
338911,无锡中科新瑞系统集成有限公司
2018471,广州思拓力、吉欧电子、吉欧光学
2018471,广州思拓力、吉欧电子、吉欧光学、中科雅图、上海泰坦
10806079,原名西安奇维科技股份有限公司，2016年6月14日变更为西安奇维科技有限公司
15663551,深圳市中兴物联科技有限公司
15328762,深圳市铁创科技发展有限公司
1900611,亿家晶视、上海广润、北京维卓
15670542,五矿资本、五矿证券、五矿经易期货和五矿信托
357856,昆ft迈致治具科技有限公司
1777792,川开电气股份有限公司
9900612,西安三人行传媒网络科技股份有限公司
15594831,浙江旺能环保股份有限公司
16499541,苏州旭创科技有限公司
4958553,联动优势科技有限公司
4927126,翊腾电子科技（昆山）有限公司
14590521,上海润金文化传播有限公司
16516919,大象广告股份有限公司
16022682,上海云克网络科技有限公司
16937776,杭州信立传媒广告有限公司
153946,包括拟置出资产和拟置入资产
19424080,匠芯知本（上海）科技有限公司
16284964,GardnerAerospaceHoldingsLimited
16284964,毕马威华振会计师事务所（特殊普通合伙）
15512673,苏州绿岸房地产开发有限公司
16290561,上海润金文化传播有限公司
16288718,慈铭健康体检管理集团有限公司（其前身为慈铭健康体检管理集团股份有限公司）
4955035,五矿资本、五矿证券、五矿经易期货和五矿信托
16870609,亿家晶视
16630755,宁夏银仪风力发电有限责任公司
15600096,深圳市中兴物联科技有限公司
1786212,深圳市金桔莱黄金珠宝首饰有限公司
15456544,联动优势科技有限公司
286908,武汉呵尔医疗科技发展有限公司、长沙三济生物科技有限公司、晶能生物技术（上海）有限公司
16731031,山西中煤华晋能源有限责任公司
16818572,亿家晶视
1790762,天安财产保险股份有限公司，原名天安保险股份有限公司
16323357,交割前重组完成后的KofaxLimited
441013,上海游唐网络技术有限公司
1811881,深圳宜和股份有限公司
437942,北京捷科智诚科技有限公司
12052692,北京北方微电子基地设备工艺研究中心有限责任公司
14671379,重庆医药（集团）股份有限公司
5236325,光大矿业、赤峰金都
608160,深圳市华力特电气股份有限公司
15461936,中国石油集团资本有限责任公司，原名北京金亚光房地产开发有限公司
16861304,国家电投集团江苏电力有限公司
16797497,上海盛蔚矿业投资有限公司
16083135,圣农实业、沈阳中和、福建德润、苏州天利、宁波圣峰、新圣合、上海映雪、嘉兴金台的合称
16083135,福建圣农食品有限公司
15912536,杭州环北丝绸服装城有限公司
353755,浙江越王珠宝有限公司
2031725,福瑞斯100%股权、瑞宇健身100%股权
18285810,辽源鸿图锂电隔膜科技股份有限公司
1785805,无锡市新峰管业股份有限公司
1785805,标的公司的股权变更登记至龙泉股份名下的相关工商变更登记手续完成之当日
1712509,合肥通用环境控制技术有限责任公司
676283,东汐广告、波释广告和美意互通
15353391,上海泷洲鑫科能源投资有限公司
15740333,北京矽成半导体有限公司
4917797,赤子城移动科技（北京）股份有限公司
1690451,华润赛科药业有限责任公司
4954960,上海永达汽车集团有限公司
6004,杭州掌盟软件技术有限公司
1812174,深圳市鑫三力自动化设备有限公司
1619244,深圳连硕自动化科技有限公司
9025768,北京康邦科技有限公司和江南信安（北京）科技有限公司
15760956,RightwareOy
18888400,山西中煤华晋能源有限责任公司
20487295,广西三维铁路轨道制造有限公司
1767803,北京波特光盛石油技术有限公司
1767803,大庆市永晨石油科技有限公司
1581306,京汉置业集团股份有限公司（由“北京京汉置业股份有限公司”更名而来）
14667501,温州博德科技有限公司
14667501,2016年度、2017年度和2018年度
16189472,厦门积硕科技股份有限公司
18280495,重庆嘉陵全域机动车辆有限公司
1710146,上海电驱动股份有限公司
15675672,红阳机电、北方红宇、北方向东、红宇专汽、北方滨海、江机特种
2230130,北京瀚天星河广告有限责任公司
16651775,上海盛蔚矿业投资有限公司
14111563,鹏煜威、炫硕光电
2291153,北京康远制药有限公司
8808481,上海三旗通信科技有限公司、武汉英卡科技有限公司
18833464,江西合纵锂业科技有限公司，由宜春合纵锂业科技有限公司更名而来
2049472,三峡金沙江川云水电开发有限公司
1824647,海骏科技、嬴湖创造、嬴湖共享
4925777,重庆金点园林股份有限公司
374172,上海天马、成都天马、武汉天马、上海光电子、深圳光电子
1775233,杭州多赢网络科技有限公司
16631551,成都狮之吼科技有限公司
1709505,深圳市华商龙商务互联科技有限公司
15740988,兴科电子科技有限公司
18872318,注入苏盐集团食盐经营相关业务后的苏盐连锁及南通盐业
17019527,成都狮之吼科技有限公司
16488391,烟台东方威思顿电气有限公司、烟台东方威思顿电气股份有限公司
1809287,上海泽润生物科技有限公司及嘉和生物药业有限公司
16769315,常州金源铜业有限公司
16394296,匠芯知本（上海）科技有限公司
16878741,山东天辰智能停车股份有限公司
1684187,深圳亚力盛连接器有限公司
1649841,西藏同信证券股份有限公司
15396304,长春师凯科技产业有限责任公司
807499,盛基投资、ft东中润、淄博中润
582219,青岛中天能源股份有限公司
1723082,兴宁实业和瑞和商贸的统称
15684026,什邡第二医院有限责任公司、宿迁市洋河人民医院有限公司及山东瑞高投资有限公司
15981716,宁波四维尔工业股份有限公司（现已更名为宁波四维尔工业有限责任公司）
19235154,厦门天马、天马有机发光
370874,华信天线、佳利电子
15556572,广东恒峰信息技术股份有限公司，2016年8月16日更名为恒峰信息技术股份有限公司
15628263,江苏高鸿鼎恒信息技术有限公司，为本次交易的标的公司
18872935,悦凯影视、宏宇天润
14771350,上海莹悦网络科技有限公司
676890,广州银汉科技有限公司
1810340,日月同行信息技术（北京）有限公司
1639885,天象互动
16407158,重庆医药（集团）股份有限公司
410734,贵州黔锦矿业有限公司
1842303,久爱致和(北京)科技有限公司、久爱(天津)科技发展有限公司和泸州聚酒致和电子商务有限公司
1841748,深圳市创世纪机械有限公司
1796312,安徽华联、ft西华联、内蒙古信联、银川华联和海融兴达
1649895,上海恺英网络科技有限公司
15520580,山西中煤华晋能源有限责任公司
4950638,德马吉国际展览有限公司
1779653,深圳市一体医疗科技有限公司
240675,中ft百得厨卫有限公司
228240,北京港源建筑装饰工程有限公司
1902006,中原电子、圣非凡
1712893,辽宁九夷能源科技股份有限公司，在本次发行股份购买资产事项取得中国证监会核准后将按照约定变更为有限责任公司
64864,黎明公司、南方公司、黎阳动力、晋航公司、吉发公司、贵动公司、深圳三叶
1889972,北京华夏电通科技股份有限公司
285657,上海三毛进出口有限公司
4953001,金昌国源电力有限公司
16412206,深圳市华星光电技术有限公司
344175,上海方寸信息科技有限公司、北京爱乐游信息技术有限公司
226726,向荣矿业和德荣矿业
2137591,西部公司、泰丰科技、泰丰投资、深圳华宝、经发公司
16698737,宁波双林汽车部件投资有限公司
5234707,内蒙古维多利商业（集团）有限公司
10789561,北京赛诺水务科技有限公司
20328568,北京新能源汽车股份有限公司
16740318,青海明胶有限责任公司、青海明诺胶囊有限公司、广东明洋明胶有限责任公司、柳州市宏升胶原蛋白肠衣有限公司
16756228,卓誉自动化
16828127,沈阳金杯车辆制造有限公司
18875180,上海运能能源科技有限公司
1787032,上海新高峰生物医药有限公司
15839039,上海鑫燕隆汽车装备制造有限公司
15839039,大信会计师事务所为本次交易标的公司鑫燕隆出具的文号为“大信审字[2016]第2-01070号”的审计报告
1724878,深圳市伟创自动化设备有限公司
20253243,深圳市粮食集团有限公司
9875021,上海中技桩业股份有限公司
16302752,泗洪县分金亭医院有限公司、全椒同仁医院有限公司、建昌县中医院有限责任公司三家公司
1128196,ft东临沂临工汽车桥箱有限公司
15736831,浙江华通云数据科技有限公司
16862523,北京小子科技有限公司
1851807,寰慧科技集团有限公司
18298205,上海共创信息技术股份有限公司
19357034,中天金融持有的中天城投集团有限公司100%的股权
1812916,上海华明电力设备制造有限公司
15993821,江苏明伟万盛科技有限公司，原名为江苏明伟万盛实业有限公司
18875263,广东唯一网络科技有限公司，曾用名“东莞市唯一网络科技有限公司”
15753647,山西新华化工有限责任公司
1831730,湖北迈亚毛纺有限公司
738649,江苏淮安交通勘察设计研究院有限公司
738649,陈大庆、孙蔚、胡学忠、孙宏涛、任克终、魏枫、刘辉、叶雷、李云鹏、王晓军
15527484,广州邦讯信息系统有限公司
15699952,超俊科技、旗捷投资、旗捷科技、佛来斯通
15896278,广州龙之杰科技有限公司、北京博日鸿科技发展有限公司
1850910,万盛达扑克、乐天派
353845,浙江越王珠宝有限公司
202335,北京神州新桥科技有限公司
19975014,中化国际物流有限公司
15785219,武汉悦然心动网络科技股份有限公司
2369250,北京景ft创新通信技术有限公司
1923238,爱德康赛
15895071,北京开心人信息技术有限公司
2134138,四川四通欧美环境工程有限公司
15667182,杨凌本香农业产业集团有限公司
1841377,江苏高鸿鼎恒信息技术有限公司，为本次交易的标的公司
1861828,上海完美世界网络技术有限公司
1844490,海骏科技、嬴湖创造、嬴湖共享
4929937,鹏煜威、炫硕光电
16411876,天津市松正电动汽车技术股份有限公司
1848884,益阳中海船舶有限责任公司
18872745,杭州信立传媒广告有限公司
400852,重庆华宇园林股份有限公司
14771325,上海莹悦网络科技有限公司
602882,广西南城百货股份有限公司
1911012,北京天河鸿城电子有限责任公司
1911012,天河鸿城100%股权
16297971,杭州奥能电源设备有限公司
1925664,上海莹悦网络科技有限公司
569139,中兴能源装备股份有限公司
311168,天津滨河创新科技有限公司
2473,北京中恒博瑞数字电力科技有限公司
4938383,广东合利金融科技服务有限公司
15557138,江苏新泰材料科技股份有限公司、资产过户同时变更为“江苏新泰材料科技有限公司”
20161778,北京联创种业股份有限公司
361878,北京捷科智诚科技有限公司
1973949,北京康邦科技股份有限公司和江南信安（北京）科技有限公司
1791043,上海明匠智能系统有限公司
18297953,恒鸿达科技有限公司，曾用名福建三元达软件有限公司
16738760,北京市新港永豪水务工程有限公司
16738760,正中珠江出具的《北京市新港永豪水务工程有限公司2015年度、2016年度及2017年1-3月审计报告》（广会专字[2017]G17001660255号）
1155636,六和集团、六和股份、新希望农牧、枫澜科技、新希望乳业、成都新希望实业、四川新希望实业
9880817,光大矿业及赤峰金都
1864308,广州建通测绘地理信息技术股份有限公司
983198,湘潭市污水处理有限责任公司
16946142,马龙公司、大姚公司、会泽公司、泸西公司
349998,上海天马、成都天马、武汉天马、上海光电子、深圳光电子
16888060,新勤上、勤上半导体、江西勤上、安徽勤上、莱福士光电、安徽邦大勤上、福建国策光电、江苏尚明、慧誉同信、中科半导体
16888060,新勤上、勤上半导体
16888060,除新勤上、勤上半导体以外的标的公司
15753702,国机精工有限公司
15753702,国机精工有限公司
15950989,山西中煤华晋能源有限责任公司
2226779,智途科技、杭州清普
19341006,宁波双林汽车部件投资有限公司
19288922,长影（海南）娱乐有限公司、长影（海南）置业有限公司
1614150,海门市森达装饰材料有限公司
209062,新浩艺软件、凌克翡尔、上海派博、上海信御、上海翊广
4938824,武汉华森塑胶有限公司
79647,欧朋达科技（深圳）有限公司
14781452,香港四明投资有限公司、宁波梵帝国际贸易有限公司
19197775,世鼎生物技术（香港）有限公司，ShidingShengwuBiotechnology(HongKong)TradingLimited
1583746,上海巴克斯酒业有限公司
2033669,宁波劳伦斯汽车内饰件有限公司和上海戈冉泊精模科技有限责任公司
18839439,北京小子科技有限公司
1627692,现代商友软件集团有限公司及现代商友软件集团国际有限公司
1834872,吉林康达和宁夏吉峰
1636531,合肥国轩高科动力能源股份公司
15627000,广州证券股份有限公司
15627000,信永中和会计师事务所（特殊普通合伙）
1842485,天安财产保险股份有限公司，原名天安保险股份有限公司
1808641,浙江梦幻星生园影视文化有限公司
4949587,中科富创（北京）科技有限公司
19164791,厦门天马、天马有机发光
1689820,宁波药材
16532353,北京麟游互动科技有限公司
16165550,天业投标公司
1808567,上海旗计智能科技有限公司
15343212,创维液晶器件（深圳）有限公司
20594347,新疆宜化化工有限公司
20594347,大信会计师出具的《新疆宜化化工有限公司审计报告》（大信审字【2018】第2-00941号）
2303667,山西华联和海融兴达
14904669,山东实杰生物科技股份有限公司
1780824,浩耶上海及其子公司
4945729,广州韩亚生物科技有限公司、上海月沣化妆品有限公司
18869548,上海傲源医疗用品有限公司
270102,鸿ft热电、福能新能源、晋江气电
15462772,金耀药业
68704,北京数字天域科技股份有限公司
15813593,柳州市双飞汽车电器配件制造有限公司
15813593,瑞华会计师事务所出具的《柳州市双飞汽车电器配件制造有限公司备考合并财务报表之审计报告》（瑞华审字[2017]48410001号）
15709943,成都亚光电子股份有限公司
15501920,武汉华森塑胶有限公司
4938566,苏州美生元信息科技有限公司
1562273,迪思传媒及其子公司
19293088,北京中科金财电子产品有限公司
2380222,海南波莲水稻基因科技有限公司
16698549,红相科技及中强科技
77968,北京拓明科技有限公司
1826217,上海电驱动股份有限公司
154021,ft西康伟集团有限公司
356087,青岛润昊、昆仑利用、东泰燃气及东泰压缩
315998,武汉呵尔医疗科技发展有限公司、长沙三济生物科技有限公司、晶能生物技术（上海）有限公司
474630,兴宁实业和瑞和商贸的统称
16731056,山西中煤华晋能源有限责任公司
619741,伟仕控股有限公司，香港联交所上市公司，代码为856
1622727,医惠科技有限公司、杭州医惠科技有限公司
2041241,爱创天杰、亚海恒业、智阅网络、数字一百
15461804,四川四通欧美环境工程有限公司
226389,博达瑞恒和西油联合
1748327,神州数码（中国）有限公司、上海神州数码有限公司、广州神州数码信息科技有限公司
4945502,北京凯铭风尚网络技术有限公司，一家依据中国法律设立的公司
1845626,云南省弥勒雷打滩水电有限责任公司
15203113,江苏省冶金设计院有限公司
1675731,深圳市北辰德科技有限公司
6547991,响水恒利达科技化工有限公司
16313701,成都狮之吼科技有限公司
4927725,南方银谷科技有限公司
16303033,柏克新能和精一规划
15733012,洛阳瑞泽石化工程有限公司
12051731,宁波康奈特国际贸易有限公司
1902684,河北银行股份有限公司
1861325,上海冠致工业自动化有限公司、华晓精密工业（苏州）有限公司
16850467,北京理工华创电动车技术有限公司
16850467,北京理工华创电动车技术有限公司
169381,益阳鸿源稀土有限责任公司
20307417,JoyCityPropertyLimited，中文名称为“大悦城地产有限公司”
15498296,河北智同生物制药股份有限公司
1706270,安徽久工健业股份有限公司
337400,丰越环保
1760114,智诚光学、富强科技、德乐科技
15572010,德马吉国际展览有限公司
15627742,杭州泰一指尚科技有限公司
1667172,宁波瑞源
290373,科迪隆、广西先得
16949332,湖南远泰生物技术有限公司
1770979,日月同行信息技术（北京）有限公司
14787306,浙江上优刀具有限公司
1856641,上海莹悦网络科技有限公司
16504741,四川省能投风电开发有限公司
86284,安信证券股份有限公司
2380076,春天融和、乐华文化
12057815,福瑞斯100%股权、瑞宇健身100%股权
16255891,北京六捷科技有限公司
67777,上海游族信息技术有限公司
16120298,杭州悠可化妆品有限公司
2604928,五矿资本、五矿信托、五矿证券和五矿经易期货
15303477,南京飞腾电子科技有限公司
697857,深圳市易思博软件技术有限公司
16607351,北京德青源农业科技股份有限公司
15553078,能源集团、明州热电、科丰热电、长丰热电、明州生物质
2245926,惠生（南京）清洁能源股份有限公司
1806739,人东百货和/或光华百货
1896046,南京华威医药科技开发有限公司
10796047,苏州贯龙电磁线有限公司
16862279,青海明胶有限责任公司、青海明诺胶囊有限公司、广东明洋明胶有限责任公司、柳州市宏升胶原蛋白肠衣有限公司
15612407,武汉元丰汽车零部件有限公司
301775,西藏ft南灵云传媒有限公司
893218,深圳市深越光电技术有限公司
18290748,沈阳飞机工业（集团）有限公司
16919997,领益科技（深圳）有限公司
1848457,什邡市明日宇航工业股份有限公司
9885774,IEE公司及其子公司、Hiwinglux公司及其子公司、Navilight公司及其子公司
15723364,苏州旭创科技有限公司
16866601,上海科泰运输制冷设备有限公司
16259713,山西中煤华晋能源有限责任公司
361244,上海德梅柯汽车装备制造有限公司
8778869,上海冠致工业自动化有限公司、华晓精密工业（苏州）有限公司
16656595,深圳市富诚达科技有限公司
1839859,河北银行股份有限公司
18849978,彩虹无人机科技有限公司和航天神舟飞行器有限公司
15694210,珠海泰坦新动力电子有限公司
1876764,亿家晶视、上海广润、北京维卓
675850,三零盛安、三零瑞通、三零嘉微
14791223,深圳市威富通科技有限公司
16377238,墨鹍科技、智铭网络
16619854,佛山欧神诺陶瓷股份有限公司
15723228,上海极光网络科技有限公司
1723779,北京盛世骄阳文化传播有限公司
18779093,和谐明芯（义乌）光电科技有限公司
2377649,深圳市东方亮彩精密技术有限公司
1911602,苏州美生元信息科技有限公司
16798233,圣农实业、沈阳中和、福建德润、苏州天利、宁波圣峰、新圣合、上海映雪、嘉兴金台的合称
16798233,福建圣农食品有限公司
15356945,硕颖数码科技（中国）有限公司
15621349,国控北京、北京康辰、北京华鸿及天星普信
16878744,山东天辰智能停车股份有限公司
1556807,北京迪科远望科技股份有限公司
301709,北京完美影视传媒股份有限公司
15631573,阜新佳创企业管理有限公司
16901379,沈阳飞机工业（集团）有限公司
1562832,宁波药材
1023717,三零盛安、三零瑞通、三零嘉微
14785526,中泰生物制品有限公司和上海益泰医药科技有限公司
16741066,和谐明芯（义乌）光电科技有限公司
18761453,浙江盾安新能源股份有限公司
1769502,亚洲电力设备（深圳）股份有限公司
16874673,江阴道达汽车饰件有限公司
1786502,安徽久工健业有限责任公司
1843365,深圳市集银科技有限公司
403357,天游软件和七酷网络
15605413,山西华联和海融兴达
16118858,和谐明芯（义乌）光电科技有限公司
15572413,北京天融信科技股份有限公司
2137089,云南能投天然气产业发展有限公司
1816572,天安财产保险股份有限公司，原名天安保险股份有限公司
15783099,深圳市铭特科技股份有限公司
1709033,北京中软华泰信息技术有限责任公司
359478,合肥国轩高科动力能源股份公司
18761029,深圳市中兴物联科技有限公司
1711475,神州长城国际工程有限公司
16647889,杭州信立传媒广告有限公司
14782016,海纳川（滨州）发动机部件有限公司与泰安启程车轮制造有限公司
1653466,深圳市杰普特电子技术有限公司
350239,华新机电及其子公司
120559,广东先强药业有限公司
1807192,北京泽天盛海油田技术服务有限公司
1842887,上海明匠智能系统有限公司
342980,丰越环保
18291608,匠芯知本（上海）科技有限公司
346791,郴州雄风稀贵金属材料股份有限公司
14905396,虬晟光电和/或江苏科麦特
16357453,深圳市铭特科技股份有限公司
19300470,湖南远泰生物技术有限公司
1790148,部品件公司、业际光电和平波电子三家公司
16741167,桂林电容
675988,上海方寸信息科技有限公司、北京爱乐游信息技术有限公司
783516,东汐广告、波释广告和美意互通
1861789,森华易腾及其子公司
1934341,浙商资产、浙金信托、大地期货及中韩人寿
1844572,ft西普德药业股份有限公司，目前已成为公司控股子公司
16860086,安徽中旭建设股份有限公司
1623604,德明通讯（上海）股份有限公司
2179661,杭州搜影和北京拇指玩
1831373,智慧海派、江苏捷诚
1140028,佰能电气、佰能蓝天
2380942,上海万方博通石油化工工程有限公司和北京博惠通科技发展有限公司
18297580,深圳光启尖端技术有限责任公司
16694477,杭州国光旅游用品有限公司
1707970,秦皇岛茂业控股有限公司，曾用名：秦皇岛茂业商厦经营管理有限公司
19728824,注入苏盐集团食盐经营相关业务后的苏盐连锁及南通盐业
14945811,深圳市东方拓宇科技有限公司
2185941,江苏国瑞信安科技有限公司
19331158,东方电气集团财务有限公司、东方电气集团国际合作有限公司、四川东方电气自动控制工程有限公司、东方日立（成都）电控设备有限公司、东方电气（四川）物资有限公司、东方电气集团大件物流有限公司、东方电气成都清能科技有限公司、东方电气成都智能科技有限公司
1864201,观印象艺术发展有限公司
1866344,深圳市金宏威技术有限责任公司，前身为“深圳市金宏威实业发展有限公司”、“深圳市金宏威技术股份有限公司”
280682,宁夏伊品生物科技股份有限公司，曾用名宁夏伊品生物工程股份有限公司
4920097,无锡市新峰管业有限公司，曾用名“无锡市新峰管业股份有限公司”
1761356,天伟化工有限公司
15318896,上海塑米信息科技有限公司
15318896,大信会计师事务所（特殊普通合伙）
16827702,恒祥控股、深圳滚装、长航国际、经贸船务香港
1813260,深圳市巨烽显示科技有限公司
1841798,张家港市大伟助剂有限公司
6549480,江苏阿尔法药业有限公司
15726204,东莞市雅康精密机械有限公司
16263938,重庆医药（集团）股份有限公司
19197786,柏克新能和精一规划
16914675,长影（海南）娱乐有限公司、长影（海南）置业有限公司
15641590,四川四通欧美环境工程有限公司
743591,北京富华宇祺信息技术有限公司
1829351,中航国际租赁有限公司、中航信托股份有限公司、中航证券有限公司
726398,上海天马微电子有限公司、成都天马微电子有限公司、武汉天马微电子有限公司、上海中航光电子有限公司、
4920817,深圳市金宏威技术有限责任公司，前身为“深圳市金宏威实业发展有限公司”、“深圳市金宏威技术股份有限公司”
1670436,上海朗脉洁净技术股份有限公司（原上海朗脉洁净技术有限公司）
1670436,“信会师报字（2014）第114424号”审计报告
1819375,杭州中艺生态环境工程有限公司
1832099,如家酒店集团、PolyVictory
677382,能通科技和融创天下
15561148,山东实杰生物科技股份有限公司
354081,江苏淮安交通勘察设计研究院有限公司
354081,陈大庆、孙蔚、胡学忠、孙宏涛、任克终、魏枫、刘辉、叶雷、李云鹏、王晓军
20488543,根据上下文语境，指康泽药业和浙江爱德二者或其中一者
18851001,开封制药（集团）有限公司
1791178,广州植之元油脂实业有限公司及广州东凌粮油销售有限公司
18888513,西周矿业、莱芜热电、莱州风电、聊城热电、莱芜电力、泰山电缆、泰丰钢业
169291,ft西康伟集团有限公司
16436394,广东润星科技股份有限公司
1774826,江苏省冶金设计院有限公司
1704903,深圳市鼎芯无限科技有限公司
12024772,崇州二医院有限公司
1896675,上海朴颐化学科技有限公司
1857246,改制后的林海集团
14671261,北京瑞通芯源半导体科技有限公司，为控股型公司，无实际生产经营业务
14671261,瑞通芯源合计100%的股权
12031975,小子科技和无锡线上线下
1770478,广州威能机电有限公司
19355880,贵州盘江民爆有限公司、贵州开源爆破工程有限公司、山东银光民爆器材有限公司
2373942,万达影视传媒有限公司
1554838,江阴市恒润重工股份有限公司
4933072,方欣科技有限公司
906968,东阳华海时代影业传媒有限公司
15848730,申龙客车、旭虹光电
20248253,陕西华通机电制造有限公司
16809495,西周矿业、莱芜热电、莱州风电、聊城热电、莱芜发电、泰山电缆、泰丰钢业
1659961,浙江梦幻星生园影视文化有限公司
1808098,北京华泰润达节能科技有限公司
77704,安方高科电磁安全技术（北京）有限公司和杭州合众数据技术有限公司
1893387,深圳市一体医疗科技有限公司
573689,深圳市国微电子股份有限公司
16918518,江苏智临电气科技有限公司
16918518,中审华会计师事务所（特殊普通合伙）
1554647,上海天逸电器股份有限公司
1554647,北京博纳电气股份有限公司
1554647,天逸电器、博纳电气
16918609,苏州波发特通讯技术股份有限公司
16651512,宁波诺信
15780650,浙报传媒21家一级子公司股权，具体为浙江日报新闻发展有限公司、钱江报系有限公司、浙江智慧网络医院管理有限公司、浙江老年报报业有限公司、浙江日报报业集团印务有限公司、浙江九星传媒有限公司100%股权，浙江在线新闻网站有限公司70.51%股权，浙江法制报报业有限公司、浙江《美术报》有限公司、浙江《江南游报》社有限责任公司、乐清日报有限公司、瑞安日报有限公司、海宁日报有限公司、诸暨日报有限公司、东阳日报有限公司、上虞日报有限公司、绍兴市柯桥日报有限公司、永康日报有限公司、温岭日报有限公司及上海高铁旅游服务有限公司51%股权，和浙江浙商传媒有限公司49%股权。
15638583,浙江旺能环保股份有限公司
14391005,华创证券有限责任公司，2010年3月由“华创证券经纪有限责任公司”更名而来
15833540,完成资产整合后的量子伟业
1134390,宣化热电、沧东发电、三河发电
153178,白坪煤业、新郑煤电、教学二矿、芦沟煤矿
15320781,苏州汉风科技发展有限公司、南京都乐制冷设备有限公司
1013135,深圳市合正汽车电子有限公司
1851847,上海海能、德沃仕
15635765,本次交易购买的通用电气直接或间接持有的10家控股子公司
16440582,本次交易对方拟通过本次交易出售给威远生化的新能矿业100%股权
1121148,华大电机、登奇机电
1121148,《华大电机审计报告》和《登奇机电审计报告》
1121148,《华大电机盈利预测审核报告》和《登奇机电盈利预测审核报告》
1121148,《华大电机2011年资产评估报告》和《登奇机电2011年资产评估报告》
1121148,《华大电机2012年资产评估报告》和《登奇机电2012年资产评估报告》
20546946,梵雅文化
16170160,上海润金文化传播有限公司
92235,湘潭市污水处理有限责任公司
16591437,上海创开100%的股权
16559518,杭州国光旅游用品有限公司
18832561,上海海兰劳雷海洋科技有限公司
397184,北京博得交通设备股份有限公司
15535423,申通快递有限公司
20248200,深圳爱尔创科技股份有限公司
675985,江西合力泰科技股份有限公司
1902761,深圳市华力特电气股份有限公司、深圳市华力特电气有限公司
1680958,浙江珍诚医药在线股份有限公司
16278565,广东佳纳能源科技有限公司
1093418,福建新东网科技有限公司
1836338,万圣伟业、微创时代
15787539,北京天地祥云科技有限公司，曾用名“北京天云立业企业管理有限公司”
18832971,成都哆可梦网络科技有限公司
1602180,南京烽火星空通信发展有限公司
6549449,北京北方微电子基地设备工艺研究中心有限责任公司
16665332,国家电投集团江苏电力有限公司
18860537,合肥瑞成及香港瑞控
14473366,中视合利文化传媒（北京）有限公司和/或北京青阳文化传播有限公司
1023244,南京新光环保科技工程有限公司，于2013年9月份更名为江苏新光环保工程有限公司
1783715,北京联龙博通电子商务技术有限公司
1635746,洛阳公司、四川公司、唐ft公司、江西公司、黑龙江公司、蕲春公司、ft东公司、广东公司
1635746,洛阳公司、四川公司、唐ft公司、江西公司、黑龙江公司、蕲春公司、ft东公司、广东公司
20508994,天津空间电源科技有限公司、天津力神特种电源科技股份公司
1868405,深圳市金宏威技术有限责任公司，前身为“深圳市金宏威实业发展有限公司”、“深圳市金宏威技术股份有限公司”
18832973,北京神州视翰科技股份有限公司
321668,广东百合蓝色火焰文化传媒股份有限公司
14629410,贵州圣济堂制药有限公司
16439835,深圳市润泰供应链管理有限公司
16873740,北京麟游互动科技有限公司
1831036,金ft环保
9890271,北京瑞通芯源半导体科技有限公司，为控股型公司，无实际生产经营业务
9890271,瑞通芯源合计100%的股权
1660197,华信天线、佳利电子
293189,高要市金岗水泥有限公司
16651130,浙江万好万家智能设备股份有限公司
15697198,金耀药业
14393187,珠海银隆新能源有限公司（曾用名称“珠海银通新能源有限公司”）
1788290,值尚互动
20254330,盛元房产
15747542,广州复大医疗股份有限公司
15747542,复大医疗100%股权
15747542,左建生、徐克成、刘建国、牛立志、海恒实业、樟树复海、上海挚信、广州顺懋、樟树克拉、樟树顺懋
1016273,湖北泰盛化工有限公司
16731009,卓能新能源（在卓能新能源变更为有限责任公司后指卓能新能源有限）
1659360,沈阳昊诚电气股份有限公司
14141615,北京飞流九天科技有限公司
20496202,苏州普洛斯望亭物流园开发有限公司
18761106,淮北矿业股份有限公司
19408065,广东海虹药通电子商务有限公司、海虹医药电子交易中心有限公司
12003323,FiagrilLtda.
2203276,上海巨人网络科技有限公司
15446881,常州华日升反光材料股份有限公司
269970,华大电机、登奇机电
269970,《华大电机2011年资产评估报告》和《登奇机电2011年资产评估报告》
269970,《华大电机2012年资产评估报告》和《登奇机电2012年资产评估报告》
2302062,北京网润杰科科技有限公司
15766892,中钢制品院、中唯公司及湖南特材
1560599,深圳市初谷实业有限公司、深圳市兴晖投资发展有限公司
1668968,深圳市千百辉照明工程有限公司
614593,上海市浦东新区建设（集团）有限公司
15707364,北京矽成半导体有限公司
1757765,华视网聚（常州）文化传媒有限公司
16641029,开封制药（集团）有限公司
367786,中煤科工集团重庆研究院有限公司、中煤科工集团西安研究院有限公司、中煤科工集团北京华宇工程有限公司
1779097,江苏八达园林有限责任公司及其前身江苏八达园林股份有限公司
20380444,武汉剑通信息技术有限公司
20288069,上海科泰运输制冷设备有限公司
1698104,中经电商和汇通宝
1825366,益阳中海船舶有限责任公司
1605284,上海游唐网络技术有限公司
1787622,深圳东志和成都傅立叶
12027824,成都富江机械制造有限公司
15333107,爱创天杰、智阅网络、数字一百
1634966,北京三吉利股份有限公司（现更名为：华兴电力股份公司）
9023626,智趣广告
10789437,江海证券有限公司
1147546,远东电缆、新远东、复合技术三家公司
15500780,北京泰豪智能工程有限公司
18884012,博爱新开源生物科技有限公司
18884012,大信会计师事务所（特殊普通合伙）
10789629,厦门快云信息科技有限公司或兆荣联合（北京）科技发展有限公司
16933079,浙江交工集团股份有限公司
16201766,浙江俏尔婷婷服饰有限公司
2378812,常州华日升反光材料股份有限公司
1285417,塔ft发电、同华发电、王坪发电、大唐热电、豁口煤业和锦程煤业
319380,上海朗脉洁净技术股份有限公司（原上海朗脉洁净技术有限公司）
319380,“信会师报字（2014）第114424号”审计报告
9901531,广东恒峰信息技术股份有限公司
1922563,完成资产整合后的海纳川（滨州）发动机部件有限公司与泰安启程车轮制造有限公司
15341746,深中置业与深中开发
1836181,沈阳昊诚电气股份有限公司（2015年7月1日，名称变更为沈阳昊诚电气有限公司）
90423,达明科技有限公司(原达明科技股份有限公司)
14905595,金耀药业
2367455,深圳市浩能科技有限公司
15823305,天津卡乐互动科技有限公司
747424,上海克顿文化传媒有限公司原名为上海克顿伙伴管理顾问有限公司
765582,赣州市德普特科技有限公司
1685751,励丰文化和金立翔
1851830,江苏高鸿鼎恒信息技术有限公司，为本次交易的标的公司
1874718,江苏国瑞信安科技有限公司
20416911,泰安鼎鑫冷却器有限公司
19274538,和谐芯光（义乌）光电科技有限公司
20264090,北京中科金财电子产品有限公司
20596831,辽宁民族、香港民族、国贸公司、大和公司、锦冠公司和信添公司
16560132,金艺珠宝、捷夫珠宝、臻宝通、贵天钻石
1895786,厦门鹭路兴绿化工程建设有限公司
14666574,泉州安通物流有限公司及泉州安盛船务有限公司
812970,上海方寸信息科技有限公司、北京爱乐游信息技术有限公司
2040455,AMD苏州和AMD槟城
1631480,北京华夏电通科技股份有限公司
12047162,东莞市雅康精密机械有限公司
1756093,欧飞凌通讯、杰东控制、精图信息
1672248,浙江联宜电机股份有限公司
16375553,苏州旭创科技有限公司
1808547,三峡金沙江川云水电开发有限公司
2314658,深圳市快闪科技有限公司
1774834,广州亿程交通信息有限公司
904358,三零盛安、三零瑞通、三零嘉微
1138167,北京中电加美环保科技股份有限公司
14792105,沈阳铁西百货大楼有限公司
1902011,中原电子、圣非凡
19177080,成都蓉生，上海血制、武汉血制及兰州血制
335732,杭州赛石园林集团有限公司
359367,亿帆生物和亿帆药业
15033068,北京艾莱发喜食品有限公司
1611529,江苏世轩科技股份有限公司
17369413,上海市数字证书认证中心有限公司
1827477,深圳市金锐显数码科技有限公司
229510,三洋公司、武汉鑫益、新疆天方、新兴华康
15680348,北京趣酷科技有限公司
12020492,北京康远制药有限公司
16568976,厦门天马、天马有机发光
16937883,深圳市萨拉摩尔电子商务有限公司
16937883,子衿管理、迅游管理、摩尔管理、米莉管理
9904271,顺丰控股
339242,上海清河机械有限公司
9892634,杭州嘉楠耘智信息科技有限公司、北京嘉楠耘智信息科技有限公司（杭州嘉楠耘智信息科技有限公司原名）
3864195,南京汉恩数字互联文化股份有限公司
2356052,苏州贯龙电磁线有限公司
15755981,南京电研电力自动化股份有限公司
1756513,深圳市华力特电气股份有限公司
1572736,部品件公司、业际光电和平波电子三家公司
14669307,西乌珠穆沁旗银漫矿业有限责任公司、正镶白旗乾金达矿业有限责任公司
20260024,常州海登赛思涂装设备有限公司
1684670,北京迪科远望科技股份有限公司
1668520,上海联明晨通物流有限公司
1824907,海航基础产业集团有限公司
18833942,上海盛蔚矿业投资有限公司
346945,新疆天澳牧业有限公司
1852474,牡丹江友搏药业股份有限公司
16429548,新泉阳泉，园区园林
1669974,信息产业电子第十一设计研究院科技工程股份有限公司
15646259,江苏海四达电源股份有限公司
14473365,中原电子、圣非凡
16827367,上海鸿宇网络科技有限公司
16827367,上海冠翼信息技术中心（有限合伙）、上海及扬企业管理咨询中心（有限合伙）、上海喻馨信息技术中心（有限合伙）、上海磐延企业管理合伙企业（有限合伙）
1579529,北京三吉利能源股份有限公司
1108561,重庆莱美禾元投资有限公司
322217,广州华炜科技股份有限公司
20473644,北京爱酷游科技股份有限公司，系新三板挂牌公司，股票代码为835089.OC
562231,北京智明星通科技有限公司
9428472,杭州环北丝绸服装城有限公司
15488658,江苏和成显示科技股份有限公司
1925450,天安财产保险股份有限公司，原名天安保险股份有限公司
1839728,高新核材、深圳沃尔、中科海维、中广核达胜、中广核俊尔、苏州特威及湖北拓普
19198122,北京新能源汽车股份有限公司
1468711,新浩艺软件、凌克翡尔、上海派博、上海信御、上海翊广
16756510,南京国旅联合汤山温泉开发有限公司
16833568,北京麟游互动科技有限公司
2094843,神州易桥（北京）财税科技有限公司
295477,北京创世漫道科技有限公司
16181956,河北羿珩科技股份有限公司及其前身河北羿珩科技有限公司，曾用名秦皇岛市奥瑞特科技有限公司、河北羿珩太阳能科技股份有限公司；2017年4月17日公司形式变更并更名为河北羿珩科技有限责任公司
1833513,苏州高新创业投资集团有限公司
19185646,北京中科金财电子产品有限公司
19205795,西周矿业、莱芜热电、莱州风电、聊城热电、莱芜电力、泰山电缆、泰丰钢业
1721335,北京中鼎高科自动化技术有限公司
70969,北京中卓时代消防装备科技有限公司
18888411,淮北矿业股份有限公司
2383443,鹏煜威、炫硕光电
16735561,北京航天华宇科技有限公司
20218887,中盛光电能源股份有限公司
15593758,浙江上优刀具有限公司
302893,天津天海同步科技股份有限公司
214490,长沙天鹅工业泵股份有限公司
15582070,宁波四维尔工业股份有限公司
341286,上海大郡动力控制技术有限公司
19176792,上海傲源医疗用品有限公司
1646420,贵州黔锦矿业有限公司
20247377,上海千年城市规划工程设计股份有限公司
15829372,天音通信有限公司，曾用名深圳市天音通信发展有限公司
1027286,盛元房产及海滨置业
15627076,杭州铁城信息科技有限公司
15843769,安徽华铂再生资源科技有限公司
1820748,巴士在线科技有限公司
1710447,广州亿程交通信息有限公司
16679493,上海恩捷新材料科技股份有限公司
1931829,大庆市永晨石油科技有限公司
15527714,南宁绿洲化工有限责任公司
1813288,天安财产保险股份有限公司，原名天安保险股份有限公司
2028969,河南德宝恒生医疗器械有限公司
1901253,北京京能煤电资产管理有限公司
15343350,上海伊尔美港华医疗美容医院有限公司，于2016年7月由上海伊美尔港华医疗美容医院有限公司更名而来。
782738,北京数字天域科技股份有限公司
1893771,湖南龙华农牧发展有限公司和深圳比利美英伟生物技术股份有限公司
1862369,深圳市金锐显数码科技有限公司
1923890,宁波康奈特国际贸易有限公司
15628391,北京万象新动移动科技有限公司
