id,mark,mark_com,jiaoyiduifang,price,method
20546245,100.00%股权,科立鑫,林奋生、珠海科立泰、廖智敏、珠海金,1200000000.0,收益法
20526160,100.00%股权,广东美奇林互动科技股份有限公司,郑泳麟、赵祎、翁佩菲、郑钟高、郑子鹏、郑良发、黄成庆、郑学涛、杨旭东、罗远航,440000000.0,收益法
20505659,100%股权,狼和医疗整体变更为有限公司,周明海、刘晓鹏、张小波、永丰县源生投资中心(有限合伙)、富海博晖(杭州)健康智慧医疗股权投资基金合伙企业(有限合伙)、北京九州风雷新三板投资中心(有限合伙)、北京久承投资中心(有限合伙)、宁波梅山保税港区医宸股权投资合伙企业(有限合伙)、绍兴上虞润讯股权投资合伙企业(有限合伙)、张新,520000000.0,收益法
20496202,100%股权,苏州普洛斯望亭物流园开发有限公司,宁波颢成股权投资合伙企业(有限合伙)、CHINA LOGISTICS HOLDING XXXVIII SRL,431000000.0,收益法
20448382,100%股权,湖南长韶娄高速公路有限公司,湖南轨道交通控股集团有限公司,4402723600.0,收益法
20400852,100%股权,久凌制药,张国良、张凤、曾昌弟、张玲、贾云峰、蒋能超、方善伦、李远刚、夏磊、高福元、唐劲、彭相程、简勇、严敏,394000000.0,收益法
20400603,65%的股权,青岛新力通,王兴雷、盛文兰、王柏雯、李卫侠、王平生、包日龙、贾成涛、古朝雄、刘向华、姚年善、于长华、杨伟杰,474500000.0,收益法
20329259,100%股权,金龙房地产,兴龙实业,608386400.0,资产基础法
20329259,瑞丽金星翡翠珠宝交易市场,金星房地产,金星房地产,785536100.0,市场比较法、收益法
20329259,泰丽宫珠宝市场,泰丽宫珠宝,泰丽宫珠宝,331951400.0,市场比较法
20304359,100%的股权,开元商业有限公司,银泰百货有限公司,3502478375.24,资产基础法
20295270,5%股权,西安新鸿业投资发展有限公司,北京绿城投资有限公司,47500000.0,资产基础法
20237904,100%的股权,开元商业有限公司,银泰百货有限公司,3361678401.29,资产基础法
20232566,100%的股权,成都业康置业有限公司,四川温资房地产开发投资有限公司,430000000.0,资产基础法
20220314,100%的股权,理工华创,林程、孙逢春、周辉、杨烨、王文伟、王剑华、张军、梁德荣、张承宁、赵彩英、曹万科、时军辉、侯睿、董爱道、王军、何洪文、王震坡、南金瑞、赵保国、邹渊、丁立学、贺圻、杨晓昆、王睿、索世雄、李勇、北京理工资产经营有限公司、北京理工创新高科技孵化器有限公司、北京基石仲盈创业投资中心(有限合伙)、北京航天科工军民融合科技成果转化创业投资基金(有限合伙),827360000.0,收益法
20217960,100%的股权,久凌制药,张国良、张凤、曾昌弟、张玲、贾云峰、蒋能超、方善伦、李远刚、夏磊、高福元、唐劲、彭相程、简勇、严敏,394000000.0,收益法
19660888,98.1317%股权,天心种业,现代农业集团、长城资管、发展资本、信达资管、刘艳书、万其见、杨竣程、章志勇、唐先桂、邓付栋、胡为新、唐威、徐化武、胡蕾、龚训贤、高颖、谭建光、韩伟、李芳、饶华、唐美秧、曾静、周学斌、李锦林、李学君、任向军、唐敏、杨润春,673758611.9,收益法
19660888,200万元国有独享资本公积,现代农业集团,现代农业集团、长城资管、发展资本、信达资管、刘艳书、万其见、杨竣程、章志勇、唐先桂、邓付栋、胡为新、唐威、徐化武、胡蕾、龚训贤、高颖、谭建光、韩伟、李芳、饶华、唐美秧、曾静、周学斌、李锦林、李学君、任向军、唐敏、杨润春,2000000.0,收益法
19355880,100%股权,盘江民爆,盘化集团、产投集团、瓮福集团,503320500.0,收益法
19355880,94.75%股权,开源爆破,盘化集团、开山爆破,137404100.0,收益法
19355880,100%股权,银光民爆,保利久联集团、银光集团,471432500.0,收益法
19342900,100%的股权,中光学,兵器装备集团,503076400.0,资产基础法
19293823,100%股权,中光学,兵器装备集团,503076400.0,资产基础法
19197775,100%股权,世鼎香港,三胞集团有限公司,5968000000.0,收益法
18876458,20%股权,科翼传播,陆慧斐、邓翀,,
18876458,100%的股权,观达影视,青春旋风、骅伟投资、芒果投资、鹿捷咨询,,
18855972,有机分厂、丁二分厂和配套职能部门相关的主要资产、负债,山西三维集团股份有限公司,山西三维华邦集团有限公司,417985000.0,
18810965,100.00%股权,赞融电子,孙志民、侯卫民,840000000.0,收益法
18291650,100%股权,旺能环保,美欣达集团、永兴达实业、重庆财信、新龙实业、陈雪巍,4250000000.0,
18291650,构成印染业务的全部资产和负债,美欣达,美欣达集团,560000000.0,
18285886,有机分厂、丁二分厂和配套职能部门相关的主要资产、负债,山西三维,三维华邦,,资产基础法
17453212,100%股权,上海众源,合联国际,210000000.0,收益法
16950228,65%的股权,青岛新力通,王兴雷、盛文兰、王柏雯、李卫侠、王平生、包日龙、贾成涛、古朝雄、刘向华、姚年善、于长华、杨伟杰,474500000.0,收益法
16942137,87.5842%股权,卓能新能源,黄延新、黄国文、姚小君、高宏坤、洪泽慧、鸿和令、陈伟敏、黄延中、伍春光、卓众投资、卓和投资、深国投、日亚吴中、刘海波、曾伟敬、潘新钢、邓纶浩、黄培荣、卓岳资本,2414008800.0,收益法
16926675,89.38%股权,上海盛蔚矿业投资有限公司,沈国军、王水、程少良、上海趵虎投资管理中心(有限合伙)、上海澜聚企业管理中心(有限合伙)、上海巢盟企业管理中心(有限合伙)、上海温悟企业管理中心(有限合伙)、共青城润达投资管理合伙企业(有限合伙),4031000000.0,资产基础法
16878429,65%股权,青岛新力通工业有限责任公司,王兴雷、盛文兰、王柏雯、李卫侠、王平生、包日龙、贾成涛、古朝雄、刘向华、姚年善、于长华、杨伟杰、平度新力通企业管理咨询中心(有限合伙),474500000.0,收益法
16874673,100%股权,江阴道达汽车饰件有限公司,模塑集团、精力机械,,收益法
16865570,47.18%内资股股份,上海集优机械股份有限公司,电气总公司,,
16865570,50.10%股权,上海自仪泰雷兹交通自动化系统有限公司,电气总公司,,
16865570,100%股权,上海电气集团置业有限公司,电气总公司,,
16865570,26幅土地使用权及相关附属建筑物等资产,电气总公司,电气总公司,,
16850467,100%的股权,理工华创,林程、孙逢春、周辉、杨烨、王文伟、王剑华、张军、梁德荣、张承宁、赵彩英、曹万科、时军辉、侯睿、董爱道、王军、何洪文、王震坡、南金瑞、赵保国、邹渊、丁立学、贺圻、杨晓昆、王睿、索世雄、李勇、北京理工资产经营有限公司、北京理工创新高科技孵化器有限公司、北京基石仲盈创业投资中心(有限合伙)、北京航天科工军民融合科技成果转化创业投资基金(有限合伙),827360000.0,收益法
16797497,89.38%股权,上海盛蔚矿业投资有限公司,沈国军、王水、程少良、上海趵虎投资管理中心(有限合伙)、上海澜聚企业管理中心(有限合伙)、上海巢盟企业管理中心(有限合伙)、上海温悟企业管理中心(有限合伙)、共青城润达投资管理合伙企业(有限合伙),4031000000.0,资产基础法
16760027,除东凌国际706.90万股限售股外的其他全部资产及负债,建峰化工,建峰集团,1486792100.0,
16760027,96.59%股份,重庆医药,化医集团、深圳茂业、茂业商业、重庆新兴医药基金、天士建发、复星医药、白云山、渤溢基金、西南药业、太极药用动植物公司、重庆市铁路自备车有限公司、通德药业、厦门鱼肝油厂、桂林南药、重庆市中医院、太极桐君阁药厂、禾创药业、蓝光发展、杨文彬、吴正中、黄文、王健,6697255900.0,收益法
16703186,100%的股权,南京能瑞自动化设备股份有限公司,能策投资、孙金良、孙莹、刘金山、钱淑琴、周一心、刘国鹏、黄绍云、严克广、孙益兵、张亚贤、李定胜、方霞、阮在凤、周永志、夏玉宝、陈磊、屈战、樊彬、郭平、戴友年、董君、蒋慰静、孙雷、宋福超、高俊俊、葛政,,
16685321,"251,000.00万元商业承兑汇票",八一钢铁,宝钢集团新疆八一钢铁有限公司,2510000000.0,
16685321,"炼铁系统、能源系统和厂内物流的整体资产、经营性负债与业务,以及制造管理部和采购中心的资产、经营性负债与业务",八钢公司,宝钢集团新疆八一钢铁有限公司,4345437400.0,资产基础法
16679828,100%股份,旺能环保,美欣达集团、重庆财信、新龙实业、永兴达实业、陈雪巍,4250000000.0,收益法
16679828,构成印染业务的全部资产和负债,美欣达,美欣达集团,560000000.0,资产基础法
16660573,海珍品养殖、加工、销售业务相关资产及部分负债,大连壹桥海参股份有限公司,刘德群,1570848100.0,资产基础法
16607351,"4,202.8460万股股份",德青源,CAPITAL TODAY INVESTMENT II(HK) LIMITED,134491072.0,收益法
16459499,100%股权,诚亿自动化,张天伟、李科、谢崇宁、丁剑平,600000000.0,收益法
16459499,100%股权,新宇智能,齐秉春、吴海波、丁剑平、李红竞、刘文浩、金瑞投资、健和誉健,340000000.0,收益法
16407158,96.59%股权,重庆医药,化医集团、深圳茂业、茂业商业、重庆新兴医药基金、天士建发、复星医药、白云山、渤溢基金、西南药业、太极药用动植物公司、重庆市铁路自备车有限公司、通德药业、厦门鱼肝油厂、桂林南药、重庆市中医院、太极桐君阁药厂、禾创药业、蓝光发展、杨文彬、吴正中、黄文、王健,6697255900.0,收益法
16407158,除东凌国际706.90万股限售股1外的其他全部资产及负债,建峰化工,建峰集团,1486792100.0,收益法
16406807,100%的股权,瑞丰印刷,袁伍妹、重庆金嘉兴,702000000.0,收益法
16406721,汽车软饰及声学原件业务相关资产,B1( Auria SolutionsLimited),International Automotive Components Group S.A.,,
16377238,68.43%股权,墨鹍科技,杨东迈、谌维、网众投资,952750000.0,
16377238,49%股权,智铭网络,胡宇航,254800000.0,
16357179,100%的股权,成都中德天翔投资有限公司,中泰创展(上海)投资合伙企业(有限合伙)、成都亲华科技有限公司、成都星润泰祥企业管理中心(有限合伙)、中讯建通(北京)控股有限公司、深圳市深商兴业创业投资基金合伙企业(有限合伙)、深圳市四海汇智创业投资企业(有限合伙),,
16356977,70.00%股权,豫龙同力,河南投资集团,696000000.0,资产基础法
16356977,60.00%股权,豫鹤同力,河南投资集团,121000000.0,资产基础法
16356977,73.15%股权,黄河同力,河南投资集团,585000000.0,资产基础法
16356977,100.00%股权,平原同力,河南投资集团,340000000.0,资产基础法
16356977,100.00%股权,腾跃同力,河南投资集团,150000000.0,资产基础法
16356977,100.00%股权,河南省同力,河南投资集团,422000000.0,资产基础法
16356977,100.00%股权,中非同力,河南投资集团,53000000.0,资产基础法
16356977,100.00%股权,濮阳建材,河南投资集团,28000000.0,资产基础法
16356977,62.96%股权,同力骨料,河南投资集团,31000000.0,资产基础法
16356977,100%股权,许平南,河南投资集团,3786000000.0,收益法
16353954,52.3787%的股权,天津松正,孔昭松、王敏、万向钱潮、温氏投资、新兴齐创,691398840.0,收益法
16350037,100%股权,苏州科环,唐新亮、宽客投资、沁朴投资、骏琪投资、鼎泰投资、文建红、张建强、江苏中茂,682000000.0,
16349063,100%股权,ADAMA,中国化工农化总公司,18471006998.16,收益法
16342902,100%股权,云克科技,云克投资、厉群南,1005000000.0,资产基础法
16334062,100%股权,瑞丰印刷,袁伍妹、重庆金嘉兴,702000000.0,收益法
16319641,75%股权,吉林天池钼业有限公司,吉林天成矿业有限公司,953474500.0,资产基础法
16319641,"34,200万元债权",吉林天池钼业有限公司,吉林天成矿业有限公司,342000000.0,资产基础法
16310680,100%股权,拇指游玩,天津大拇指、骅威文化、曾飞、曾澍、程霄,1090000000.0,收益法
16310680,100%股权,虹软协创,舟山虹软、广州维动、深圳国金,625000000.0,收益法
16309960,99.854%股权,辽宁邮电,陈志生、姜日敏、于勇、陈曦、陈立人、卞晓光、张旭阳、祖健、包恩杰、周巍、丁向鸿、罗宝康、唐文志、刘慧、辛广军、苏金友、葛志全、高亮、张立武、王建国、王奎勇、孙智鹏、葛振林、王耀明、贾红雷、边庆跃、付强、杜占东、付天飞、刘霞、程国辉、王吉、毕健有、辛亚锋、张升伟、刘英男、陈兴宏、齐智刚、鸿讯飞龙、鸿信飞龙、网讯飞龙、网信飞龙、天泽吉富、善长资产、北京泓石、中金国联、王卿泳,1788265300.0,收益法
16284964,100%股权,Gardner Aerospace Holdings Limited,BECAP Gardner1 Limited、 BECAP Gardner2 Limited、 Nicholas James Guttridge、 Kenneth Ian Worth、 N,,
16263938,96.59%股份,重庆医药,化医集团、深圳茂业、茂业商业、重庆新兴医药基金、天士建发、复星医药、白云山、渤溢基金、西南药业、太极药用动植物公司、重庆市铁路自备车有限公司、通德药业、厦门鱼肝油厂、桂林南药、重庆市中医院、太极桐君阁药厂、禾创药业、蓝光发展、杨文彬、吴正中、黄文、王健,6697255900.0,收益法
16263938,扣除东凌国际706.90万限售股之外的全部资产及负债,建峰化工,建峰集团,1486792100.0,资产基础法
16233518,与军品电机业务相关的经营性资产,林泉电机,林泉电机,374521700.0,
16233518,100%股权,航天电机,林泉电机、深圳科工,106700000.0,
16233518,51%股权,斯玛尔特,林泉电机,43707000.0,
16233518,68%股份,运控电子,许国大、協控投资、周荣方、徐涛、许京、姚国华、梅红玉,725528700.0,
16202475,60%股权,浙江通策健康管理服务有限公司,爱铂控股、鲍正梁,75000000.0,资产基础法
16182745,26%股权,华鑫置业(集团)有限公司,飞乐音响、上海贝岭,,
16182745,66%股权,华鑫置业(集团)有限公司,仪电集团,,
16181329,100%股权,沈阳新北,联美集团、联众新能源,,
16181329,100%股权,国惠新能源,联众新能源,,
16062504,100%股权,Gardner Aerospace Holdings Limited,BECAP Gardner1 Limited、 BECAP Gardner2 Limited、 Nicholas James Guttridge、 Kenneth Ian Worth、 N,2793363600.0,收益法
16046776,100%股权,瑞丰印刷,袁伍妹、重庆金嘉兴,702000000.0,收益法
16039334,97.15%股权,鹤壁同力,投资集团,1103560800.0,
16039334,50.00%股权,鹤壁丰鹤,投资集团,762257100.0,
16039334,12.00%股权,华能沁北,投资集团,656463600.0,
15993448,55.13%股权,六捷科技,范莉娅、安志鵾、王义平,259120400.0,
15992811,100.00%股权,蓝焰煤层气,晋煤集团,3072681700.0,
15992811,除全部应付债券及部分其他流动资产、应交税费、应付利息外的全部资产和负债,煤气化股份,晋煤集团,856139600.0,
15943423,93.5417%股权,幻想悦游,王玉辉、丁杰、彭小澎、陈嘉、林莹、徐沃坎、张飞雄、周茂嫒、邵泽、德清时义投资合伙企业(有限合伙)、德清初动信息科技合伙企业(有限合伙)、光大资本投资有限公司、中国文化产业投资基金(有限合伙)、北京嘉合,3416517050.8,
15943423,96.36%股权,合润传媒,王倩、王一飞、罗平、陈纪宁、牛林生、陶瑞娣、刘涛、丁宝权、周永红、北京智合联投资咨询有限公司、深圳市同威成长创业投资合伙企业(有限合伙)、深圳市同威创业投资有限公司、合肥同安创业投资基金行(有限合伙),742000000.0,
15833901,100%的股权,瑞丰印刷,袁伍妹、重庆金嘉兴,702000000.0,收益法
15829347,51%股权,浙江沪乐,章华超、方顺金、薛洪柱、周元胜、胡爱夏、嘉兴六顺,117300000.0,
15810326,47.18%内资股股份,上海集优,上海电气(集团)总公司,983935500.0,收益法
15810326,50.10%的股权,自仪泰雷兹,上海电气(集团)总公司,263025000.0,收益法
15810326,100%的股权,电气置业,上海电气(集团)总公司,2575759100.0,收益法
15799383,100%股权,甜维你(上海)商贸有限公司,衣念香港,4932000000.0,
15771867,年产8万吨粘胶纤维、10万吨棉浆粕生产线全部有效经营性资产及配套设施(包括存货、固定资产、在建工程、无形资产等),阿拉尔新农化纤有限责任公司,,,成本法
15760956,全部权益,Rightware Oy,RW全体权益持有人,475590400.0,收益法
15753647,100%的股权,山西新华化工有限责任公司,山西新华防护器材有限责任公司,985434100.0,资产基础法、收益法
15741872,96.3158%股权,蓝瀚科技,平安大华、京东世纪、西藏东方、赵文权、许志平、陈良华、吴铁、孙陶然、齐玉杰,1852000000.0,
15726598,75.03%股权,卓影科技,聚源天成、卡普泰科、叶盛、代聪、陈逸骏、明道致远3号、成都高投、德胜同丰、刘琼、肖红梅、盈创泰富、朱宁、李英、何东武、盈创德弘、泓铭轩、赵飞、吴军,450204500.0,收益法
15709943,97.38%股权,亚光电子,太阳鸟控股、南京瑞联、天通股份、东方天力、东证蓝海、浩蓝瑞东、浩蓝铁马、华腾五号、华腾十二号、周蓉,3342000000.0,收益法
15674848,90%股权,无锡中鼎,张科、张元超、张耀明,540000000.0,
15670543,100%股权,五矿资本,五矿股份,1783372.89,
15670543,3.3965%股权,五矿证券,金牛投资、惠州国华,88343800.0,
15670543,10.04%股权,五矿经易期货,经易控股、经易金业、久勋咨询,363875500.0,
15670543,1.86%股权,五矿信托,西宁城投、青海华鼎,179936400.0,
15658706,100%股权,顺丰控股,明德控股、嘉强顺风、招广投资、元禾顺风、古玉秋创、顺达丰润、顺信丰合,43300000000.0,
15658626,100%股权,顺丰控股,明德控股、嘉强顺风、招广投资、元禾顺风、古玉秋创、顺达丰润、顺信丰合,43300000000.0,收益法
15658625,100%股权,顺丰控股,明德控股、嘉强顺风、招广投资、元禾顺风、古玉秋创、顺达丰润、顺信丰合,43300000000.0,
15653981,100%股权,管道局工程公司,中石油集团,8079853600.0,资产基础法
15653981,100%股权,工程建设公司,中石油集团,9896333200.0,资产基础法
15653981,100%股权,寰球工程,中石油集团,3413150300.0,资产基础法
15653981,100%股权,昆仑工程,中石油集团,480454900.0,资产基础法
15653981,100%股权,工程设计公司,中石油集团,2250405600.0,资产基础法
15653981,100%股权,东北炼化,中石油集团,896275500.0,资产基础法
15653981,100%股权,中油工程,中石油集团,50000000.0,资产基础法
15653981,除一宗透明质酸厂土地及其上房产和构筑物以及三宗输气厂土地及其上房产以外的全部资产和负债,天利高新,天利石化,17879929.46,资产基础法
15650323,全部有效经营性资产及配套设施,阿拉尔新农化纤有限责任公司,,,成本法
15649702,100%股权,北京赛诺水务科技有限公司,西藏君升、 Allied Honour、 Oasis Water(HK)、 Ocean Faith、徐飒、天壕投资、陈火其,880000000.0,
15638583,100%股权,浙江旺能环保股份有限公司,美欣达集团、重庆财信、新龙实业、永兴达实业、陈雪巍、美欣达,4250000000.0,收益法
15638583,印染纺织业务的全部资产和负债,美欣达,美欣达,560000000.0,资产基础法
15635765,100%股权,"Advanced Services, Inc.",通用电气,,
15635765,100%股权,"GEA Bloomington Production Operations, LLC",通用电气,,
15635765,100%股权,"GEA Parts, LLC",通用电气,,
15635765,100%股权,"GEA Products, L.P.",通用电气,,
15635765,100%股权,"Monogram Refrigeration, LLC",通用电气,,
15635765,100%股权,"Microfactory, Inc.",通用电气,,
15635765,100%股权,Product Distribution Company,通用电气,,
15635765,100%股权,Roper Corporation,通用电气,,
15635765,100%股权,"GE Appliances(Bermuda), Ltd.",通用电气,,
15635765,100%股权,GE Appliances Caribbeanand Co.,通用电气,,
15635765,30%股权,"Wuxi Little Swan General Appliances Co., Ltd.",通用电气,,
15635765,48.42%股权,"Controladora Mabe, S.A.de C.V.",通用电气,,
15635765,49%股权,"Middle East Air Conditioning Company, Limited",通用电气,,
15635765,家电业务资产,电气及其子公司,通用电气,,
15628047,19.03%股权,如家酒店集团,携程上海、 Wise Kingdom、沈南鹏( Nanpeng Shen)、 Smart Master、孙坚、 Peace Unity、宗翔新,,
15628047,100%股权,Poly Victory,首旅集团,,
15627742,100%股权,杭州泰一指尚科技有限公司,江有归、付海鹏、胡敏翔、汤忠海、黄金明、宗佩民、嘉兴泰一、瓯联创投、盈瓯创投、华睿富华、华睿兴华、华睿盛银、创东方、银杏谷、杭州维思、维思捷朗、维思捷鼎、南京捷奕,1200000000.0,
15621349,60%股权,北京华鸿,国药控股、畅新易达,1264974700.0,收益法
15621349,100%股权,国控北京,国药控股、畅新易达,2780079000.0,收益法
15621349,100%股权,北京康辰,国药控股、康辰药业,1028337600.0,收益法
15621349,51%股权,天星普信,国药控股,1071138100.0,收益法
15610785,"10,000万股股份",中融人寿,清华控股有限公司,2000000000.0,收益法
15604926,24.1644%股权,易幻网络,樟树市牛杜投资管理中心(有限合伙),500000000.0,收益法
15594831,14.08%股份,浙江旺能环保股份有限公司,重庆财信、新龙实业、永兴达实业、陈雪巍,,收益法
15587477,96.03%股权,南京华苏科技股份有限公司,施伟、吴冬华、程艳云、博飞信投资、瑞经达、凯腾瑞杰、明通投资、陈大龙、李晶、吴秀兰、常杰、王计斌,1152338900.0,
15583217,67.78%股权,瑞福锂业,王明悦、天安财险、徐明、亓亮、陈振华、张庆梅、徐冬梅、刘绪凯、陈振民、王清学、郭承云、安超、王占前、袁亮、乔建亮、曹淑青、李霞、王玉卓、庞绪甲、杨万军、王林生、苑洪国、李勇、尹建训、韩翠芬,1326250000.0,
15582070,100%股权,四维尔股份,"上海四维尔控股集团有限公司、慈溪市钶迪机械配件有限公司、宁波汇鑫投资有限公司、宁波星瑜投资有限公司、上海科闻投资中心(有限合伙)、夏军、FULL STATE AUTOMOBILE COMPONENTS CO.,LTD.、宁波维科精华集团股份有限公司",1644702500.0,收益法
15575463,20.22%股权,文凯兴,八大处控股,250700800.0,
15557055,41%股份,信达财险,信达资产,2450000000.0,
15549115,24.1644%股权,易幻网络,牛杜投资,500000000.0,收益法
15545173,100%股权,韵达货运,上海罗颉思、聂腾云、陈立英、聂樟清、陈美香、上海丰科、桐庐韵科、桐庐韵嘉、上海复星创富、上海太富祥川、宁波招银、深圳富海臻界、宁波中钰、宁波云晖景盛,17760000000.0,收益法
15535423,全部资产、负债,浙江艾迪西流体控制股份有限公司,Ultra,726036100.0,收益法
15535423,100%股权,申通快递,德殷控股、陈德军、陈小英,16900000000.0,收益法
15507069,96.59%股权,重庆医药,化医集团、深圳茂业、茂业商业、重庆新兴医药基金、天士建发、复星医药、白云山、渤溢基金、西南药业、太极药用动植物公司、重庆市铁路自备车有限公司、通德药业、厦门鱼肝油厂、桂林南药、重庆市中医院、太极桐君阁药厂、禾创药业、蓝光发展、杨文彬、吴正中、黄文、王健,6697255900.0,收益法
15507069,扣除东凌国际706.90万限售股之外的全部资产及负债,建峰化工,建峰集团,1486792100.0,资产基础法
15506990,100%股权,泰一指尚,江有归、嘉兴泰一、付海鹏、盈瓯创投、维思捷朗、维思捷鼎、杭州维思、瓯联创投、华睿富华、黄金明、华睿兴华、南京捷奕、汤忠海、创东方、华睿盛银、宗佩民、银杏谷、胡敏翔,1200000000.0,收益法
15498203,90%的股权,New Co.,衣念香港,,收益法
15486673,96.59%的股份,重庆医药,22名交易对方,6697255900.0,收益法
15486673,扣除东凌国际706.90万限售股之外的全部资产及负债,建峰化工,建峰集团,1486792100.0,资产基础法
15480430,100%股权,兴化化工,延长集团、陕鼓集团,3134435700.0,资产基础法
15480430,除货币资金、可供出售金融资产、应付票据、应交税费、商标权之外的全部资产和负债,陕西兴化化学股份有限公司,延长集团、陕鼓集团,1086799000.0,资产基础法
15475593,92%股权,华鑫证券,仪电集团、飞乐音响、上海贝岭,4926508000.0,市场法
15475593,68%股权,上海择鑫置业有限公司,仪电集团,,资产基础法
15475593,51%股权,苏州工业园区青剑湖置业有限公司,仪电集团,,资产基础法
15475593,100%股权,上海金陵置业有限公司,仪电集团,,资产基础法
15475593,100%股权,上海奥仑实业有限公司,仪电集团,,资产基础法
15475593,51%股权,上海华勍企业发展有限公司,仪电集团,,资产基础法
15475593,35%股权,上海华鑫智城科技有限公司,仪电集团,,资产基础法
15475593,非股权类资产,上海华鑫股份有限公司,仪电集团,,资产基础法
15475593,负债,上海华鑫股份有限公司,仪电集团,,资产基础法
15462344,100%股权,方欣科技,徐正军、王金根、北京众诚、深圳金蝶、苏州松禾、广州西域、曹锋、邓国庭,1800000000.0,
15451935,100%股权,京粮股份,京粮集团、国管中心、国开金融、鑫牛润瀛,2308527200.0,收益法
15451935,主要资产和部分负债,珠江控股,京粮集团,608983600.0,资产基础法
15362566,电解铝生产线、配套自备电厂相关资产及负债,山东怡力电业有限公司,山东怡力电业有限公司,7160000000.0,资产基础法
15359556,92%股权,华鑫证券,仪电集团、飞乐音响、上海贝岭,4926508000.0,市场法
15359556,房地产开发业务资产及负债,华鑫股份,仪电集团,929233500.0,资产基础法
15343380,100%股权,常康环保,周一、姜前、秦全新、李洪春、阙元龙,726000000.0,收益法
15264246,100%股权,常康环保,周一、姜前、秦全新、李洪春、阙元龙,726000000.0,收益法
15259498,100%股权,圣济堂,渔阳公司,1970000000.0,
15033377,现代农贸城一期项目中的批发市场部分,菜篮子集团,菜篮子集团,359564704.0,资产基础法
15033377,冷链物流中心项目,现代冷链,现代冷链,831978876.0,资产基础法
15032197,93.5417%股份,幻想悦游,王玉辉、丁杰、德清时义、彭小澎、德清初动、陈嘉、光大资本、林莹、徐沃坎、文投基金、张飞雄、嘉合万兴、周茂嫒、邵泽,3416517050.8,
15032197,96.36%股份,合润传媒,王倩、华策影视、王一飞、同威成长、同威投资、智合联、同安创投、陶瑞娣、刘涛、丁宝权、周永红、罗平、陈纪宁、牛林生,742000000.0,
14879446,80%的股权,深圳市融美科技有限公司,,,
14854122,96.59%股份,重庆医药(集团)股份有限公司,重庆化医控股(集团)公司、深圳茂业(集团)股份有限公司、茂业商业股份有限公司、重庆战略性新兴产业医药专项股权投资基金合伙企业(有限合伙)、天津天士建发生物科技发展合伙企业(有限合伙)、上海复星医药(,,收益法
14854122,东凌国际706.90万限售股之外的全部资产及负债,建峰化工,建峰集团,,资产基础法
14853706,29.99%股权,中国泰凌医药集团有限公司,"Annie Investment Co., Ltd、 Elemental Flow Limited、奚儒俊、钱力",,
14788801,100%股权,南京华威医药科技开发有限公司,张孝清、高投创新、高投宁泰、苏梅、南京中辉、南京威德、蒋玉伟、汤怀松、桂尚苑、上海礼安、LAV Riches,1945000000.0,
14771496,天利高新现有除一宗透明质酸厂土地及其上房产和构筑物以及三宗输气厂土地及其上房产以外的全部资产和负债,天利高新,新疆天利高新石化股份有限公司,,
14771496,100%股权,管道局工程公司,中国石油天然气集团公司,8079853600.0,
14771496,100%股权,工程建设公司,中石油集团,9896333200.0,
14771496,100%股权,寰球工程,中石油集团,3413150300.0,
14771496,100%股权,昆仑工程,中石油集团,480454900.0,
14771496,100%股权,工程设计公司,中石油集团,2250405600.0,
14771496,100%股权,东北炼化,中石油集团,896275500.0,
14771496,100%股权,中油工程,中石油集团,50000000.0,
14756134,100%股权,紫博蓝,网罗天下、惠为嘉业、斐君锆晟、中诚永道、斐君钴晟、夏小满、汪红梅、刘小林、张宏武、和合创业、斐君铋晟、付恩伟、徐小滨、罗民、高绪坤、刘晨亮、高巍、东证创投,2100000000.0,收益法
14671379,96.59%股份,重庆医药,化医集团、深圳茂业、茂业商业、重庆新兴医药基金、天士建发、复星医药、白云山、渤溢基金、西南药业、太极药用动植物公司、重庆市铁路自备车有限公司、通德药业、厦门鱼肝油厂、桂林南药、重庆市中医院、太极桐君阁药厂、禾创药业、蓝光发展、杨文彬、吴正中、黄文、王健,,收益法
14671379,除东凌国际706.90万股限售股1外的其他全部资产及负债,建峰化工,建峰集团,,资产基础法
14111489,100%股权,瑞福锂业,王明悦、亓亮、徐明、陈振华、徐冬梅、刘绪凯、郭承云、王清学、安超、王占前、袁亮、陈振民、乔建亮、曹淑青、李霞、王玉卓、庞绪甲、王林生、杨万军、苑洪国、尹建训、李勇、韩翠芬、张庆梅,2200000000.0,收益法
14111489,铁路业务相关的资产及负债、以热电业务相关资产及负债为主体的资产包,山东江泉实业股份有限公司,王明悦、亓亮、徐明、陈振华、徐冬梅、刘绪凯、郭承云、王清学、安超、王占前、袁亮、陈振民、乔建亮、曹淑青、李霞、王玉卓、庞绪甲、王林生、杨万军、苑洪国、尹建训、李勇、韩翠芬、张庆梅、天安财险,400000000.0,收益法
12065091,100%股权,韵达货运,上海罗颉思、聂腾云、陈立英、聂樟清、陈美香、上海丰科、桐庐韵科、桐庐韵嘉、上海复星创富、上海太富祥川、宁波招银、深圳富海臻界、宁波中钰、宁波云晖景盛,17760000000.0,
12042101,100%股权,中汇影视,孙莉莉、侯小强、董俊、詹立雄、陈有方、杨旭村、中汇智资本、西证创新、泰仁投资、华夏鼎锋1号、永成投资、松禾投资、一体正润、万盛投资,,收益法
12042101,68.43%股权,墨鹍科技,网众投资、杨东迈、谌维,,收益法
12042101,49%股权,智铭网络,胡宇航,,收益法
12028009,80%股权,成都锐康,东晶电子,105000000.0,
12028009,100%股权,黄山光电,东晶电子,40000000.0,
12000670,90%股权,无锡中鼎,张科、张元超、张耀明,540000000.0,收益法
10806079,100%股权,西安奇维科技股份有限公司,刘升、乔华、罗军、刘晓东、杨哲、喻淑姝、王友群、孟庆飚、周丽娟、崔建杰、李喜军、王勇、杨丰波、何健、程亚龙、刘向、许翰杰、刘亚军、王丽刚、张玉东、高翔、刘金莲、刘宁、乔艳、王文宇、廉小虎、乔花妮、侯红艳、谭旭升、李一凡、章晓军,895000000.0,
10789561,100%股权,赛诺水务,西藏君升、 Allied Honour、 Oasis Water(HK)、 Ocean Faith、徐飒、天壕投资、陈火其,880000000.0,收益法
9901898,99.22%股权,格尔木藏格钾肥股份有限公司,藏格投资、永鸿实业、肖永明、联达时代、李明、杨平、金石投资、联达四方、华景君华、司浦林创投、林吉芳,,
9901898,全部资产负债,金谷源,藏格兴恒,155820700.0,
9901889,100%股权,瑞福锂业,王明悦、亓亮、徐明、陈振华、徐冬梅、刘绪凯、郭承云、王清学、安超、王占前、袁亮、陈振民、乔建亮、曹淑青、李霞、王玉卓、庞绪甲、王林生、杨万军、苑洪国、尹建训、李勇、韩翠芬、张庆梅,2200000000.0,收益法
9901889,铁路业务相关的资产及负债、以热电业务相关资产及负债为主体的资产包,山东江泉实业股份有限公司,王明悦、亓亮、徐明、陈振华、徐冬梅、刘绪凯、郭承云、王清学、安超、王占前、袁亮、陈振民、乔建亮、曹淑青、李霞、王玉卓、庞绪甲、王林生、杨万军、苑洪国、尹建训、李勇、韩翠芬、张庆梅、天安财险,400000000.0,收益法
9895659,100%股权,启创卓越,天津中启创、平安创投、北京福源汇远、上海惠君创投、阎晓辉、北京合创盛大、拉萨聚惠通、湖北泓旭、上海道基晨灞、杨立国,920000000.0,收益法
9895659,100%股权,华和万润,宁波铭邦、义华和,360000000.0,收益法
9895659,100%股权,中科智能,查磊、干宝媛、顾嵩、胡明晶、丁善幼、章华明、章利红、汤进军、刘湘盈、张青、阎亮、王永亮、魏伟,428000000.0,收益法
9889816,100%股权,翊腾电子,涂海文、卢红萍,1043000000.0,
9887033,100%股权,深圳万泽地产,深圳市万宏投资有限公司,271000000.0,资产基础法
9880817,100%股权,光大矿业,三河华冠,809614000.0,资产基础法
9880817,100%股权,赤峰金都,盛达集团、赵庆、朱胜利,849193300.0,资产基础法
9878275,100%股权,四川佳运油气技术服务有限公司,钟剑、钟波、赵碧华、李媛、杨宇晨,450000000.0,
9871262,60%的股权,信通网易,易刚晓,186000000.0,收益法
9871262,100%的股权,执象网络,白亭兰、尹连山、马嘉霖、广发信德、尧东、李敢、代军、徐佳祎、复星长征、尧牧野、周莉林、王希、胡利青、施小勇、珠海康远、肖倚天、杨骁、赵胤、刘韬、王艺儒、米弋,600000000.0,收益法
9871262,90%股权,绥芬河市盛泰经贸有限公司,刘志峰,3690000.0,收益法
9025768,100%股权,康邦科技,王邦文、那日松、温作斌、尹建华、纪平、康伟、刘嘉崑、康邦精华、康邦精英,,
9025768,100%股权,江南信安,共青城信安、闫鹏程、刘英华,,
9025065,100.00%股权,蓝焰煤层气,晋煤集团,3072681700.0,收益法
9025065,截至2016年1月31日除全部应付债券及部分其他流动资产、应交税费、应付利息外的全部资产和负债,煤气化股份,山西晋城无烟煤矿业集团有限责任公司,856139600.0,收益法
8929070,100%股权,"TestAmerica Environmental Service, LLC","TestAmerica Environmental Service, LLC",189745500.0,收益法
6551167,全部资产、负债,有色分公司,乾通金属,1.0,
6549480,100%股权,阿尔法药业,其他不超过9名投资者(待定),1122000000.0,收益法
6127261,100%股权,数联铭品,曾途、周涛、重庆泰辉、深圳达晨、肖冰、成都光华、吕强、喀什骑士、成都鼎兴(以其设立和管理的鼎量伯乐新三板1号创投基金)、成都鼎量、上海鼎晖、福州亨荣、苏州利保、成都锦城祥、厦门盛世纪、廖少华、游源、深圳必必德、深圳凯奇、深圳中证信、北京万桥,1800000000.0,收益法
4956506,100%股权,苏州德迈科,黄建中、王炯、吴永生、乐振武、吕乃二、中谷投资,365000000.0,收益法
4956506,100%股权,精密铸造,威达集团,121000000.0,收益法
4951056,66.6578%股权,易幻网络,樟树市牛曼投资管理中心(有限合伙),1256500000.0,
4945818,51%股权,致君制药,上海现代制药股份有限公司,1543271800.0,收益法
4945818,51%股权,致君医贸,上海现代制药股份有限公司,8125300.0,收益法
4945818,51%股权,坪山制药,上海现代制药股份有限公司,392303900.0,收益法
4945818,整体经营性资产,坪山基地,上海现代制药股份有限公司,567621500.0,成本法
4945818,100%股权,国大药房,国药控股,2156871000.0,收益法
4945818,100%股权,佛山南海,国药控股,576484300.0,收益法
4945818,100%股权,广东新特药,国药控股,212231700.0,收益法
4945818,51%股权,南方医贸,国药外贸,284782800.0,收益法
4945779,100%股权,天津立中,天津东安、达孜天车、达孜东安、达孜众立、达孜天滨,2550000000.0,收益法
4942183,20%股权,艾迪尔及易生科技,鼎亮翊翔,157572300.0,
4942183,43.05%股权,易生科技,驿安投资、淳贺投资、林伟、乔银玲,323385100.0,
4938345,96.03%股权,华苏科技,南京明通投资管理中心(有限合伙)、南京凯腾瑞杰创业投资企业(有限合伙)、上海瑞经达创业投资有限公司、南京博飞信投资管理有限公司、吴冬华、程艳云、陈大龙、李晶、吴秀兰、常杰、王计斌、施伟,1152338900.0,收益法
4938122,三钢集团资产包,三钢集团,三钢集团,3018470574.55,资产基础法
4938122,土地使用权,三明化工,三明化工,106266052.0,资产基础法
4929936,100%股权,浙江永乐影视制作有限公司,程力栋、张辉、南京雪人、北京丰实、宁波安丰、浙江君越、诸暨海讯、上海君丰、深圳君丰、上海怡艾、上海匀艺、杭州智汇、陈立强、袁广、齐立薇、余杨、周经,3260000000.0,收益法
4929936,全部资产、负债,宏达新材,程力栋、张辉、南京雪人、北京丰实、宁波安丰、浙江君越、诸暨海讯、上海君丰、深圳君丰、上海怡艾、上海匀艺、杭州智汇、陈立强、袁广、齐立薇、余杨、周经,810000000.0,资产基础法
4929625,3000000000股股份,中华联合保险控股股份有限公司,中国保险保障基金有限责任公司,8200000000.0,资产基础法
4928426,100%股权,国大药房,国药控股,,收益法
4928426,100%股权,广东新特药,国药控股,,收益法
4928426,100%股权,佛山南海,国药控股,,收益法
4928426,100%股权,南方医贸,国药外贸,,收益法
4928426,51%股权,致君制药,上海现代制药股份有限公司,1543271800.0,收益法
4928426,51%股权,致君医贸,上海现代制药股份有限公司,8125300.0,收益法
4928426,51%股权,坪山制药,上海现代制药股份有限公司,392303900.0,收益法
4928426,整体经营性资产,坪山基地,上海现代制药股份有限公司,567621500.0,成本法
4927756,100%股权,浙江永乐影视制作有限公司,周经、余杨、齐立薇、袁广、陈立强、上海匀艺、深圳君丰、上海君丰、诸暨海讯、浙江君越、宁波安丰、上海怡艾、杭州智汇、北京丰实、南京雪人、张辉、程力栋,3260000000.0,收益法
4927756,全部资产、负债,宏达新材,周经、余杨、齐立薇、袁广、陈立强、上海匀艺、深圳君丰、上海君丰、诸暨海讯、浙江君越、宁波安丰、上海怡艾、杭州智汇、北京丰实、南京雪人、张辉、程力栋,810000000.0,资产基础法
4927126,100%股权,翊腾电子科技(昆山)有限公司,涂海文、卢红萍,1043000000.0,
4925953,资产、负债,浙江巨龙管业股份有限公司,巨龙控股,,资产基础法
4922561,100%的股权,大同煤业国际贸易有限责任公司,大同煤矿集团外经贸有限责任公司,221291500.0,资产基础法
4921048,96.03%股权,南京华苏科技股份有限公司,吴冬华、程艳云、博飞信投资、瑞经达、凯腾瑞杰、明通投资、陈大龙、李晶、吴秀兰、常杰、王计斌、施伟,1152338900.0,收益法
4920217,100%股权,同济堂医药,同济堂控股、盛世建金、西藏天然道、盛世信金、盛世坤金、卓健投资、东土宝盈、京粮鑫牛、上海燕鹤、新疆华实、倍递投资、上海沁朴、三禾元硕、三和卓健、中诚信、开元金通、广汇信、众明投资、GPC,,
4920217,50%股权,乌苏啤酒,嘉士伯,,
2383890,51%股权,北京中捷时代航空科技有限公司,中科鑫通创业投资管理(北京)有限责任公司、侯又森,153000000.0,
2382212,100%股权,深圳市集银科技有限公司,施忠清、李凤英夫妇、富银投资、融银投资,530000000.0,
2379769,100%股权,浙江永乐影视制作有限公司,周经、余杨、齐立薇、袁广、陈立强、上海匀艺、深圳君丰、上海君丰、诸暨海讯、浙江君越、宁波安丰、上海怡艾、杭州智汇、北京丰实、南京雪人、张辉、程力栋,3260000000.0,收益法
2379769,全部资产、负债,宏达新材,周经、余杨、齐立薇、袁广、陈立强、上海匀艺、深圳君丰、上海君丰、诸暨海讯、浙江君越、宁波安丰、上海怡艾、杭州智汇、北京丰实、南京雪人、张辉、程力栋,810000000.0,资产基础法
2375607,100%股权,紫博蓝,网罗天下、惠为嘉业、斐君锆晟、中诚永道、斐君钴晟、夏小满、汪红梅、刘小林、张宏武、和合创业、斐君铋晟、付恩伟、徐小滨、罗民、高绪坤、刘晨亮、高巍、东证创投,2100000000.0,收益法
2372746,100%股权,中科光电色选机械有限公司,段启掌、张存爱、孙家传、程卫生、卫讯舟、鹿拥军、周世龙、汪小华、周超飞、郭银玲、朱恒书,,
2364323,100%股权,中艺生态,吴劼、双兴棋、王森、孙坚、盛国祥、吕勤、任海斌、谢新华、黄斌、信达投资、茂信合利、钱江创投、新疆硕源、立阳投资,1242000000.0,
2346264,100%股权,数联铭品,曾途、周涛、重庆泰辉、深圳达晨、肖冰、成都光华、吕强、喀什骑士、成都鼎兴(以其设立和管理的鼎量伯乐新三板1号创投基金)、成都鼎量、上海鼎晖、福州亨荣、苏州利保、成都锦城祥、厦门盛世纪、廖少华、游源、深圳必必德、深圳凯奇、深圳中证信、北京万桥,1800000000.0,收益法
2343163,100%股权,王子制陶,CHEN YI QIU,560000000.0,收益法
2314720,66.6578%股权,易幻网络,牛曼投资,1256500000.0,
2298934,100%股权,郑州金惠,张晨民、赵慧琴、新余市仙女湖区盛瑞泰和投资管理中心(有限合伙)、新疆盛世诚金股权投资合伙企业(有限合伙)、吉林省卓创众银股权投资基金合伙企业(有限合伙)、上海溱鼎创业投资管理中心(有限合伙)、宁波宝,1598000000.0,
2298934,100%股权,华网工程,柳安喜、张艺林、吴青、彭纯心、刘小山、贺佐智、江帆、蒋幼玲、文芳、王瀚、卢炜、赵洁、夏凯、李荣、李汉兵、胡鹏飞、梅辉冠、杜东标、吕露、汤胜、胡红卫,292800000.0,
2291144,100%股权,九好集团,郭丛军、杜晓芳、张勇、科桥嘉永、科桥成长、华睿海越、华睿德银、金永信、江阴安益、宁波科发、普思投资、大丰匀耀,3710000000.0,收益法、资产基础法
2275716,100%股权,中铁山桥,中国中铁,,资产基础法
2275716,100%股权,中铁宝桥,中国中铁,,资产基础法
2275716,100%股权,中铁科工,中国中铁,,资产基础法
2275716,100%股权,中铁装备,中国中铁,,收益法
2275716,100%股权,二局有限,中铁二局,,资产基础法
2261397,100%股权,友德医,董应心、杜建国、友德医健康、宜华健康、赢医通投资,2000000000.0,收益法、资产基础法
2261397,100%股权,赢医通,七大二小、赢医通投资、周松祥、李灿升、容少群、赵贵廷、三重奏、郑浩涛、孟庆海、叶建明、陈建华、王连倩、刘贤能、黄少雄、康知家、谢永忠、潘婷、岑波、骆飞,3500000000.0,收益法、资产基础法
2250704,51%股份,金源天然气,,,
2250704,51%股份,绿源天然气,,,
2250704,51%股份,金源物流,,,
2246535,100%的股权,川云公司,三峡集团、川能投、云能投,79735158900.0,
2203276,100%股权,巨人网络,兰麟投资、鼎晖孚远、弘毅创领、孚烨投资、腾澎投资、澎腾投资、铼钸投资、中堇翊源,13124240000.0,收益法
2203276,全部资产及负债,重庆新世纪游轮股份有限公司,彭建虎或其指定第三方,604240000.0,成本法
2185941,100%股权,国瑞信安,王雷、唐卫民、陈亚峰、严坤均、陈进、武霞、南京高新投、南京创瑞,,
2133779,51%的股权,金石威视,李朝阳、姜河、伍镇杰、蒋文峰,265200000.0,收益法
2133779,全部资产及负债,宝光股份,陕西宝光集团有限公司,457000000.0,资产基础法
2035127,80%的股权,华视网聚,陈同刚、周正、张明、金永全、胡轶俊,3200000000.0,
2034806,80%股权,华视网聚,陈同刚、张明、周正、金永全、胡轶俊,,
1935396,100%股权,协鑫有限,上海其辰,4500000000.0,收益法
1928175,配电网节能业务,国网节能,国网节能服务有限公司,373514600.0,资产基础法
1925450,50.87%的股权,有和控制天安财险,恒锦宇盛、金奥凯达、国亚创豪、天安财险,6896616747.51,市场法
1923238,100%股权,爱德康赛,刘申、西藏爱信威诚投资管理中心、哈尔滨华滨光辉创业投资企业,290000000.0,收益法
1902684,"370,575,111股河北银行股份",河北银行股份有限公司,南京栖霞建设集团有限公司,1384000000.0,市场法
1901956,配电网节能业务,国网节能,国网节能公司,373514600.0,资产基础法
1897149,100%股权,医惠科技,医惠实业、润铭投资、凯泰科技、凯泰成长、浙江海邦、瑞经达创投、华睿富华、华鸿金润、凯泰创新、旗银创投、华睿蓝石、章笠中、周明明、王福根、陈芳华、王晓烨、李季、左康、余臻、彭军、何国平、郑凌峻、王建彬、周宣、沈莉萍、黄飙,1087240000.0,收益法
1896343,100%股权,天上友嘉,何啸威、张强、刘自明、翟志伟、丁辰灵、产学研创投,1215000000.0,收益法
1891978,电解铝生产线、配套自备电厂相关资产及负债,怡力电业,山东怡力电业有限公司,7000000000.0,资产基础法
1875560,100%股权,金海运,李露,1355000000.0,收益法
1873386,99.22%股权,格尔木藏格钾肥股份有限公司,藏格投资、永鸿实业、肖永明、联达时代、李明、杨平、金石投资、联达四方、华景君华、司浦林创投、林吉芳,8938963100.0,成本法
1873386,扣除货币资金的全部资产负债,金谷源,藏格兴恒,155820700.0,资产基础法
1866868,100%股权,通宝莱,吴文洲、刘壮超、吴友平、姚国宁、宝利泉、弘信控股、蕙富君奥、赵晓岩、吴丹莉、宇轩投资,1725000000.0,收益法
1866868,100%股权,迅通科技,陈色桃、汇垠成长、钟伟、胡浩澈、张征、协迅实业、深圳聚兰德、陈蓉、刘佳特、睿和成长、天津纳兰德、詹前彬、吴旭舟、刘正福、陈明新、石菲、周恩远、曾凡彬、孙同华、陈穗霞,1550000000.0,收益法
1866868,全部资产和负债,四川汇源光通信股份有限公司,吴文洲、刘壮超、吴友平、姚国宁、宝利泉、弘信控股、蕙富君奥、赵晓岩、吴丹莉、宇轩投资、陈色桃、汇垠成长、钟伟、胡浩澈、张征、协迅实业、深圳聚兰德、陈蓉、刘佳特、睿和成长、天津纳兰德、詹前彬、吴旭舟、刘正福、陈明新、石菲、周恩远、曾凡彬、孙同华、陈穗霞,280000000.0,资产基础法
1863992,20%股权,艾迪尔,鼎亮翊,157572300.0,收益法
1863607,长平高速公路沿线的广告经营权和长春服务区、公主岭服务区及四平服务区的服务设施经营权,吉林省高速公路集团有限公司,吉林省高速公路集团有限公司,528375000.0,收益法
1860795,75%的股权,富嘉融资租赁有限公司,Lambor Group Limited,675000000.0,
1860704,100%股权,郑州金惠,张晨民、赵慧琴、新余市仙女湖区盛瑞泰和投资管理中心(有限合伙)、新疆盛世诚金股权投资合伙企业(有限合伙)、吉林省卓创众银股权投资基金合伙企业(有限合伙)、上海溱鼎创业投资管理中心(有限合伙)、宁波宝,1790000000.0,收益法
1860704,100%股权,华网工程,柳安喜、张艺林、吴青、彭纯心、刘小山、贺佐智、江帆、蒋幼玲、文芳、王瀚、卢炜、赵洁、夏凯、李荣、李汉兵、胡鹏飞、梅辉冠、杜东标、吕露、汤胜、胡红卫,292800000.0,收益法
1856774,100%的股份,长春长生,高俊芳、张洺豪、芜湖卓瑞、北京华筹、长春祥升、殷礼、杨红、张敏、周楠昕、上海沃源、杨曼丽、简兴投资、礼兴投资、张友奎、王力宁、李凤芝、施国琴、张晶、韩晓霏、张宏,,
1856774,"除24,970万元货币资金及12,030万元保本理财产品以外的全部资产及负债",黄海机械,高俊芳、张洺豪、芜湖卓瑞、北京华筹、长春祥升、殷礼、杨红、张敏、周楠昕、上海沃源、杨曼丽、简兴投资、礼兴投资、张友奎、王力宁、李凤芝、施国琴、张晶、韩晓霏、张宏,,
1854932,72%股权,网新电气,网新集团、陈根土、沈越、张灿洪,,
1854932,100%股权,网新信息,网新集团,,
1854932,24.47%股权,网新恩普,江正元、岐兵、蒋永明、邵震洲、杨波、张美霞、高春林、冯惠忠、陈琦、赵维武,,
1854932,78.26%股权,普吉投资,网新集团、陈根土、沈越、张灿洪、江正元、岐兵、邵震洲、杨波、张美霞、高春林、陈琦、赵维武、冯惠忠、蒋永明、黄海燕、周斌、李壮、汪勇、陈琰、郑劲飞、龚明伟、刘风、徐萍、刘音、丁强、华涛、朱莉萍、柯章炮、,,
1854417,100%的股权,深圳玉龙宫,中兴建设,320000000.0,资产基础法
1854417,100%的股权,深圳鑫龙海,万泽集团,58000000.0,资产基础法
1853389,100%股权,铁岭公司,华电能源、辽宁能源,,
1853209,100%股权,协鑫有限,上海其辰,4500000000.0,收益法
1851847,100%股权,上海海能,卓斌、冒晓建、徐正敏、朱玥奋、徐迪、祝轲卿、卓欢、梁锋,,
1851847,100%股权,德沃仕,杭开电气、曹冠晖、吴宝才、金石灏汭、马文奇、吴进山、浙江德石,,
1851505,100%的股权,北京北方微电子基地设备工艺研究中心有限责任公司,北京圆合电子技术股份有限公司,,
1848461,100%股权,什邡市明日宇航工业股份有限公司,韩华、杨立军、卢臻、尹瑛、杨艳、黄云辉、冷严、张蕾、刘佳春、张小京、张舜、方子恒、胡鑫、张杏徽、黄丽华、王鲁峰、汪丽、杨峰、冯菊、高新投资、华控永拓、星昇投资、盛圭信息、金石投资、天津伍通、中国风投、宝安资产、华控成长、华控科技,3639670000.0,
1848457,100%股权,什邡市明日宇航工业股份有限公司,韩华、杨立军、卢臻、尹瑛、杨艳、黄云辉、冷严、张蕾、刘佳春、张小京、张舜、方子恒、胡鑫、张杏徽、黄丽华、王鲁峰、汪丽、杨峰、冯菊、高新投资、华控永拓、星昇投资、盛圭信息、金石投资、天津伍通、中国风投、宝安资产、华控成长、华控科技,,
1847156,100%股权,江苏艾科半导体有限公司,王刚、镇江银河、高雅萍、镇江红土、深创投、南京优势、艾柯赛尔、吴江富坤、深圳红土、淮海红土、昆山红土,1080000000.0,成本法
1844957,100%股权,亚中物流,广汇集团、西安龙达、广汇化建,4400000000.0,收益法
1844681,80%的股权,华视网聚,陈同刚、张明、周正、金永全、胡轶俊,3200000000.0,收益法
1843616,100%股份,中节能太阳能科技股份有限公司,中国节能、蹈德咏仁、吴姗、中新建招商、邦信资产、东方邦信创业投资有限公司、欧擎北源、王莉亚、西域红业、张奕晖、沃乾润、上海沃璞隆投资管理中心(有限合伙)、谦德咏仁、姚颖彦、深圳华禹、山南锦龙、欧擎北能、胡菊仙、中节新能、中核投资、西证阳光、招商局银科、合众建能、李金鑫,8519000000.0,收益法
1843616,全部资产和负债,桐君阁,中国节能、蹈德咏仁、吴姗、中新建招商、邦信资产、东方邦信创业投资有限公司、欧擎北源、王莉亚、西域红业、张奕晖、沃乾润、上海沃璞隆投资管理中心(有限合伙)、谦德咏仁、姚颖彦、深圳华禹、山南锦龙、欧擎北能、胡菊仙、中节新能、中核投资、西证阳光、招商局银科、合众建能、李金鑫,485200000.0,收益法
1843546,100%股权,中铁山桥,中国中铁,,资产基础法
1843546,100%股权,中铁宝桥,中国中铁,,资产基础法
1843546,100%股权,中铁科工,中国中铁,,资产基础法
1843546,100%股权,中铁装备,中国中铁,,资产基础法
1843546,全部资产和负债,中铁二局,中国中铁,,资产基础法
1843063,100%股权,同济堂医药,同济堂控股、盛世建金、西藏天然道、盛世信金、盛世坤金、卓健投资、东土宝盈、京粮鑫牛、上海燕鹤、新疆华实、倍递投资、上海沁朴、三禾元硕、三和卓健、中诚信、开元金通、广汇信、众明投资、GPC,6125713300.0,收益法
1843063,50%股权,乌苏啤酒,嘉士伯,559283800.0,资产基础法
1841798,100%股权,张家港市大伟助剂有限公司,龚卫良、勇新、黄德周、龚诚,350000000.0,收益法
1839859,"370,575,111股河北银行股份",河北银行股份有限公司,南京栖霞建设集团有限公司,1384000000.0,市场法
1839169,CX01生产线、 CX03生产线相关设备及专利技术,电子玻璃公司,彩虹集团公司,837220000.0,收益法
1838894,100%股权,江苏艾科半导体有限公司,王刚、镇江银河、高雅萍、镇江红土、深创投、南京优势、艾柯赛尔、吴江富坤、深圳红土、淮海红土、昆山红土,1080000000.0,收益法
1838013,"348,850,000股普通股",TCL多媒体,TCL多媒体科技控股有限公司,,
1837819,75%股权,宝信汽车集团有限公司,宝信投资、瑞华环球、创怡投资、宝捷投资、Schroders Plc,9467653968.46,
1835511,100%股权,乐迪网络,郭继冬、张少东、胡其玲、张莹、东方飞马,75000000.0,收益法
1835511,100%股权,雅力科技,胡靖、张南、许飞、居国进,130000000.0,收益法
1830982,50.99%的股权,吉林化工,中国吉林森林工业集团有限责任公司、吉林森工人造板集团有限责任公司,,
1830982,75%的股权,白山人造板公司,中国吉林森林工业集团有限责任公司、吉林森工人造板集团有限责任公司,,
1830982,50.99%的股权,白河刨花板公司,中国吉林森林工业集团有限责任公司、吉林森工人造板集团有限责任公司,,
1830982,100%的股权,露水河人造板公司,中国吉林森林工业集团有限责任公司、吉林森工人造板集团有限责任公司,,
1830982,与人造板业务相关的资产及负债,吉林森林工业股份有限公司,中国吉林森林工业集团有限责任公司、吉林森工人造板集团有限责任公司,,
1830024,100%股份,江苏华大,吴志明、施耿明、吴忠燕、高新投、钱月萍、章志良、沈瑞东、高华、施学明、顾卫一、李萍、胡小薇、黄建忠、黄江、袁国兵、蒋嵬、蔡建春、施永成、钱利东、黄建清、魏琴,,
1829859,100%股权,电气实业,电气总公司,,资产基础法
1829859,61%股权,上海电装,电气总公司,,资产基础法
1829859,100%股权,上鼓公司,电气总公司,,资产基础法
1829859,14.79%股权,上海轨发,电气总公司,,资产基础法
1828950,股份,中华联合保险控股股份有限公司,中国保险保障基金有限责任公司,,资产基础法
1827200,80%股权,海聆梦,邱建林、倪晨、汪方、崔竑宇、李信林、苏亚丽、刘萍、朱启锋、周兴志、张友东、黄秀国、倪震、苏州国润、杨廷栋、包文龙、何余金、上海智笙、上海景嘉、上海创丰、河北国创、周晓萍、蒋乾锐、邱醒亚、泓兆信息、新疆通海,609304000.0,收益法
1827200,100%股权,华茂进出口,华茂集团,,收益法
1827048,100%股权,申通快递有限公司,"德殷控股、陈德军,陈小英",16900000000.0,收益法
1822615,100%股权,浙江九好办公服务集团有限公司,郭丛军、杜晓芳、张勇、科桥嘉永、科桥成长、华睿海越、华睿德银、金永信、江阴安益、宁波科发、普思投资、大丰匀耀,,
1821943,100%股权,慕威时尚,张龙、王宇新、马大鹏、逄宇峰,1200000000.0,收益法
1821943,100%股权,重庆世茂影院管理有限公司等14家公司,世茂影院投资发展有限公司,1000000000.0,收益法
1820279,100%股权,北京赞成科技发展有限公司,李华、于浩洋,1100000000.0,收益法
1815837,100%股权,传化物流,传化集团、长安资管、华安资管、长城资管、中阳融正、陆家嘴基金、凯石资管(一)、西藏投资,20000000000.0,
1810383,100%股权,上海巨人网络科技有限公司,兰麟投资、鼎晖孚远、弘毅创领、孚烨投资、腾澎投资、澎腾投资、铼钸投资、中堇翊源,13090000000.0,市场法、收益法
1810383,全部资产及负债,世纪游轮,彭建虎或其指定第三方,,市场法、收益法
1809332,100%股权,深圳市拓享科技有限公司,柯志鹏、洪茂良、孙晋雄,230000000.0,收益法
1808196,100%股权,上海格蒂电力科技股份有限公司,雷厉、黎静、至佳喜公司、武汉雷石、宜兴天源、中比基金、昆山雷石、上海创祥,874000000.0,收益法
1807286,100%股权,北京赞成科技发展有限公司,李华、于浩洋,1100000000.0,
1805340,100%股权,中航复材,中航高科、航材院、制造所、北京国管中心、京国发基金,1543307300.0,资产基础法
1805340,100%股权,优材京航,航材院、中航高科、中航智控、中国航材,59839100.0,资产基础法
1805340,100%股权,优材百慕,航材院、中航高科、中航智控、中国航材,163835700.0,收益法
1805340,100%股权,通能精机,南通产控,652797400.0,资产基础法
1804924,100%股权,高升科技,于平、翁远、许磊、董艳、赵春花,,
1804564,99.9699%股权,成都富临长运集团有限公司,四川富临实业集团有限公司,962000000.0,资产基础法
1802064,85%股权,安迪苏集团,蓝星集团,,
1788204,100%的股权,新湖阳光,山东冠县鑫隆建筑材料有限公司,2171940000.0,资产基础法
1785626,耗材业务全部经营性资产,珠海赛纳打印科技股份有限公司,赛纳科技,,
1785180,100%股权,新湖阳光,山东冠县鑫隆建筑材料有限公司,2171940000.0,资产基础法
1783715,100%股权,北京联龙博通电子商务技术有限公司,刘琦、师敏龙、康军、胡宝斌、王福生、尤忠、宋诗付、刘述明、管惠娟、杨世铮、由亮、文红、吴杭州、闵群华、杨扬,530000000.0,收益法
1778072,100%股权,翔通动漫,翔运通达、四川联尔、天厚地德,1209000000.0,
1777500,100%股份,中节能太阳能科技股份有限公司,中国节能、蹈德咏仁、吴姗、中新建招商、邦信资产、东方邦信创业投资有限公司、欧擎北源、王莉亚、西域红业、张奕晖、沃乾润、上海沃璞隆投资管理中心(有限合伙)、谦德咏仁、姚颖彦、深圳华禹、山南锦龙、欧擎北能、胡菊仙、中节新能、中核投资、西证阳光、招商局银科、合众建能、李金鑫,8519000000.0,收益法
1777500,全部资产和负债,重庆桐君阁股份有限公司,合众建能、招商局银科、西证阳光、中核投资、中节新能、欧擎北能、山南锦龙、深圳华禹、谦德咏仁、沃乾润、西域红业、欧擎北源、邦信资产、中新建招商、蹈德咏仁、中国节能,485200000.0,收益法
1776907,60.93%股权,湘潭公司,大唐集团,,
1776907,35%股权,张水公司,大唐集团,,
1776907,39.07%股权,湘潭公司,地电公司,,
1776907,全部经营性资产,耒阳电厂,耒阳电厂,,
1774234,100%股权,道熙科技,龚正伟、盛真、吴荣光、盈瑞轩投资,,
1771574,100%股权,上海海尔,海尔创投、海尔智能家电、中新创投、苏州瀚科、 VPI、 CIII、 USL、上海华芯、日照常春藤、上海海咏、上海海旭、上海海仲、张晓诗、邓杰,415857300.0,收益法
1767115,全部资产和负债,桐君阁,中国节能、蹈德咏仁、吴姗、中新建招商、邦信资产、东方邦信创业投资有限公司、欧擎北源、王莉亚、西域红业、张奕晖、沃乾润、上海沃璞隆投资管理中心(有限合伙)、谦德咏仁、姚颖彦、深圳华禹、山南锦龙、欧擎北能、胡菊仙、中节新能、中核投资、西证阳光、招商局银科、合众建能、李金鑫,485200000.0,收益法
1767115,100%股份,太阳能公司,重庆太极实业(集团)股份有限公司,,
1764974,100%股权,华东设计院,现代集团,1089274100.0,收益法
1757765,80%股权,华视网聚,陈同刚、张明、周正、金永全、胡轶俊,3200000000.0,收益法
1752197,100%股权,温州益优,现代集团,465200000.0,资产基础法
1752197,100%股权,东日进出口,现代集团,,收益法
1752197,100%股权,浙江房开,现代集团,,资产基础法
1752197,60%股权,金狮房开,现代集团,,资产基础法
1727493,100%股权,安泰型钢,新泰钢铁,1399804800.0,资产基础法
1727493,51%股权,安泰冶炼,新泰钢铁,388813800.0,资产基础法
1723306,100%股权,同济堂医药,同济堂控股、盛世建金、西藏天然道、盛世信金、盛世坤金、卓健投资、东土宝盈、京粮鑫牛、上海燕鹤、新疆华实、倍递投资、上海沁朴、三禾元硕、三和卓健、中诚信、开元金通、广汇信、众明投资、GPC,6125713300.0,收益法
1723306,50%股权,乌苏啤酒,嘉士伯,559283800.0,资产基础法
1714748,100%股权,医惠科技,医惠实业、润铭投资、凯泰科技、凯泰成长、浙江海邦、瑞经达创投、华睿富华、华鸿金润、凯泰创新、旗银创投、华睿蓝石、章笠中、周明明、王福根、陈芳华、王晓烨、李季、左康、余臻、彭军、何国平、郑凌峻、王建彬、周宣、沈莉萍、黄飙,1087240000.0,收益法
1711475,100%股权,神州长城,陈略、上海金融发展、何飞燕、恒泰九鼎、海汇合赢、江西泰豪、元泰九鼎、钟山九鼎、嘉禾九鼎、鑫和泰达、吴晨曦、砻佰汇润、朱丽筠、七匹狼晟联、冯任懿、嘉源启航、何森,3068000000.0,收益法
1711475,全部资产及负债,中冠股份,陈略、上海金融发展、何飞燕、恒泰九鼎、海汇合赢、江西泰豪、元泰九鼎、钟山九鼎、嘉禾九鼎、鑫和泰达、吴晨曦、砻佰汇润、朱丽筠、七匹狼晟联、冯任懿、嘉源启航、何森,589800000.0,资产基础法
1709751,100.00%股权,南洋万邦,云赛信息(集团)有限公司、朱正文、竺军、曹彤宇、李师新、徐巧林、沈勇、朱正辉、曹云华、焦小庆、陈英俊、周英、周萍、章梦,,收益法
1709751,100.00%股权,塞嘉电子,云赛信息(集团)有限公司、杭州乾钧投资管理有限公司、上海塞嘉电子设备有限公司、宋来珠、章睿,,收益法
1709751,73.30%股权,信息网络,云赛信息(集团)有限公司,,收益法
1709751,80.00%股权,科技网络,云赛信息(集团)有限公司,,收益法
1709751,49.00%股权,卫生网络,云赛信息(集团)有限公司,,收益法
1709751,100.00%股权,宝通汎球,云赛信息(集团)有限公司,,收益法
1709751,100.00%股权,科学仪器,上海仪电电子(集团)有限公司、汤志东、殷传新、唐建华、金春法、魏乐樵、宋翔鹰、赵品杰、顾敏杰、李蕾蕾、金艳春、金建余、贾卫东、龚克文、张月芳、纪小军、余未然、顾春荣、周海勇、刘艳、吴建忠、陈灵聪,,收益法
1709751,100.00%股权,分析仪器,上海仪电电子(集团)有限公司、袁为立、黄华、薛马骏、黄庆、吴逸青、李斐斐、施雷华、何国琛、陈捷、李征、潘红霞、史玮、陈浩飞、郑亚明、闫利娟、孙圣坤、翁志祥、左向群,,收益法
1709751,100.00%股权,真空显示,仪电资产,,收益法
1709751,100.00%股权,电子印刷,仪电资产,,收益法
1708143,100%股权,雅百特,瑞鸿投资、纳贤投资、智度德诚,3497793900.0,收益法
1708143,"除5,000万元货币资金和对紫金财产保险股份有限公司2,100万元投资外的全部资产、负债",中联电气,瑞鸿投资、纳贤投资,789403800.0,成本法
1703920,100%的股权,爱德康赛,刘申、西藏爱信威诚投资管理中心(有限合伙)、哈尔滨华滨光辉创业投资企业(有限合伙),325000000.0,收益法
1699706,100%股权,南京华讯,深圳市华讯方舟科技有限公司,,收益法
1699706,100%股权,成都国蓉,深圳市华讯方舟科技有限公司,,收益法
1684627,100%股权,华东设计院,现代集团,1089274100.0,资产基础法
1682828,36.79%股权,时代沃顿,南车贵阳车辆有限公司,,
1681456,100%股权,杭州长城动漫游戏有限公司,长城集团,140000000.0,资产基础法
1681456,100%股权,湖南宏梦卡通传播有限公司,王宏、贺梦凡、浙江郡原控股有限公司、湖南汇益数码科技有限公司、徐双全,50000000.0,资产基础法
1681456,100%股权,杭州东方国龙影视动画有限公司,许妍红、张澋源,20000000.0,收益法
1681456,100%股权,北京新娱兄弟网络科技有限公司,天津一诺投资中心(有限合伙)、刘阳,500000000.0,收益法
1681456,45.74%股权,滁州长城国际动漫旅游创意园有限公司,诸暨金汇投资合伙企业(有限合伙)、富润控股集团有限公司、祥生实业集团有限公司、新湖中宝股份有限公司、浙江青苹果网络科技有限公司、赵锐均、劳洪波、徐斌、孙元兵、潘晓惠、张祖宜、沈怡、赵林中、申西杰、童超、李战、陈宝林,185000000.0,资产基础法
1681456,100%股权,上海天芮经贸有限公司,洪永刚、刘薇,81000000.0,收益法
1681456,100%股权,杭州宣诚科技有限公司,宣剑波、浙江青苹果网络科技有限公司、詹晖,40000000.0,收益法
1679379,100%股权,慕威时尚文化传播(北京)有限公司,张龙、王宇新、马大鹏、逄宇峰,1200000000.0,资产基础法
1679379,100%股权,重庆世茂影院管理有限公司,世茂影院投资发展有限公司,,资产基础法
1679379,100%股权,福州世茂影院管理有限公司,世茂影院投资发展有限公司,,资产基础法
1679379,100%股权,贵阳世茂影院管理有限公司,世茂影院投资发展有限公司,,资产基础法
1679379,100%股权,济南世茂影院管理有限公司,世茂影院投资发展有限公司,,资产基础法
1679379,100%股权,昆明世茂影院有限公司,世茂影院投资发展有限公司,,资产基础法
1679379,100%股权,昆山世茂影院管理有限公司,世茂影院投资发展有限公司,,资产基础法
1679379,100%股权,洛阳世茂影院有限公司,世茂影院投资发展有限公司,,资产基础法
1679379,100%股权,南昌世茂影院管理有限公司,世茂影院投资发展有限公司,,资产基础法
1679379,100%股权,南通世茂影院管理有限公司,世茂影院投资发展有限公司,,资产基础法
1679379,100%股权,上海虹桥世茂影院管理有限公司,世茂影院投资发展有限公司,,资产基础法
1679379,100%股权,上海世茂影院管理有限公司,世茂影院投资发展有限公司,,资产基础法
1679379,100%股权,绍兴世茂影院管理有限公司,世茂影院投资发展有限公司,,资产基础法
1679379,100%股权,苏州世茂影院管理有限公司,世茂影院投资发展有限公司,,资产基础法
1679379,100%股权,徐州世茂影院管理有限公司,世茂影院投资发展有限公司,,资产基础法
1679379,100%股权,北京世茂星辰企业管理有限公司,世茂影院投资发展有限公司,,资产基础法
1678363,90%股权,海亮环材,海亮集团,660000000.0,收益法
1674352,100%股权,传化物流集团有限公司,传化集团、长安资管、华安资管、长城资管、中阳融正、陆家嘴基金、凯石资管(一)、西藏投资,20000000000.0,收益法
1672293,100%股权,格尔木藏格钾肥股份有限公司,藏格投资、永鸿实业、肖永明、联达时代、李明、杨平、金石投资、中浩天然气、联达四方、华景君华、司浦林创投、林吉芳,9009139400.0,资产基础法
1672293,扣除货币资金的全部资产负债,金谷源控股股份有限公司,藏格兴恒,155820700.0,资产基础法
1672209,100%股权,台海核电,台海集团、深圳金石源、上海开拓、挚信合能、冠鹿创富、维思捷宝、天津维劲、泉韵金属、旭日东方、深圳正轩、祥隆集团、烟台丰华、北京美锦、虞锋、张维、陈勇、陈云昌、王月永、王雪欣、叶国蔚、姜明杰、李政军、黄永钢、刘仲礼、王根启、隋秀梅、梅洪生、张翔、赵天明、汪欣、刘昕炜、初宇、林岩、于海燕、孙恒、林洪宁、张礼、由明江、徐志强、张世良、张天刚、马焕玲、白山、孙培崇、吴作伟、徐小波、李仁平,3146000000.0,收益法
1672209,"截至评估基准日合法拥有的除38,003.61万元不构成业务的资产以外的全部资产和负债",丹甫股份,台海核电,397708500.0,资产基础法
1671738,100.00%股权,广汇汽车,新疆广汇实业投资(集团)有限责任公司、 China Grand Automotive( Mauritius) Limited、鹰潭市锦胜投资有限合伙企业、天津正和世通股权投资基金合伙企业(有限合,23577250000.0,
1671738,除可供出售金融资产外全部资产和负债,美罗药业股份有限公司,,749000000.0,
1670015,100%股权,尚世影业,文广集团、北京弘毅、文化产业基金、上海联新、黄建新、张小童、陈澍,,
1670015,68.0672%股权,文广互动,文广集团,,
1670015,45.2118%股权,东方希杰,"文广集团、亿友商贸、同方创投、同利创投、 Homeland Evolvement Limited、 CHS Holdings Ltd.、 Tai Shan Capital I,Limited、",,
1670015,100%股权,五岸传播,,,
1669816,100%股权,海斯福,王陈锋、曹伟、朱吉洪、谢伟东、吕涛、张威,,
1667325,100%股权,传化物流,传化集团、长安资管、华安资管、长城资管、中阳融正、陆家嘴基金、凯石资管(一)、西藏投资,20000000000.0,收益法
1666147,100%股权,格蒂电力,雷厉、黎静、至佳喜公司、武汉雷石、宜兴天源、中比基金、昆山雷石、上海创祥,874000000.0,收益法
1665901,100%的股权,深圳市玉龙宫实业发展有限公司,中兴建设有限公司,320000000.0,资产基础法
1665901,100%的股权,深圳市鑫龙海置业有限公司,万泽集团有限公司,58000000.0,资产基础法
1665297,100%股权,南京华讯,深圳市华讯方舟科技有限公司,1709445800.0,收益法
1665297,100%股权,成都国蓉,深圳市华讯方舟科技有限公司,1709445800.0,收益法
1665297,传统业务相关的资产及负债(包括或有负债),恒天天鹅,深圳市华讯方舟科技有限公司,1082092600.0,
1663215,100%股权,上海海能,卓斌、冒晓建、徐正敏、朱玥奋、徐迪、祝轲卿、卓欢、梁锋,1100000000.0,
1663215,100%股权,德沃仕,杭开电气、曹冠晖、吴宝才、金石灏汭、马文奇、吴进山、浙江德石,245000000.0,
1661244,100%股权,顶立科技,顶立汇智、冠西投资、贯丰投资、汇能投资、汇德投资、富德投资、华菱津杉、富德泰懋、科技风投、刘刚、罗静玲、丁灿、吴霞、孙辉伟、罗新伟,520000000.0,收益法
1657123,100%股权,大伟助剂,龚卫良、勇新、黄德周、龚诚,350000000.0,收益法
1655063,98%股权,健坤物业,当代集团,146688200.0,资产基础法
1655063,80%股权,恒裕矿业,当代集团,29530700.0,资产基础法
1647230,100%股权,中国有色金属工业再生资源有限公司,大连大显集团有限公司,770000000.0,资产基础法
1642142,100%股权,八达园林,王仁年、博正资本、重庆西证、重庆贝信、常州世通、苏州东方、杭州富庆、广州海汇、上海雅银、天津百富源、韶关粤商、李文龙、余艳平、王建明、潘永兴、吴克忠、王云杰、刘健、夏海平、王云姗、王文明、王明荣、郭宏平、蒋春华、张小江、蒋卫冠、曹伟光、钱云亚、汤春荣、陈亚琴、黄玲霞、尹兰军、周余、陈亚平、孙宏章、胡六一、朱燕、李康生、许大雄、王建荣、周春华、闵伟平、李彪、张望龙、吴印、陈元华、沈壹峰,1660000000.0,收益法
1638091,100%股权,中闽能源,投资集团、海峡投资、大同创投、复星创富、红桥新能源、铁路投资、华兴创投,,
1638091,全部资产与负债,福建南纸,投资集团,,
1637561,100%的股权,医惠科技有限公司,润铭投资、凯泰科技、凯泰成长、浙江海邦、瑞经达创投、华睿富华、华鸿金润、凯泰创新、旗银创投、华睿蓝石、章笠中、周明明、王福根、陈芳华、王晓烨、李季、左康、余臻、彭军、何国平、郑凌峻、王建彬、周宣、沈莉,1087240000.0,收益法
1635912,85.00%股权,双良新能源,双良科技、利创新能源,364584400.0,收益法
1635912,75.00%股权,利士德化工,双良科技、利创新能,364584400.0,资产基础法
1635746,100%股权,洛阳公司,中再生、中再资源、黑龙江中再生、山东中再生、华清再生、湖北再生、四川农资、唐山再生、君诚投资、刘永彬、郇庆明,,收益法
1635746,100%股权,四川公司,中再生、中再资源、黑龙江中再生、山东中再生、华清再生、湖北再生、四川农资、唐山再生、君诚投资、刘永彬、郇庆明,,收益法
1635746,100%股权,唐山公司,中再生、中再资源、黑龙江中再生、山东中再生、华清再生、湖北再生、四川农资、唐山再生、君诚投资、刘永彬、郇庆明,,收益法
1635746,100%股权,江西公司,中再生、中再资源、黑龙江中再生、山东中再生、华清再生、湖北再生、四川农资、唐山再生、君诚投资、刘永彬、郇庆明,,收益法
1635746,100%股权,黑龙江公司,中再生、中再资源、黑龙江中再生、山东中再生、华清再生、湖北再生、四川农资、唐山再生、君诚投资、刘永彬、郇庆明,,收益法
1635746,100%股权,蕲春公司,中再生、中再资源、黑龙江中再生、山东中再生、华清再生、湖北再生、四川农资、唐山再生、君诚投资、刘永彬、郇庆明,,收益法
1635746,100%股权,广东公司,中再生、中再资源、黑龙江中再生、山东中再生、华清再生、湖北再生、四川农资、唐山再生、君诚投资、刘永彬、郇庆明,,收益法
1635746,56%股权,山东公司,中再生、中再资源、黑龙江中再生、山东中再生、华清再生、湖北再生、四川农资、唐山再生、君诚投资、刘永彬、郇庆明,,收益法
1635746,全部资产(含负债),陕西秦岭水泥(集团)股份有限公司,冀东水泥,,收益法
1634966,53.125%股权,北京三吉利股份有限公司,国利能源、华电金泰、桂清投资,1275000000.0,
1633583,100%股权,中再资源,大显集团,770000000.0,资产基础法
1631480,100%股权,北京华夏电通科技股份有限公司,栗军、李俊峰、张思必、蒋国兴、贾瑞明、谢泳江、李建、贾高勇、周明浩、夏郁葱、孙莉、赵月军、单衍景、王瑞宾、王平、胡雷、杨建军、房兰花、刘枫、曹艳中、李行、郭武、张锐锋、高翔、杨颖、邹康、姚立生、陈皞玥、卢昌、于大泳、白锐、仝敬明、陈亮、刘海滨、刘卫国、王邦新、梅志勇、肖冰、杨楠、李悦、郭辉、郭超、夏永强、张晓丽、杨怀兵、陈彪、苏州易联、达晨银雷、辰光致远,600000000.0,收益法
1628679,100%股权,华东建筑设计研究院有限公司,上海现代建筑设计(集团)有限公司,1089274100.0,收益法
1628679,全部资产和负债,上海棱光实业股份有限公司,上海现代建筑设计(集团)有限公司,969269000.0,资产基础法
1622727,100%股权,医惠科技,医惠实业、润铭投资、凯泰科技、凯泰成长、浙江海邦、瑞经达创投、华睿富华、华鸿金润、凯泰创新、旗银创投、华睿蓝石、章笠中、周明明、王福根、陈芳华、王晓烨、李季、左康、余臻、彭军、何国平、郑凌峻、王建彬、周宣、沈莉萍、黄飙,1087240000.0,收益法
1620261,89.77%股权,同路生物,科瑞金鼎、深圳莱士、谢燕玲,,
1605284,100%股权,游唐网络,仲杨、陆旻、韩军、上海完美、苏州龙跃,562500000.0,
1595355,100%股权,中闽能源,投资集团、海峡投资、大同创投、复星创富、红桥新能源、铁路投资、华兴创投,1175122300.0,收益法
1595355,全部资产和负债,福建南纸,投资集团,575833800.0,资产基础法
1594374,100%股权,华东建筑设计研究院有限公司,上海现代建筑设计(集团)有限公司,1089274100.0,收益法
1594374,全部资产和负债,棱光实业,上海现代建筑设计(集团)有限公司,969269000.0,资产基础法
1589710,100%股权,太阳能公司,中国节能、蹈德咏仁、吴姗、中新建招商、邦信资产、东方邦信创业投资有限公司、欧擎北源、王莉亚、西域红业、张奕晖、沃乾润、上海沃璞隆投资管理中心(有限合伙)、谦德咏仁、姚颖彦、深圳华禹、山,,
1581791,100%股权,华夏电通,栗军、李俊峰、张思必、蒋国兴、贾瑞明、谢泳江、李建、贾高勇、周明浩、夏郁葱、孙莉、赵月军、单衍景、王瑞宾、王平、胡雷、杨建军、房兰花、刘枫、曹艳中、李行、郭武、张锐锋、高翔、杨颖、邹康、姚立生、陈皞玥、卢昌、于大泳、白锐、仝敬明、陈亮、刘海滨、刘卫国、王邦新、梅志勇、肖冰、杨楠、李悦、郭辉、郭超、夏永强、张晓丽、杨怀兵、陈彪、苏州易联、达晨银雷、辰光致远,600000000.0,收益法
1573362,100%股权,广州掌淘网络科技有限公司,陈钢强、林奇、彭杰、周立军、李驰、王玉辉、广州掌淘投资咨询有限公司、广州红土科信创业投资有限公司、广东红土创业投资有限公司、深圳市创新投资集团有限公司,538000000.0,收益法
1569951,100%股权,雅百特,拉萨瑞鸿、拉萨纳贤、智度德诚,3497793900.0,收益法、资产基础法
1562059,60%股权,东方龙辉,美福景、春福昌,343200000.0,收益法
1562059,100%股权,诸暨长城影视,长城集团、浙江富润、太子龙控股、上峰控股,335000000.0,资产基础法
1562059,60%股权,微距广告,沈笑丹、汪卿、吴爱国、方涛、严翠凤、沈国峰、陈祺、李靖、响道投资、华荣基金、华荣投资,162000000.0,收益法
1558820,100%股权,金亭线束,永鼎集团、东昌集团、东昌投资,686000000.0,收益法
1558360,100%股权,神州长城,陈略、上海金融发展、何飞燕、恒泰九鼎、海汇合赢、江西泰豪、元泰九鼎、钟山九鼎、嘉禾九鼎、鑫和泰达、吴晨曦、砻佰汇润、朱丽筠、七匹狼晟联、冯任懿、嘉源启航、何森,3068000000.0,收益法
1558360,全部资产及负债,中冠股份,陈略、上海金融发展、何飞燕、恒泰九鼎、海汇合赢、江西泰豪、元泰九鼎、钟山九鼎、嘉禾九鼎、鑫和泰达、吴晨曦、砻佰汇润、朱丽筠、七匹狼晟联、冯任懿、嘉源启航、何森,589800000.0,资产基础法
1555522,60%股权,西藏山南东方龙辉文化传播有限公司,春福昌、美福景,343200000.0,收益法
1555522,100%股权,诸暨长城国际影视创意园有限公司,长城集团、浙江富润、太子龙控股、上峰控股,335000000.0,资产基础法
1555522,60%股权,上海微距广告有限公司,沈笑丹、汪卿、吴爱国、方涛、严翠凤、沈国峰、陈祺、李靖、响道投资、华荣基金、华荣投资,162000000.0,收益法
1554883,100%的股权,银河锂业国际,银河资源、银河锂业澳洲,448000000.0,资产基础法
1549662,100%股权,格力置盛,格力集团,,成本法
1549662,全部资产和负债(含或有负债),西安海星现代科技股份有限公司,格力集团,,
1549662,100%股权,格力房产,格力集团,,成本法
1549244,100%股权,物产元通,物产集团,,收益现值法
1543699,100%股权,上海环境集团有限公司,上海城投,,单项资产加和法
1543699,100%股权,上海城投置地(集团)有限公司,上海城投,,成本加和法
1534410,55%的股权,彩虹资讯,彩虹电子,,成本加和法
1534410,经营性资产,彩管一厂,彩虹电子,,市场法、重置成本法
1529539,97.375%的股权,自来水公司,昌鑫国资,,成本法
1522682,钢铁主业资产,包钢集团,内蒙古包钢钢联股份有限公司,6973999999.9999895,重置成本法
1480514,100%的股权,浙报发展,浙报控股,,
1480514,100%的股权,钱报公司,浙报控股,,
1480514,70.51%的股权,浙江在线,浙报控股,,
1480514,51%的股权,美术报公司,浙报控股,,
1480514,100%的股权,老年报公司,浙报控股,,
1480514,49%股权,浙商传媒,浙报控股,,
1480514,51%的股权,乐清日报公司,浙报控股,,
1480514,51%的股权,瑞安日报公司,浙报控股,,
1480514,51%的股权,海宁日报公司,浙报控股,,
1480514,51%的股权,绍兴县报公司,浙报控股,,
1480514,51%的股权,诸暨日报公司,浙报控股,,
1480514,51%的股权,上虞日报公司,浙报控股,,
1480514,51%的股权,东阳日报公司,浙报控股,,
1480514,51%的股权,永康日报公司,浙报控股,,
1480514,51%的股权,温岭日报公司,浙报控股,,
1480514,100%的股权,浙报印务公司,浙报控股,,
1480514,除应付股利及对应的货币资金以外的全部资产和负债,白猫股份,浙报控股,,
1471863,16.33%股权,山东临沂临工汽车桥箱有限公司,建德市万盛汽配有限公司,,
1458371,100%股权,亿晶光电,荀建华、荀建平、姚志中、博华投资、建银光电,,成本法
1458371,除600万股民生村镇银行股份以外的所有资产及负债,海通食品集团股份有限公司,荀建华、荀建平、姚志中、博华投资、建银光电,,成本法
1458300,37.90%的股份,Awilco Offshore ASA,COSL Norwegian AS,,
1456358,100%的股权,浙报发展,浙报控股,,
1456358,100%的股权,钱报公司,浙报控股,,
1456358,70.51%的股权,浙江在线,浙报控股,,
1456358,51%的股权,美术报公司,浙报控股,,
1456358,100%的股权,老年报公司,浙报控股,,
1456358,49%股权,浙商传媒,浙报控股,,
1456358,除应付股利及对应的货币资金以外的全部资产和负债,白猫股份,浙报控股,,
1455099,100%股权,北方城投,闸北区国资委,,
1455099,除三项担保责任外所有资产及负债并妥善处理或有负债,同成投资,同成投资概括,,
1454421,18.75%的股权,广电光电子,广电集团,126817550.73,
1454421,100%的股权,始安房产,广电资产,150871572.26,
1454421,10%的股权,索广映像,广电信息,68000000.0,
1454421,75%的股权,广电富士,光电子公司,524166977.35,
1454421,25%的股权,广电房地产,仪电置业,137269257.7,
1454421,欧阳路196号的房屋所有权和坐落于新闸路1378弄17号的房屋所有权,广电电子,广电集团,72155663.21,
1454292,原有全部资产和负债,山煤国际能源集团股份有限公司,山煤集团,620201000.0,
1454292,7家煤炭贸易公司股权,山煤集团,山煤集团,,
1454292,3家煤炭开采公司、18家煤炭贸易公司的股权及其本部涉及煤炭销售业务的资产和负债,山煤集团,山煤集团,3119559000.0,
1452901,41.92%股权,上海二纺机,市北集团,,成本法
1452901,100%股权,开创公司,市北集团,,成本法
1452901,人民币2亿元的货币资金以外的所有资产和负债,上海二纺机,市北集团,,成本法
1451374,100%股权,泰豪软件,泰豪集团、赣能股份、泰豪地产、丰源电力、涂彦彬、黄代放、刘花兰,,
1448452,91.36%股权,电子城,北京和智达投资有限公司,,
1448452,100%股权,丽水嘉园,北京和智达投资有限公司,,
1448452,全部资产及负债,兆维科技,北京和智达投资有限公司,,
1446099,100%的股权,上海凯迪,仰帆投资、徐进,2307400800.0,成本法
1446099,100%股权,叶开泰连锁,武汉新一代科技有限公司,,成本加和法
1446099,98%股权,春天销售,武汉新一代科技有限公司,,成本加和法
1446099,应收账款和其他应收款,鄂州市葛店开发区4号工业区工厂的机器设备(含存货)及公司本部,武汉新一代科技有限公司,,成本加和法
1445802,全部股份,目标公司及下属24家子公司组成的集团,LGIM Limited、SIM Limited、HGI Limited、GAM London Limited、Harris家族,,
1436342,51%股权,重庆今普食品有限公司,王东明、王天伦,102218600.0,
1432915,100%股权,阳坝铜业,四川恒康,652000000.0,
1432915,应收资产经营公司账款、资产经营公司股权,绵阳高新发展(集团)股份有限公司,四川恒康,61627500.0,
1432914,46.71%股权,天达光伏,西光集团、红塔创投、云南工投,143509000.0,资产基础法
1432914,防务性资产及相关负债,西光集团,西光集团,512000000.0,收益法
1432164,100%股权,淄博银座商城有限责任公司,山东银座商城股份有限公司和山东世界贸易中心,542727700.0,
1427022,30.003%股权,上海巴士实业(集团)股份有限公司,上汽集团,2453877600.0,收益现值法
1412614,相关的资产、权益或负债,燕子山矿,同煤集团,,
1399326,74%股权,三花制冷集团,三花控股,,收益现值法
1399326,100%股权,四通机电,三花控股,,收益现值法
1399326,100%股权,三元机械,三花控股,,收益现值法
1399326,100%股权,美国三花,三花控股,,收益现值法
1399326,100%股权,日本三花,三花控股,,收益现值法
1399326,75%股权,常州兰柯,三花控股,41719500.0,收益现值法
1396117,12.67%的股权,航天科技,航天三院,,
1396117,93.91%的股权,惯性公司,航天三院,,
1396117,86.9%的股权,时空公司,航天三院,,
1396117,100%的股权,机电公司,航天三院,,
1392982,100%股权,冠富化纤,新世纪公司,,
1392982,100%股权,华冠酒店,新世纪公司,,
1390651,90.63%的股权,重庆大新药业股份有限公司,北京北大国际医院集团有限公司,229795587.97,资产基础法
1387077,100%股权,CIFA,Magenta SGR S.p.A.、Fadorè S.àr.l.、Intesa SanpaoloS.p.A.、Immobiliare BA.STE.DO. S.r.l.、Immobiliare Duemila S.r.l.、Immobiliare Novanta S.r.l.、Pasquale Di Iorio、Simone Rafael Emdin、Maurizio Ferrari,3988000000.0,
1386862,6800万债权,西部汽车城,金宇集团,,
1386862,全部股权,西部汽车城,金宇集团,,
1386206,100%股权,北京星火房地产开发责任有限公司,泛海建设控股有限公司,1500000000.0,
1386206,60%股权,武汉王家墩中央商务区建设投资股份有限公司,泛海建设控股有限公司,3485000000.0,
1386206,100%股权,通海建设有限公司,泛海建设控股有限公司,1800000000.0,
1386206,100%股权,浙江泛海建设投资有限公司,泛海建设控股有限公司,480000000.0,
1378670,53.33%股权,湘西利新源,中铁大桥局集团武汉置业发展有限公司,200000000.0,
1377383,48.25%股权,中关村建设,鹏泰投资,236000000.0,
1376816,60%股权,鑫盛矿业,云南信力,42000000.0,
1371781,飞行区资产(包括跑道和滑行道资产、A号候机楼停机坪资产、B号候机楼停机坪资产及土地使用权、货站停机坪资产及土地使用权、相关助航设备和设施)、航站楼停车场及站前交通设施、深圳市机场物流园发展有限公司,机场集团,深圳市机场(集团)有限公司,1227765500.0,成本法
1349501,紫光古汉合法拥有的账面价值为7200万元的应收账款,紫光古汉集团股份有限公司,紫光集团有限公司,,
1349501,土地使用权及888万元现金,衡阳国资,衡阳国资,34280000.0,
1349501,3772万元现金,紫光集团,紫光集团,37720000.0,
1348979,鲅鱼圈港区16#、17#、22#、46#、47#、52#、53#泊位资产和业务,港务集团,港务集团,,重置成本法
1347734,53.33%股权,湘西利新源,中铁武汉置业,200000000.0,
1345668,60%股权,深圳市广前电力有限公司,广东省粤电集团有限公司,,资产基础法
1345668,35%股权,广东惠州天然气发电有限公司,粤电集团,,资产基础法
1345668,40%股权,广东粤电石碑山风能开发有限公司,粤电集团,,资产基础法
1345668,45%股权,广东惠州平海发电厂有限公司,粤电集团,,资产基础法
1345668,40%股权,广东红海湾发电有限公司,粤电集团,,资产基础法
1345668,20%股权,广东国华粤电台山发电有限公司,粤电集团,,资产基础法
1345668,15%股权,广东省电力工业燃料公司,粤电集团,,资产基础法
1342931,100%股权,March Networks Corporation,深圳英飞拓科技股份有限公司,,
1342506,100%股权,神州新桥,张秀珍、张建华、江海标、王佺、吕兴海,,收益法
1340326,全部相关资产,首钢迁钢公司,首钢总公司,18369721900.0,
1323394,100%股权,湖南天雁,中国长安汽车集团股份有限公司,,
1323394,全部资产和负债,济南轻骑,中国长安汽车集团股份有限公司,,
1318810,100%股权,排水公司,水务集团,2307962900.0,资产基础法
1318810,98%股权,三镇房地产,水务集团,,资产基础法
1318810,40%股权,三镇物业,水务集团,,资产基础法
1317477,38.35%股权,上海外高桥保税区联合发展有限公司,,,
1317477,9.17%股权,上海市外高桥保税区新发展有限公司,,,
1317477,80%股权,上海市外高桥保税区三联发展有限公司,,,
1316326,100%的股权,经略公司,万州港、港务物流集团,,
1315026,100%股权,鞍千矿业,鞍山钢铁集团公司,,收益法
1315026,100%股权,鞍钢香港,鞍山钢铁集团公司,,收益法
1315026,100%股权,鞍澳公司,鞍山钢铁集团公司,,收益法
1315026,100%股权,攀钢集团攀枝花钢钒有限公司,鞍山钢铁集团公司,,收益法
1315026,100%股权,攀钢集团成都钢钒有限公司,鞍山钢铁集团公司,,收益法
1315026,100%股权,攀钢集团江油长城特殊钢有限公司,鞍山钢铁集团公司,,收益法
1315026,100%股权,攀钢集团研究院有限公司,鞍山钢铁集团公司,,收益法
1315026,100%股权,钢集团国际经济贸易有限公司,,,收益法
1315026,100%股权,攀钢集团成都地产有限公司,鞍山钢铁集团公司,,收益法
1315026,100%股权,钢集团冶金工程技术有限公司,鞍山钢铁集团公司,,收益法
1315026,100%股权,攀钢集团信息工程技术有限公司,鞍山钢铁集团公司,,收益法
1315026,100%股权,攀钢集团工科工程咨询有限公司,鞍山钢铁集团公司,,收益法
1315026,100%股权,成都攀钢大酒店有限公司,鞍山钢铁集团公司,,收益法
1315026,96.182%股权,攀钢集团财务有限公司,鞍山钢铁集团公司,,收益法
1315026,88.64%股权,攀钢集团眉山中铁冷弯型钢有限责任公司,鞍山钢铁集团公司,,收益法
1315026,51%股权,中山市金山物资有限公司,鞍山钢铁集团公司,,收益法
1315026,30%股权,广州攀兴金属加工有限公司,鞍山钢铁集团公司,,收益法
1315026,40%股权,四川攀钢梅塞尔气体产品有限公司,鞍山钢铁集团公司,,收益法
1315026,相关资产,攀钢钒钛本部,鞍山钢铁集团公司,,收益法
1305970,100%股权,长航液控,南方宇航,,
1305970,100%股权,贵州红林,贵州盖克,,
1305970,66%的股权,力威尔航空,北京长空,,
1305970,50%的股权,透博梅卡长空,北京长空,,
1297966,88.955%的股权,江苏晋和,郑州瑞茂通供应链有限公司,,收益现值法
1297966,88.955%的股权,徐州怡丰,郑州瑞茂通供应链有限公司,,收益现值法
1297966,88.955%的股权,邳州丰源,郑州瑞茂通供应链有限公司,,收益现值法
1294486,75%股权,江苏中基,汕头万顺包装材料股份有限公司,,
1286505,100%股权,陕西华泽,王辉、王涛、陕西飞达、鲁证投资、三角洲投资、西证股权、伟创富通、杨宝国、杨永兴、洪金城,1890801300.0,收益法、资产基础法
1284675,51%的权益性资产,建峰化肥,建峰总厂,192479900.0,成本法
1284675,整体资产(含全部资产和全部负债),重庆民丰农化股份有限公司,建峰总厂,,成本法
1284675,复合肥生产经营相关资产;氮气生产经营相关的资产和负债,建峰总厂,建峰总厂,7560000.0,成本法
1284563,51.7763%股权,百视通技术,东方传媒,,收益现值法
1284563,100%股权,文广科技,东方传媒,,收益现值法
1284563,100%股权,广电制作,东方传媒,,收益现值法
1284563,21.33%股份,信投股份,东方传媒,,收益现值法
1284437,100%股权,盾石机械,冀东发展集团有限责任公司,,
1284437,100%股权,盾石建筑,冀东发展集团有限责任公司,,
1284437,100%股权,盾石筑炉,冀东发展集团有限责任公司,,
1284437,51%股权,盾石电气,冀东发展集团有限责任公司,,
1274464,100.00%的股权,锦盛发制品,鲁锦集团,236983200.0,收益法
1274464,100.00%的股权,香港华晟,鲁锦集团,122292300.0,成本法
1274464,38.41%的股权,美国华越,海川控股,69165000.0,成本法
1274464,49%股权,海川锦融,鑫融发、魏伟、许小东,47381700.0,收益法
1266316,100.00%股权,吉隆矿业,赵美光、赵桂香、赵桂媛、刘永峰、任义国、马力、李晓辉、孟庆国,1594207900.0,资产基础法
1266316,全部资产与负债,广东东方兄弟投资股份有限公司,ST宝龙,1.0,资产基础法
1265180,15%股权,深圳百事,,144000000.0,收益法
1256589,持有的标的资产,上汽集团,上汽集团,23657861535.21,
1256589,持有的标的资产,工业有限,工业有限,5460895294.84,
1252125,35%股权,安徽开乐,金城集团,,成本法
1252125,37.47%股权,柳州乘龙,金城集团,,成本法
1252125,100%股权,上航特,金城集团,,成本法
1252125,资产和负债,零部件事业部,金城集团,,成本法
1252125,16%股权,安徽开乐,中航投资,,成本法
1252125,13.53%股权,柳州乘龙,中航投资,,成本法
1244501,标的资产,生物工程公司,哈药集团,,收益法
1244501,标的资产,三精制药,哈药集团,,
1238588,25%的股权,伟仕控股,伟仕控股,288100200.0,
1236893,3.40亿股股份,恒丰银行增资扩股所,恒丰银行增资扩股所,1020000000.0,
1231195,东升路和北联市场两处轻纺交易市场资产的合称及相应的预收租金、保证金等款项,绍兴县中国轻纺城东升路市场有限公司、绍兴县中国轻纺城北联市场有限公司,绍兴县中国轻纺城市场开发经营有限公司,2416240200.0,
1219409,钢铁相关业务资产,攀钢集团钢铁钒钛股份有限公司,鞍山钢铁集团公司,11390000000.0,成本法
1219409,100%股权,鞍千矿业,鞍钢,,成本法
1219409,100%股权,鞍钢香港,鞍钢,,成本法
1219409,100%股权,鞍澳公司,鞍钢,,成本法
1217001,16%股权,安徽开乐,中航投资,,资产基础法
1217001,13.53%股权,柳州乘龙,中航投资,,资产基础法
1217001,35%股权,安徽开乐,金城集团,,资产基础法
1217001,37.47%股权,柳州乘龙,金城集团,,资产基础法
1217001,100%股权,上航特,金城集团,,资产基础法
1217001,资产和负债,金城专用车零部件制造事业部,金城集团,,资产基础法
1215650,100.00%股权,吉隆矿业,赵美光、赵桂香、赵桂媛、刘永峰、任义国、马力、李晓辉、孟庆国,1594207900.0,资产基础法
1215650,全部资产、负债,宝龙公司,威远集团,,资产基础法
1215512,55%股权,中电器件,深圳鹏博、工会委员会,237630000.0,资产基础法
1214216,100%股权,开创公司,市北集团,,
1214216,扣除现金人民币2亿元后的全部资产及负债,上海二纺机,上海市虹口区土地发展中心,1040702000.0,
1205543,100%股权,古田天宝,天宝矿业,,收益现值法、重置成本法
1205543,100%股权,五夫天宝,天宝矿业,,收益现值法、重置成本法
1205543,100%股权,陈旗天宝,天宝矿业,,收益现值法、重置成本法
1205543,100%股权,天宝钼业,天宝钼业,,收益现值法、重置成本法
1205543,75%股权,武夷天宝,天宝矿业,,收益现值法、重置成本法
1205543,60%股权,江西天宝,天宝矿业,,收益现值法、重置成本法
1205543,49%股权,三道湾子,天宝矿业,,收益现值法、重置成本法
1205543,10%股权,马坑矿业,天宝矿业,,收益现值法、重置成本法
1205543,除交易性金融资产之外的全部资产及负债,万好万家,万好万家,,
1200663,100%的股权,网新机电,浙大网新,546080000.0,收益法
1187604,100%股权,宋都集团,宋都控股、平安置业、郭轶娟,3550937063.09,资产基础法
1187604,全部资产及负债,辽宁百科集团(控股)股份有限公司,宋都控股、平安置业、郭轶娟,291305290.99,资产基础法
1185229,35%股权,张水公司,大唐集团,,
1185229,66.23%股权,衡水公司,大唐集团,,
1182757,49%股权,华赢集广,天星能源,341000000.0,收益法
1182757,49%股权,华赢柏沟,天星能源,461000000.0,收益法
1182757,49%股权,银源新安发,燕发旺、茹灵龙,834000000.0,收益法
1182757,49%股权,银源华强,闫守礼、吴靖宇,1200000000.0,收益法
1182757,44%股权,银源兴庆,马百明、马瑞乙、马海军,1257000000.0,收益法
1182757,49%股权,森达源煤业,石敬仁,861500000.0,收益法
1160669,资产及负债,西安海星现代科技股份有限公司,格力集团,,
1160669,100%股权,格力房产,格力集团,,
1160669,100%股权,格力置盛,格力集团,,
1158383,85%股权,龙滩公司,大唐集团、广西投资、贵州产投,15152350900.0,成本法
1155636,100%股权,六和集团,南方希望、青岛善诚、青岛思壮、潍坊众慧、和之望实业,,
1155636,24%股份,六和股份,青岛高智、惠德农牧,,
1155636,7.25%的股权,新希望农牧,成都新望,,
1155636,75%的股权,枫澜科技,李巍、刘畅,,
1155636,51%股权,成都新希望实业,新希望房地产,,
1155636,51%股权,四川新希望实业,新希望房地产,,
1155636,100%的股权,新希望乳业,南方希望,552356200.0,
1155636,92.75%的股权,新希望农牧,南方希望,1407842500.0,
1154461,90.63%股权,大新药业,北大国际医院集团,,资产基础法
1149708,51%股权,安徽开乐,金城集团、中航投资,,资产基础法
1149708,51%股权,柳州乘龙,金城集团、中航投资,,资产基础法
1149708,100%股权,上航特,金城集团,,资产基础法
1149708,相关的资产和负债,金城专用车零部件制造事业部,金城集团,,资产基础法
1149708,16%股权,安徽开乐,中航投资,,资产基础法
1149708,13.53%股权,柳州乘龙,中航投资,,资产基础法
1144098,50%股权,都江堰拉法基水泥有限公司,拉法基中国海外控股公司,2350652900.0,收益法
1144009,100%股权,昆明基础,昆明市交通投资有限责任公司,1750728900.0,收益法
1144009,41.05%股权,苏州国芯科技有限公司,史佩欣或其指定第三方,91441045.81,
1144009,75%股权,上海交大创奇微系统科技有限公司,史佩欣或其指定第三方,91441045.81,
1144009,76.97%股权,江苏意源科技有限公司,史佩欣或其指定第三方,91441045.81,
1144009,70%股权,上海永鑫波纹管有限公司,史佩欣或其指定第三方,91441045.81,
1142460,71.225%股权,锦江之星,锦江酒店集团,,
1142460,80%股权,旅馆投资,锦江酒店集团,,
1142460,99%股权,达华宾馆,锦江酒店集团,,
1142460,1%股权,达华宾馆,上海锦江饭店,,
1142460,全部资产负债,上海锦江国际酒店发展股份有限公司,上海锦江饭店有限公司、上海锦江国际酒店(集团)股份有限公司,,
1141069,100%股权,福建新东网科技有限公司,陈融圣、曾忠诚、詹桂堡、郭亮、朱雪飞、李壮相、李新春、周捷、黄建锋、江志炎,433000000.0,收益法
1129480,100.00%的股权,锦盛发制品,鲁锦集团,,收益法
1129480,100.00%的股权,香港华晟,鲁锦集团,,成本法
1129480,38.41%的股权,美国华越,海川控股,,成本法
1129480,49%股权,海川工艺,徐正贤、工艺投资、徐正贤,,收益法
1129480,49%股权,海川锦融,鑫融发、魏伟、许小东,,收益法
1129480,51.00%的股权,新华锦水产,鲁锦集团,,成本法
1129480,75.00%的股权,海舜国际,鲁锦集团,,成本法
1128984,95%的股权,北京燕化高新催化剂有限公司,中国石油化工股份有限公司,,重置成本法
1117751,18.75%的股权,电子公司,广电集团,,成本法
1117751,100%的股权,始安房产,广电资产,,成本法
1117751,10%的股权,索广映像,广电信息,,成本法
1117751,75%的股权,广电富士,光电子公司,,成本法
1117751,25%的股权,广电房地产,仪电置业,,成本法
1117751,欧阳路房产、新闸路房产,上海广电电子股份有限公司,广电集团,,成本法
1116036,18.75%的股权,光电子公司,广电集团,185292082.61,成本法、收益法
1116036,100%的股权,始安房产,广电资产,150422820.43,成本法、收益法
1116036,10%的股权,索广映像,广电信息,132236316.66,成本法、收益法
1116036,75%的股权,广电富士,光电子公司,532972408.12,成本法、收益法
1116036,25%的股权,广电房地产,仪电置业,138114399.87,成本法、收益法
1116036,欧阳路房产、新闸路房产的所有权,上海广电电子股份有限公司,广电集团,72155663.21,成本法、收益法
1111975,除华锐风电科技(集团)股份有限公司和大连重工集团有限公司股权之外的装备制造业经营性资产和负债,大连重工·起重集团有限公司,大连重工·起重集团有限公司,5442239600.0,
1109160,100%股权,南方公司,中航工业、华融资产、东方资产,2869735600.0,资产基础法
1109160,100%股权,黎阳航空动力,中航工业集团、黎阳集团,837858000.0,资产基础法
1109160,80%股权,三叶公司,中航工业集团、黎阳集团、西航集团、华融资产、东方资产,85176200.0,资产基础法
1109160,注入资产和负债,西航集团,中航工业集团、黎阳集团、西航集团、华融资产、东方资产,191979100.0,资产基础法
1108476,全部民品资产,一分公司,内蒙古第一机械集团有限公司,,
1108476,80%权益资产,六分公司,内蒙古第一机械集团有限公司,,
1108476,用于军品生产线技术改造形成的资产,包头北方创业大成装备制造有限公司,内蒙古第一机械集团有限公司,,
1108476,66.82%的权益,内蒙古一机集团富成锻造有限责任公司,内蒙古第一机械集团有限公司,,
1096137,89.78%股权,刚泰矿业,刚泰矿业、大地矿业、刚泰投资咨询,,
1088186,4.98%股权,莱商银行,莱钢集团,406566900.0,资产基础法
1087647,八宗国有土地使用权及地面上的建筑物、附着物等资产,武汉祥龙电业股份有限公司,武汉市土地整理储备中心东湖新技术开发区分中心,1272604900.0,
1080078,55%股权,鸭电公司,河南投资集团,513376100.0,
1080078,100%股权,天益公司,河南投资集团,778294300.0,
1080078,#5、#6机组和其他资产及其相关负债,豫能控股,河南投资集团,440943900.0,
1080043,焦作电厂#5、#6机组和其他资产及相关负债,河南豫能控股股份有限公司,河南投资集团有限公司,440943900.0,资产基础法
1080043,55%股权,南阳鸭河口发电有限责任公司,河南投资集团有限公司,513376100.0,资产基础法
1080043,100%股权,南阳天益发电有限责任公司,河南投资集团有限公司,778294300.0,资产基础法
1079174,93.85%的股权,深圳市九洲电器有限公司,四川九洲电器集团有限责任公司,,
1079174,49%的股权,四川湖山电器有限责任公司,四川九洲电器集团有限责任公司,,
1079174,69.66%的股权,四川九州电子科技股份有限公司,四川九洲电器集团有限责任公司,,
1078777,100%股权,北大国际医院集团有限公司持有的北京北医医药有限公司,北大国际医院集团有限公司,2650000.0,资产基础法
1077832,全部资产和负债,闽闽东,信息集团,,
1077832,各75%的股权以及福日电子拥有的206基地资产,福建华显、深圳华显、华冠光电、华映视讯,华映百慕大、华映纳闽、福日电子,,
1076278,100%股权,海信山东,海信空调,,成本法
1076278,51%股权,海信浙江,海信空调,,成本法
1076278,55%股权,海信北京,海信空调,,成本法
1076278,49%股权,海信日立,海信空调,,成本法
1076278,78.7%股权,海信模具,海信空调,,成本法
1076265,100%股权,南京钛白,中国信达、中核四〇四、金浦集团、郭金东、郭金林、陈寒、葛盛才、邵恒祥、王小江、南京实华、南京台柏、福建劲达,,成本法
1076265,100%股权,南京石化,金浦集团、郭金东、郭金林、陈寒、葛盛才、邵恒祥、王小江、南京实华、南京台柏、福建劲达,,成本法
1076265,100%股权,金浦地产,金浦集团、郭金东、郭金林、陈寒、葛盛才、邵恒祥、王小江、南京实华、南京台柏、福建劲达,,成本法
1075079,100%股权,武汉广电,楚天数字、楚天襄樊、楚天金纬、武汉有线、市总台、中信国安,,
1075079,全部资产及负债,武汉塑料,楚天数字,,
1075079,全部资产及负债,楚天襄樊,楚天襄樊,,
1075079,全部资产及负债,楚天金纬,楚天金纬,,
1075079,全部资产及负债扣除1.75亿元现金后的余额,楚天数字,楚天数字,,
1075069,100%股权,武汉广电,楚天数字、楚天襄樊、楚天金纬、武汉有线、市总台、中信国安,,
1075069,全部资产及负债,武汉塑料,楚天数字,,
1074397,100%的股权,中加矿业,李刚、李保宇、李凯,857772500.0,成本法
1074397,全部资产、负债(含或有负债)、,金果实业,湘投控股,525990000.0,成本法
1074009,100%的股权,天华院改,化工科学院,601955900.0,
1074009,全部资产及负债,黄海股份,中车集团,1.0,
1073595,资产和负债,安徽省科苑(集团)股份有限公司,科苑实业,1.0,
1073595,100%股权,中弘投资,中弘卓业、建银国际,1393498200.0,资产基础法
1073595,100%股权,中弘兴业,中弘卓业,533079100.0,资产基础法
1071179,91.87%股权,重庆百创,万方源、广晟地产控股、长城公司、自然人马秀祥,,资产基础法
1071179,100%股权,方城置业,万方源、广晟地产控股、长城公司、自然人马秀祥,,资产基础法
1071179,61%股权,楚盛园,万方源、广晟地产控股、长城公司、自然人马秀祥,,收益现值法
1071179,100%股权,成源置业,万方源、广晟地产控股、长城公司、自然人马秀祥,,资产基础法
1070510,100%股权,国际嘉业,浙商集团、国大集团、浙江食品公司、浙江烟糖公司、源源投资、天地实业、张民一和杭钢集团,1958500000.0,收益法
1070510,100%股权,中凯集团,浙商集团、国大集团、浙江食品公司、浙江烟糖公司、源源投资、天地实业、张民一和杭钢集团,1815007400.0,收益法
1070510,100%股权,名城集团,浙商集团、国大集团、浙江食品公司、浙江烟糖公司、源源投资、天地实业、张民一和杭钢集团,674427100.0,收益法
1070510,65%股权,雄狮地产,浙商集团、国大集团、浙江食品公司、浙江烟糖公司、源源投资、天地实业、张民一和杭钢集团,55512100.0,收益法
1070510,79%股权,潍坊国大,浙商集团、国大集团、浙江食品公司、浙江烟糖公司、源源投资、天地实业、张民一和杭钢集团,64965300.0,收益法
1070510,全部生物制药资产和种子种苗分公司的房地产资产,亚华控股,农业集团,,收益法
1068275,100%股权,江苏省房地产投资有限责任公司,江苏省国信资产管理集团有限公司、江苏琼花集团有限公司,4235952200.0,资产基础法
1068275,全部资产及负债,江苏琼花高科技股份有限公司,琼花集团,186505800.0,资产基础法
1067373,100%股权,济川药业,恒川投资,5600150000.0,
1067373,全部资产及负债,湖北洪城通用机械股份有限公司,济川控股、曹龙祥、周国娣、华金济天和恒川投资,603607200.0,
1065575,100%股权,排水公司,兴蓉公司,,资产基础法
1065575,全部资产和负债,蓝星清洗,兴蓉公司,,资产基础法
1065227,全部资产和负债,中国蓝星(集团)股份有限公司,兴蓉公司,645634000.0,资产基础法
1065227,100%股权,排水公司,兴蓉公司,1641284100.0,资产基础法
1065225,100%股权,成都市排水有限责任公司,成都市兴蓉投资有限公司,1641284100.0,成本法
1065225,全部资产和负债,蓝星清洗,成都市兴蓉投资有限公司,646144500.0,资产基础法
1065122,62.96%股权,银都矿业,北京盛达、红烨投资、王彦峰、王伟,2859527000.0,资产基础法
1065122,100%股权,张掖市天马生物制品有限责任公司,北京盛达、红烨投资、王彦峰、王伟,,收益法
1065122,100%股权,甘肃万都贸易有限公司,北京盛达、红烨投资、王彦峰、王伟,,收益法
1065122,森林公园林地使用权,大北山省级,北京盛达、红烨投资、王彦峰、王伟,,收益法
1064635,100%的股权,佳电股份,钧能实业、佳电厂、建龙集团,,收益法
1064635,全部资产和负债,阿继电器,,,收益法
1063882,经营性资产及股权,西安电子、陕通公司、宏声科技,烽火集团,,资产基础法
1063882,资产和全部未申报债务,长岭(集团)股份有限公司,电子集团,126000000.0,资产基础法
1063632,主要经营性资产和负债及其持有的陕通公司、宏声科技、西安电子公司股权,烽火集团,长岭股份,,
1063632,除货币资金、应收票据以及2008年12月已出售资产(详见2008年12月31日长岭股份关联交易公告)之外的全部资产和未申报债务,长岭股份,电子集团,126000000.0,
1063341,51%的股权,海南航食,商业控股,,成本法
1063341,49%的股权,三亚航食,商业控股,,成本法
1063341,100%的股权,北京航食,商业控股,,成本法
1063341,100%的股权,宜昌航食,商业控股,,成本法
1063341,51%的股权,新疆航食,商业控股,,重置成本法
1063341,51%的股权,甘肃航食,商业控股,,重置成本法
1063341,100%股权,宝鸡商业,商业控股,,成本法
1062827,精毛纺厂、热电厂的资产、负债及江阴华西特种纺织品有限公司75%的股权,江苏华西村股份有限公司,江苏华西集团公司,320118400.0,
1062827,1亿股股权,东海证券有限责任公司,华西集团,398000000.0,
1061680,40%股权,眉山启明星,,,
1061680,70%股权,河曲电煤,鲁能集团,,成本法
1061680,60%股权,河曲发电,鲁能集团,,收益法
1061680,75%股权,王曲发电,鲁能集团,,成本法
1061599,100%的股权,永吉印务,贵州永吉房地产开发有限责任公司、贵州云商印务有限公司、贵州一佳印务有限公司、贵州圣泉实业发展有限公司、贵州雄润印务有限公司、高翔、刘伟、彭辉、张渝,,收益现值法
1061255,100%的股权,永吉印务,贵州永吉房地产开发有限责任公司、贵州云商印务有限公司、贵州一佳印务有限公司、贵州圣泉实业发展有限公司、贵州雄润印务有限公司、高翔、刘伟、彭辉、张渝,1383601000.0,收益法
1061255,全部资产和负债,厦门旭飞投资股份有限公司,贵州永吉房地产开发有限责任公司、贵州云商印务有限公司、贵州一佳印务有限公司、贵州圣泉实业发展有限公司、贵州雄润印务有限公司、高翔、刘伟、彭辉、张渝,142539500.0,资产基础法
1059970,90%股权,花都绿景,广州天誉,,资产基础法
1059970,66.25%股权,佛山瑞丰,广州天誉,,资产基础法
1059970,80%股权,恒大广州,广州天誉,,资产基础法
1059970,30%股权,恒远物业,广州天誉,,资产基础法
1059970,100%股权,广西天誉,广州天誉,,资产基础法
1059970,100%股权,永福美景,广州天誉,,资产基础法
1059970,100%股权,永福绿景,广州天誉,,资产基础法
1059970,100%股权,酒店管理公司,海航置业、酒店控股,,收益还原法
1059970,100%股权,城建天誉,海航置业、酒店控股,,收益还原法
1059970,45%股权,燕京饭店,海航置业、酒店控股,,收益还原法
1059956,90%股权,花都绿景,广州天誉,125324300.0,资产基础法
1059956,66.25%股权,佛山瑞丰,广州天誉,90289900.0,资产基础法
1059956,80%股权,恒大广州,广州天誉,45845200.0,资产基础法
1059956,30%股权,恒远物业,广州天誉,0.0,资产基础法
1059956,100%股权,广西天誉,广州天誉,60746700.0,资产基础法
1059956,100%股权,永福美景,广州天誉,7419400.0,资产基础法
1059956,100%股权,永福绿景,广州天誉,14135000.0,资产基础法
1059956,100%股权,海航酒店管理公司,海航置业,39293500.0,资产基础法
1059956,100%股权,城建天誉,海航置业、酒店控股,1394715900.0,资产基础法
1059956,45%股权,燕京饭店,海航置业、酒店控股,78866900.0,资产基础法
1059736,拥有的资产,兰宝科技信息股份有限公司,高新光电,,成本法
1059736,100%股权,顺发恒业,万向资源,,成本法
1058852,100%股权,锡林矿业,内蒙古兴业集团股份有限公司,,成本法
1058852,100%股权,融冠矿业,内蒙古兴业集团股份有限公司,,成本法
1058852,100%股权,巨源矿业,内蒙古兴业集团股份有限公司,,成本法
1058852,100%股权,富生矿业,内蒙古兴业集团股份有限公司,,成本法
1058852,100%股权,双源有色,内蒙古兴业集团股份有限公司,,成本法
1058852,除包商银行0.75%的股权和中诚信托3.33%的股权外的全部资产和负债,赤峰富龙热电股份有限公司,兴业集团,1145466600.0,成本法
1057696,100%股权,盾石机械,冀东集团,,重置成本法
1057696,100%股权,盾石建筑,冀东集团,,重置成本法
1057696,100%股权,盾石筑炉,冀东集团,,重置成本法
1057696,51%股权,盾石电气,冀东集团,,重置成本法
1006049,全部资产与负债,四川第一纺织股份有限公司,科腾纺织,119723233.34,
1006049,81%股权,中汇制药,成都迈特,147806448.57,
1003151,3.10%的股权,民生银行,山西海鑫,,
1000190,52.08%股份,山东达因海洋生物制药股份有限公司,能基投资,,
997147,100%权益,自来水公司,大地科技,,成本法、市场法
997147,100%权益,克旗水电,大地科技,,成本法、市场法
997147,82.58%股权,富龙燃气,大地科技,,成本法、市场法
997147,48.77%股权,富龙市政,大地科技,,成本法、市场法
997147,48.89%股权,富龙科技,大地科技,,成本法、市场法
997147,80%股权,大地科技所持有的大地房产,大地科技,,
997147,90%股权,天地房产,大地科技,,
997147,10%股权,中煤信托,大地科技,,
997147,除供热管网以外的资产及负债,供暖分公司,大地科技,,成本法、市场法
997115,90%股权,天地房产,北京市大地科技实业总公司,187475000.0,
997115,10%的股权,中煤信托,北京市大地科技实业总公司,64414809.42,
997115,供暖分公司除供热管网以外的资产及负债,赤峰富龙热力股份有限公司,北京市大地科技实业总公司,,
997115,82.58%的股权,富龙燃气,北京市大地科技实业总公司,,
997115,100%的股权,自来水公司,北京市大地科技实业总公司,,
997115,100%的股权,克旗水电,北京市大地科技实业总公司,,
997115,48.89%的股权,富龙科技,北京市大地科技实业总公司,,
997115,48.77%的股权,富龙市政,北京市大地科技实业总公司,,
993107,高坝洲水电站的全部经营性资产和负债,清江开发公司,湖北清江水电开发有限责任公司,641889600.0,重置成本法
993107,与石化相关的全部经营性资产和相应的负债,中国石化武汉凤凰股份有限公司,湖北清江水电开发有限责任公司,548040500.0,重置成本法
944374,50%股权,海马汽车,海南汽车,,
944374,100%股权,上海研发,海南汽车,,
943509,与化纤生产相关的资产和负债,九江化纤股份有限公司,化纤总厂、纺织集团、海洋纺织、金源化纤,,
943509,100%的股权,铜鼓仁和,仁和集团、肖正连、杨文龙,,成本加和法
943509,100%的股权,吉安三力,仁和集团、肖正连、杨文龙,,成本加和法
943509,100%的股权,仁和药业,仁和集团、肖正连、杨文龙,,成本加和法
943509,部分商标类无形资产项目,仁和集团,仁和集团,,收益法
919467,100%股权,上峰建材,上峰控股、铜陵有色控股、浙江富润,,
919467,35.5%股份,铜陵上峰,南方水泥,,
919467,全部资产、负债(含或有负债)、业务及附着于上述资产、业务或与上述资产、业务有关的一切权利和义务,白银铜城商厦(集团)股份有限公司,白银坤阳,28985700.0,
918255,全部资产和负债,吉林制药股份有限公司,吉林金泉宝山药业集团股份有限公司,1.0,
918255,100%股权,南京钛白化工有限责任公司,江苏金浦集团有限公司(以下简称“金浦集团”)、王小江和南京台柏投资管理咨询中心(普通合伙),979574600.0,
914168,"全部资产及负债扣除17,500万元现金后的余额",楚天数字,楚天数字,,
914168,全部资产及负债,武汉塑料,楚天数字,,资产基础法
914168,与武汉塑料资产置换差额部分,楚天数字,楚天数字,,
914168,26.75%股权,武汉广电,武汉有线,,收益法
914168,26.25%股权,武汉广电,市总台,,收益法
914168,47%的股权,武汉广电,中信国安,,收益法
914168,全部资产及负债,楚天襄阳、楚天金纬,楚天金纬、楚天襄阳,,
914168,"4,032万股股份",武汉塑料,武汉经开,,
911366,100%的股权,佳电股份,佳电厂、建龙集团、钧能实业,,收益法
911366,全部资产和负债,阿继电器,佳电厂,,收益法
890386,100%的股份,中油金鸿,新能国际、益豪企业、联中实业、金石投资、平安创投、福宁投资、盛世景投资、中农丰禾、陈义和,,
890386,除未偿付的“股转债”债券余额及等额货币现金之外的全部资产及负债,吉林领先科技发展股份有限公司,领先集团,,
889614,除华锐风电科技(集团)股份有限公司和大连重工集团有限公司股权之外的装备制造业经营性资产和负债,大连重工·起重集团有限公司,大连重工·起重集团有限公司,,收益法
888298,100%的股权,北京北医医药有限公司,北大国际医院集团有限公司,,收益法、资产基础法
888288,100%的股权,北京北医医药有限公司,北大国际医院集团有限公司,,资产基础法
886770,100%股权,炼石矿业,张政、四川恒康、深圳汇世邦、深圳奥格立、咸阳能源、陕西力加、浦伟杰、楼允、王林、徐跃东,906596000.0,资产基础法
886770,以扣除现金人民币1亿元后的全部资产及负债作为置出资产,咸阳偏转股份有限公司,张政、四川恒康、深圳汇世邦、深圳奥格立、咸阳能源、陕西力加、浦伟杰、楼允、王林、徐跃东,246956700.0,资产基础法
885653,全部资产和负债,中汇医药,迈特医药、怡和集团,148000000.0,
885653,100%股权,铁岭财京,铁岭经营公司、京润蓝筹、罗德安、付驹、三助嘉禾,2578000000.0,
885528,除货币资金外的全部资产,嘉瑞新材,千禧龙,160000000.0,
885528,100%的股权,华数传媒,华数集团、千禧龙、二轻集团、东方星空、浙江发展,,成本法
884615,62.96%的股权,银都矿业,北京盛达、红烨投资、王彦峰、王伟,2859527000.0,
884615,全部构成业务的资产,威达医用科技股份有限公司,北京盛达、红烨投资、王彦峰、王伟,,
884300,全部资产和负债,阿继电器,佳电厂,,资产基础法
884300,100%的股权,佳电股份,佳电厂、建龙集团、钧能实业,,收益法
883703,70%股权,河曲电煤,鲁能集团,,
883703,60%股权,河曲发电,鲁能集团,,
883703,75%的股权,王曲发电,鲁能集团,,
883703,40%股权,眉山启明星,晋北铝业,,
863735,90%的股权,美锦焦化,美锦集团,,
863727,“露露”商标共127件专利73项其中“一种罐装饮料的杀菌方法”及“果实中植物蛋白酶钝化方法”发明专利2项实用新型及外观设计等专利71项各类域名共74个企业及商品条形码205种,露露集团,露露集团,,收益现值法
862069,49%的股权,重庆建峰化肥有限公司,中国核工业建峰化工总厂、重庆智全实业有限责任公司,549690600.0,收益法
860932,“中国计算机报”注册商标,赛迪信息产业(集团)有限公司,赛迪信息产业(集团)有限公司,102500000.0,收益现值法
860932,部分长期股权投资和部分债权等资产,北京赛迪传媒投资股份有限公司,赛迪信息产业(集团)有限公司,,
857693,45%股权及相关债权与债务,惠州明港光机电有限公司,青鸟天桥,,
857693,90%股权,广州北大青鸟商用信息系统有限公司,青鸟天桥,,
857693,94.84%股权及相关债权,深圳青鸟光电有限公司,青鸟天桥,,
857693,本公司拥有的与生产、经营光学产品相关的全部资产,麦科特光电股份有限公司,青鸟天桥,,
857693,19.23%的股权,北大高科,青鸟天桥,89836000.0,
857693,96%的股权,宜华房地产,宜华集团,431807699.99,
857693,20%的股权,华安商业信用风险管理公司,青鸟天桥,7902000.0,
856243,全部资产与负债,天津水泥股份有限公司,天保控股,,
856243,100%的股权,天保房产公司,天保控股,584236070.4,
855131,76.25%的股权,世荣实业,梁社增,1758270000.0,成本法
855019,66.239%的股权,福人林业,山田公司,,成本法
855019,"长期股权投资、应收账款(净额合计8,560.30万元)",福建省中福置业发展有限公司,山田公司,,
846052,90%股权,荣丰地产,盛世达,,
846052,整体资产,中国石化武汉石油(集团)股份有限公司,中国石化,588057600.0,收益法
839014,房地产资产,盛世达,武汉石油,,成本法、市场法
839014,整体资产,中国石化,武汉石油,,收益法
826855,召口矿区、电厂及部分土地厂房等辅助性资产及不可分割的负债,金岭铁矿,山东金岭铁矿,1224451256.6,现金流量法
824887,100%的股权,广弘食品,广弘公司,,
824887,85.78%的股权,广丰农牧,广弘公司,,
824887,100%的股权,教育书店,广弘公司,,
824886,整体资产,中国石化武汉石油(集团)股份有限公司,中国石化,588057600.0,收益法
824886,90%的股权,荣丰地产,盛世达,477475800.0,
822426,100%股权,Compagnia Italiana Forme Acciaio S.p.A.,意大利投资基金 Magenta SGR S.p.A.,,
820500,8.13%股权,重庆百年同创房地产开发有限公司,万方投资控股(集团)有限公司,19427130.93,
819885,74%股权,三花制冷集团,三花控股,,
819885,100%股权,四通机电,三花控股,,
819885,100%股权,三元机械,三花控股,,
819885,100%股权,美国三花,三花控股,,
819885,100%股权,日本三花,三花控股,,
819807,天津保税区东方大道88号,吉林领先科技发展股份有限公司,天津领先集团有限公司,,
819807,北京市密云县大桥路21号,吉林领先科技发展股份有限公司,天津领先集团有限公司,,
819807,珠海市斗门区白藤湖湖滨区1区11号,吉林领先科技发展股份有限公司,天津领先集团有限公司,,
816680,55%股权,海信(北京)电器有限公司,青岛海信空调有限公司,,收益法
816680,100%股权,海信(山东)空调有限公司,青岛海信空调有限公司,,收益法
816680,51%股权,海信(浙江)空调有限公司,青岛海信空调有限公司,,收益法
816680,海信营销白电资产,青岛海信空调有限公司,青岛海信空调有限公司,,成本法
816003,飞行区资产、航站楼停车场及站前交通设施、深圳市机场物流园发展有限公司30%的股权、相关土地使用权,机场集团,机场集团,436201700.0,成本法
814930,100%股权,长航液控,南方宇航科技股份有限公司,,资产基础法
814930,发动机控制系统相关经营性资产和负债,西控公司,南方宇航科技股份有限公司,,资产基础法
814930,92%股权,西安西普,南方宇航科技股份有限公司,,资产基础法
814930,77.88%股权,西安凯迪,南方宇航科技股份有限公司,,资产基础法
814930,全部资产负债,南方宇航科技股份有限公司,中国航空工业集团公司,,资产基础法
814930,100%股权,贵州红林,贵州盖克航空机电有限责任公司,,资产基础法
814368,39.23%股权,郑州煤炭工业(集团)杨河煤业有限公司,凯迪控股,708794800.0,
813748,100%股权,福州汇友房地产开发有限公司,阳光集团,1070460000.0,
813748,49.00%股权,福建阳光房地产开发有限公司,阳光集团,,
813748,59.70%股权,福州开发区华康实业有限公司,康田实业,,
813748,100%股权,福州康嘉房地产开发有限公司,康田实业,,
812953,煤炭业务相关的经营性资产和负债,峰峰集团、邯矿集团、张矿集团,峰峰集团、邯矿集团、张矿集团,,收益现值法、成本加和法
812080,100%股权,南京生化,南一农集团,,收益法
812080,100%股权,安徽生化,南一农集团,,收益法
812080,100%的股权,红太阳国际贸易,南一农集团,,收益法
812080,南一农集团母公司农药类相关经营性资产,南一农集团,南一农集团,,收益法
811047,100%股权,天津滨海开元房地产开发有限公司,天保控股,2076989600.0,成本法
810264,100%股权,广弘食品,广弘公司,,资产基础法
810264,85.78%股权,广丰农牧,广弘公司,,资产基础法
810264,100%股权,教育书店,广弘公司,,资产基础法
809515,100%股权,株硬公司,有色股份,,
809515,80%股权,自硬公司,有色股份,,
809515,45.89%股权,株洲钻石,湖南湘投、株洲国投、株洲高科、千金药业、有色投资,,
808425,相关资产,攀钢集团、攀钢有限、攀成钢、攀长钢,攀钢集团、攀钢有限、攀成钢、攀长钢,,收益法
808425,股份,攀渝钛业、长城股份,攀渝钛业、长城股份,,收益法
782738,100%股份,数字天域,何志涛、陈理、郭静波、李一男、陈书智、王海燕、携手世邦、东方富海二号、华慧创投、苏州方广、E.T.XUN,2128837600.0,收益法
782738,全部资产与负债,新世纪,何志涛、陈理、郭静波、李一男、陈书智、王海燕、携手世邦、东方富海二号、华慧创投、苏州方广、 E.T.XUN,389728400.0,资产基础法
756777,全部资产及负债,长百集团,中泰博天,,
756777,100%股份,中天能源,中泰博天、上海领汇、嘉兴力欧、中科招盈、北京盈时、上海德洋、天津盛世、湖北盛世、广发信德、上海辰祥、上海杉富、东方富海、杭州金灿、奇力资本、瑞盛能源、中能控股,,收益法
750690,100%股权,上海景峰制药股份有限公司,叶湘武、刘华、简卫光、李彤、张慧、叶高静、罗斌、罗丽、王永红、倪晓、叶湘伦、张亮、陈杰、欧阳艳丽、刘莉敏、罗衍涛、丛树芬、葛红、马贤鹏、付爱玲、杨天志、张亚君、车正英、维梧百通、维梧睿璟、维梧鸿康、,3501859945.22,
696406,10%股权,深圳百事,百事(中国)投资有限公司,95000000.0,
689394,100%股权,海城市镁兴贸易有限公司,海城市镁和贸易有限公司,,收益法
689394,60%股权,银基发展(上海)投资控股有限公司,海城市镁和贸易有限公司,484339300.0,资产基础法
689394,100%股权,海城三岩镁金科技有限公司,海城市镁和贸易有限公司,,
687300,35%的股权,华映光电,华映百慕大、华映纳闽、福州视讯、顺明电子、允有电子、志品技术、志品技术,700000000.0,资产基础法
676480,100%的股权,武汉电信器件有限公司,烽火科技,,
676150,80.36%股权,北京中科通用能源环保有限责任公司,赣州湧金、上海博融、第一创业、重庆圆基、蓝金立方、彭胜文、李建光、褚晓明、杨坚、朱育梁、姜鸿安、曹俊斌、周彤、张农、杨丽琴、张益、张宏文、盛来喜、沈文琦、陈建国、付世文、郑凤才、王福核、翟华、戴立虹、,530400000.0,收益法
641885,45%股权,中国电子器件工业有限公司,彩虹集团,315000000.0,资产基础法
638196,全部股权,上海宝明,向敏、钱海华、钱海英,258900000.0,收益法
632823,53.33%的股权,利新源,中铁武汉置业,,
630830,100%股权,陕西省鸿业房地产开发公司,陕西省高速公路建设集团公司,38500000.0,成本法
619741,"219,159,999股股份",伟仕控股,Potent Growth,,
597624,100%的股权,天津滨海开元房地产开发有限公司,天津天保控股有限公司,,
597326,55%股权,南阳鸭河口发电有限责任公司,投资集团,,资产基础法
597326,100%股权,南阳天益发电有限责任公司,投资集团,,资产基础法
597326,#5、#6机组和其他资产、相关负债,豫能控股,投资集团,,资产基础法
596316,70%的股权,圣君科技,鑫茂集团,,
596316,100%股权,天津市贝特维奥科技发展有限公司,鑫茂集团,,
596316,30.02%股权,天津市鑫茂科技园有限公司,鑫茂集团,,
596043,62.02%的股权,省同力,河南投资集团,,市场法
596043,60%的股权,豫鹤同力,河南投资集团,,市场法
596043,67.26%的股权,平原同力,河南投资集团,,市场法
596043,73.15%的股权,黄河同力,河南投资集团,,市场法
596043,37.80%的股权,省同力,鹤壁经投,126123328.8,市场法
596043,0.18%的股权,省同力,中国建材集团,600587.28,市场法
596043,15.93%的股权,平原同力,新乡经投,41738654.97,市场法
596043,11.21%的股权,平原同力,凤泉建投,29371646.09,市场法
596043,5.6%的股权,平原同力,新乡水泥厂,14672722.4,市场法
590848,34.5%股权,重庆鲁能,鲁能集团,,
590848,65%股权,宜宾鲁能,鲁能集团,,
590848,100%股权,海南鲁能广大,鲁能集团,,
590848,100%股权,海南三亚湾,鲁能集团,,
590848,100%股权,海南英大,鲁能集团,,
590848,50%股权,海南盈滨岛,鲁能集团,,
590848,100%股权,鲁能亘富,鲁能集团,,
589644,60%股权,深圳市广前电力有限公司,粤电集团,,资产基础法
589644,35%股权,广东惠州天然气发电有限公司,粤电集团,,资产基础法
589644,40%股权,广东粤电石碑山风能开发有限公司,粤电集团,,资产基础法
589644,90%股权,广东粤电云浮发电厂有限公司,粤电集团,,资产基础法
589644,45%股权,广东惠州平海发电厂有限公司,粤电集团,,资产基础法
589644,90%股权,广东粤电云河发电有限公司,粤电集团,,资产基础法
589644,20%股权,广东国华粤电台山发电有限公司,粤电集团,,资产基础法
582219,100%股份,中天能源,中泰博天、上海领汇、嘉兴力欧、中科招盈、北京盈时、上海德洋、天津盛世、湖北盛世、广发信德、上海辰祥、上海杉富、东方富海、杭州金灿、奇力资本、瑞盛能源、中能控股,259248346.0,收益法
582219,全部资产和负债,长百集团,中泰博天、中能控股、上海杉富、东方富海、上海领汇、天津盛世、杭州金灿、嘉兴力欧、广发信德、中科招盈、北京盈时、湖北盛世、上海辰祥、上海德洋、奇力资本、瑞盛能源,,资产基础法
555397,西安4宗地、衡阳5宗地、武汉1宗地、洛阳4宗地、平顶山2宗地的国有出让土地使用权,中储总公司,中储总公司,898114100.0,成本发、市场法、收益法
552869,"扣除27,159.44万元相关银行负债后的全部资产和负债",海南兴业聚酯股份有限公司,广晟有色,287834700.0,
552869,14家公司的权益性资产,广东富远、平远华企、新诚基、龙南和利、棉土窝、广东瑶岭、石人彰、梅子窝、翁源红岭、进出口公司、新丰开发、新丰高新、河源矿业、河源高新,广晟有色,483419600.0,成本法
550983,100%股权,物产元通,物产集团,1302591800.0,成本加和法、收益现值法
547982,彩色显像管业务相关的经营性资产,彩管一厂,彩虹电子,,重置成本法
547982,经营性资产,玻璃工厂,彩虹电子,,重置成本法
547982,55%的股权,彩虹资讯,彩虹电子,94937700.0,成本加和法
547982,49%的股权,彩虹数码,彩虹电子,,
547982,41.67%的股权,新纪元俱乐部,彩虹电子,,
539776,100%股权,滨海水业,入港处、经管办、渤海发展基金,,成本法
539776,全部资产和负债,四环药业,入港处,,成本法
538684,70%股权,新疆天然,农六师国资,199029310.46,单项资产加总法
538640,大通商贸广场一期、二期、640车间和蓟县山水郡的资产,大通建设,大通建设,431091517.0,收益法、成本法
538640,82%的股权,天津地铁捷通,大通建设,5700000.0,收益法、成本法
534506,100%的股权,鞍山公司,沿海投资,111292600.0,
534506,90%股权,红狮公司,尔泰公司,144000000.0,
533206,抗感止咳类西药 OTC业务,启东盖天力,拜耳医药,,
527940,95%的股权,湖南首创公司,弘富实业有限公司,128409695.0,成本法
527940,股权,四川速通公司、四川诺尔公司、四川联电公司,北京金桥公司,42628394.49,成本法
521842,74.0488%的股权,银晨网讯科技有限公司,国之杰,,
521842,资产及负债,安信信托,国之杰,328917335.97,
502692,全部资产及负债(包括或有负债),山东华阳科技股份有限公司,宏达矿业,,资产基础法
502692,本部拥有的经营性资产及相关负债,宏达矿业,宏达矿业,,资产基础法
502692,100%股权,东平宏达,宏达矿业、孙志良、金天地集团、张中华,,
502692,100%股权,万宝矿业,宏达矿业、华潍膨润土,,资产基础法
502692,30%股权,金鼎矿业,宏达矿业,,资产基础法
502591,本部教材中心相关业务资产,长江出版传媒集团,长江出版传媒集团,,成本法
502591,100%股权,湖北人民出版社有限公司,长江出版传媒集团,,成本法
502591,100%股权,长江文艺出版社有限公司,长江出版传媒集团,,成本法
502591,100%股权,湖北教育出版社有限公司,长江出版传媒集团,,成本法
502591,100%股权,湖北少年儿童出版社有限公司,长江出版传媒集团,,成本法
502591,100%股权,湖北科学技术出版社有限公司,长江出版传媒集团,,成本法
502591,100%股权,湖北美术出版社有限公司,长江出版传媒集团,,成本法
502591,100%股权,崇文书局有限公司,长江出版传媒集团,,成本法
502591,100%股权,湖北九通电子音像出版社有限公司,长江出版传媒集团,,成本法
502591,100%股权,湖北大家报刊传媒有限责任公司,长江出版传媒集团,,成本法
502591,100%股权,湖北教育报刊传媒有限公司,长江出版传媒集团,,成本法
502591,100%股权,湖北长江出版传媒集团数字出版有限公司,长江出版传媒集团,,成本法
502591,100%股权,湖北省新华书店(集团)有限公司,长江出版传媒集团,,成本法
502591,100%股权,湖北天一国际文化有限公司,长江出版传媒集团,,成本法
502591,100%股权,湖北新华印务有限公司,长江出版传媒集团,,成本法
502591,100%股权,湖北长江出版印刷物资有限公司,长江出版传媒集团,,成本法
495827,100%股权,中进汽贸,国机集团、天津渤海,,
495827,全部资产和负债,鼎盛天工,国机集团、天津渤海,,
490255,80%的股权,力诺光热,力诺集团,,收益法、重置成本法
490255,20%的股权,力诺光热,力诺新材料,,收益法、重置成本法
490255,54.35%的股权,双虎汽涂,力诺集团,,
490255,33%的股权,双虎建涂,力诺集团,,
490255,12.84%的股权,化学集团,力诺集团,,
490255,涂料资产生产运作所需的房产,化学集团,力诺集团,,
487734,100%的股权,鞍山公司,沿海投资,,
487734,100%股权,红狮公司,丰华股份,160000000.0,
487734,上海市浦东新区东方路3601号房产,丰华股份,尔泰公司,115000000.0,收益法
487734,"61,080,154.30元债务",冠生园(集团)有限公司,尔泰公司,,
487489,全部资产(短期投资除外)和负债,无锡庆丰股份有限公司,新宇之星、万好万家,,成本法
487489,99%股权,万家地产,无锡庆丰股份有限公司,,成本法、市场法、收益法
487489,100%股权,新宇之星,无锡庆丰股份有限公司,,收益法
479223,100%股权,分时传媒,何吉伦、朱贤洲、周昌文、高存平、张海涛、黄允炜、樊丽菲、曾家驹、何晓波、王琦、成都斯为美,,
465415,52.24%的股权,晋西车辆,晋西集团,,
447372,100%股权,滨海水业,入港处、经管办、渤海发展基金,,
447372,全部资产和负债,四环药业股份有限公司,入港处,,
421779,100%股权,成都华融化工有限公司,新希望化工、刘畅、李巍,,重置成本法
421779,100%股权,甘肃新川化工有限公司,新希望化工、李巍、刘畅、添惠投资、茂源实业、、王守勤,,重置成本法
420214,6.44%的股权,天达光伏,西光集团,,
420214,40.27%股权,天达光伏,红塔创投、云南工投,,
420214,防务性资产和负债,西光集团,西光集团,,
417595,100%股权,煤矿,,,
417595,100%股权,耿村煤矿,,,
417595,100%股权,石壕煤矿,,,
417595,100%股权,孟津公司,,,
417595,51%股权,李沟矿业,,,
417595,50.5%股权,义安矿业,,,
417595,49%股权,义络煤业,,,
417595,62.5%股权,供水供暖公司,,,
413696,全部资产、负债,东新电碳股份有限公司,自贡国投,,
413696,90.91%股权,西安东花园,紫薇地产,,
413696,3.36%股权,重庆国际实业投资股份有限公司,紫薇地产,,
413696,100%股权,湘晖置业,湘晖股份、华鸿财信、瑞庆科技、正阳富时,,
413696,100%股权,新西部,紫薇地产,,
413696,100%股权,龙腾地产,紫薇地产,,
413696,100%股权,陕西格瑞达,紫薇地产,,
413696,100%股权,紫薇投资,紫薇地产,,
413138,100%股权,商业房地产公司,鲁商集团、鲁商有限、世贸中心、东方航华、通利商业,,
413138,100%股权,银座地产,鲁商集团、鲁商有限、世贸中心、东方航华、通利商业,,
413138,100%股权,银座合智,鲁商集团、鲁商有限、世贸中心、东方航华、通利商业,,
413138,100%股权,鲁商置业,鲁商集团、鲁商有限、世贸中心、东方航华、通利商业,,
413138,87%股权,泰安银座,鲁商集团、鲁商有限、世贸中心、东方航华、通利商业,,
413138,85%股权,东营银座,鲁商集团、鲁商有限、世贸中心、东方航华、通利商业,,
412537,十宗土地及七家农场的农业类相关资产(含负债),甘肃农垦,甘肃农垦,1156580600.0,
411945,30%股权,杭州百大,绿城集团,241250000.0,资产基础法
404456,41.92%股权,上海二纺机,市北集团,,
399720,100%股权,创维数字,创维 RGB、领优投资、施驰、叶晓彬、李普、蔡城秋、张知、常宝成、薛亮、王晓晖、赫旋、张继涛、马建斌、游捷、宋勇立、贺成敏、刘兴虎、方旭阳、乔木、赵健章、杨新茹、孙刚、罗震华、王立军、甘伟才、魏伟峰、,3500470000.0,收益法
399720,72%股权,烟台锦纶,华润纺织,386880000.0,收益法
399720,全部资产和负债,华润锦华,创维 RGB、领优投资、施驰、叶晓彬、李普、蔡城秋、张知、常宝成、薛亮、王晓晖、赫旋、张继涛、马建斌、游捷、宋勇立、贺成敏、刘兴虎、方旭阳、乔木、赵健章、杨新茹、孙刚、罗震华、王立军、甘伟才、魏伟峰、,529000000.0,收益法
395770,钢铁生产相关的资产及配套公辅设施,重庆钢铁(集团)有限责任公司,重庆钢铁(集团)有限责任公司,16936952700.0,成本法
395329,房屋建筑物及附属设备,中国第一汽车集团公司,中国第一汽车集团公司,,成本法
395036,土城矿、月亮田矿、山树脚矿和金佳矿等四项采矿权、国债基金和煤炭价格调节补助基金形成的安全生产辅助性资产及54项土地使用权,盘江集团,盘江集团,,资产基础法
395036,机电分公司、供应分公司、运销处、机关财务、财务处本部、安全技术培训中心和宣传部等下属职能部门的相关资产,盘江煤电,盘江煤电,,资产基础法
395036,全部经营性资产,金佳矿(含洗煤厂),新井公司,796572500.0,资产基础法
393055,100%股权,亿晶光电,荀建华、荀建平、姚志中、建银光电、博华投资,,
392835,71.23%股权,锦江之星,上海锦江国际酒店(集团)股份有限公司、上海锦江饭店有限公司,,收益现值法
392835,80%股权,旅馆投资,,,资产基础法
392835,99%股权,达华宾馆,,,资产基础法
392835,1%股权,达华宾馆,,,资产基础法
392835,99%股权,酒店管理,,,收益现值法
392835,66.67%股权,海仑宾馆,,,资产基础法
392835,65%股权,建国宾馆,,,资产基础法
392835,50%股权,锦江汤臣,,,资产基础法
392835,50%股权,武汉锦江,,,资产基础法
392835,50%股权,锦江德尔,,,资产基础法
392835,40%股权,扬子江,,,资产基础法
392835,15%股权,温州王朝,,,资产基础法
392623,100%股权,上海远洋渔业,上海远洋渔业,1248392400.0,
392623,全部资产及负债,华立科技,上海远洋渔业,156427800.0,
391820,任楼煤矿、祁东煤矿、钱营孜煤矿及煤炭生产辅助单位(供应分公司、销售公司、机械总厂、铁路运输分公司等)的相关资产和负债,皖北煤电集团,皖北煤电集团,3067486500.0,成本法
376971,房产,辽宁时代大厦有限公司,辽宁时代大厦有限公司,104476500.0,市场法
376971,100%股权及对该公司的应收账款,熊岳制衣,大厦公司,,成本法
376971,51%股权及对该公司的应收账款,时代制衣,大厦公司,,成本法
376118,100%股权,福尔达,福尔达投资、龚福根、龚斌、海达蓝源、国发智富、中金国联、赛业投资、陈斌、大和化成,1127692500.0,
376118,49%股权,秦皇岛威卡威,秦皇岛方华,184057500.0,
367212,100%股权,商业房地产公司,鲁商集团、银座投资、世贸中心、东方航华、通利商业,,成本法
367212,100%股权,银座地产,鲁商集团、银座投资、世贸中心、东方航华、通利商业,,成本法
367212,100%股权,银座合智,鲁商集团、银座投资、世贸中心、东方航华、通利商业,,成本法
367212,100%股权,鲁商置业,鲁商集团、银座投资、世贸中心、东方航华、通利商业,,成本法
367212,87%股权,泰安银座,鲁商集团、银座投资、世贸中心、东方航华、通利商业,,成本法
367212,85%股权,东营银座,鲁商集团、银座投资、世贸中心、东方航华、通利商业,,成本法
367212,全部资产及负债,万杰高科,鲁商集团、银座投资、世贸中心、东方航华、通利商业,508984000.0,成本法
366385,60%股权,鑫盛矿业,云南信力,30400000.0,成本法
366385,应收账款和其他应收款,雄震技术,云南信力,30400000.0,
364910,100%股权,保国铁矿,凌钢集团,,
364470,94.87%股权,大华种业,江苏农垦,93907100.0,资产基础法
364408,99.53%股权,辽宁时代物业发展有限公司,大厦公司,107469000.0,
364408,100%股权及对该公司的应收账款,熊岳制衣,大厦公司,,成本法
364408,51%股权及对该公司的应收账款,时代制衣,大厦公司,,成本法
360168,100.00%股权,奥瑞德,左洪波,4143464900.0,资产基础法、收益法
359676,100%股权,北京弘高建筑装饰工程设计有限公司,李晓蕊、北京龙天陆房地产开发有限公司、北京弘高中太投资有限公司、北京弘高慧目投资有限公司,2820000000.0,收益法
359676,"除6,000万元现金外的全部资产和全部负债",东光微电,北京弘高慧目投资有限公司、北京弘高中太投资有限公司、北京龙天陆房地产开发有限公司、李晓蕊,636400000.0,资产基础法
356827,100%股权,石油工程公司,石化集团,24075495200.0,资产基础法
356827,全部资产与负债,仪征化纤,中国石化,6491426100.0,资产基础法
355273,99%股权,中钢设备,中钢股份,3480573900.0,收益法
355273,全部资产和负债,中钢吉炭,中钢股份,1494402900.0,资产基础法
350188,96.67%股权,珠海艾派克微电子有限公司,珠海赛纳打印科技股份有限公司,2753732238.0,
337940,100%股权,阿姆斯,邓祖科、薛桂芝、李铭、孙希兴、仇志华、关长功、陈敏余、张良池、贡治华、杨超望、张国文、陈小琳、王建宇、刘瑞林、史桂萍、罗永江、王小伟、吴长春、王育胜、韩志文、万绪波、刘淑贤、郭永辉、艾普乐、杨绳瑶、仇纪军、白丽、陈丰、于冬梅、李伏明、杨春华、丁兰、朱青春、荆明、刘旭方、郭磊、徐磊、曲天育、李碧晴、殷海宁、周运南、燕航创投、齐鲁证券、招商证券、宏顺赢咨询,142600000.0,收益法
333683,100%股权,华东设计院,现代集团,,收益法
329729,100%股权,煤炭贸易公司,吉化集团,300000.0,
320263,100%股权,游久时代,刘亮、代琳、大连卓皓,1180000000.0,
319654,100%股权,世纪长龙影视股份有限公司,陈瀚海、武汉中科农发创业投资有限公司、无锡中科惠金创业投资企业(有限合伙)、常德中科芙蓉创业投资有限责任公司、厦门拉风股权投资管理合伙企业(有限合伙)、上海锦麟投资中心(有限合伙)、陈亮,,
317611,100%股权,福尔达,福尔达投资、龚福根、龚斌、海达蓝源、国发智富、中金国联、赛业投资、陈斌、大和化成,1127692500.0,
317611,49%股权,秦皇岛威卡威,秦皇岛方华,184057500.0,
315160,55%股权,方正达,方笑求、蓝顺明,191664000.0,收益法
313010,100%股权,海亮环材,海亮集团、正茂创投,660000000.0,
310395,100%股权,临澧县凯迪绿色能源开发有限公司,阳光凯迪,,资产基础法
310395,100%股权,宿迁市凯迪绿色能源开发有限公司,阳光凯迪,,资产基础法
310395,100%股权,监利县凯迪绿色能源开发有限公司,阳光凯迪、华融资产,,资产基础法
310395,100%股权,鄱阳县凯迪绿色能源开发有限公司,阳光凯迪、华融资产,,资产基础法
310395,100%股权,蕲春县凯迪绿色能源开发有限公司,阳光凯迪、华融资产,,资产基础法
310395,100%股权,益阳市凯迪绿色能源开发有限公司,阳光凯迪、华融资产,,资产基础法
310395,100%股权,岳阳市凯迪绿色能源开发有限公司,阳光凯迪、华融资产,,资产基础法
310395,100%股权,京山县凯迪绿色能源开发有限公司,阳光凯迪、华融资产,,资产基础法
310395,100%股权,吉安市凯迪绿色能源开发有限公司,阳光凯迪,,资产基础法
310395,100%股权,望江县凯迪绿色能源开发有限公司,阳光凯迪,,资产基础法
310395,100%股权,万载县凯迪绿色能源开发有限公司,阳光凯迪、华融资产,,资产基础法
310395,100%股权,桐城市凯迪绿色能源开发有限公司,阳光凯迪、华融资产,,资产基础法
310395,100%股权,五河县凯迪绿色能源开发有限公司,阳光凯迪、华融资产,,资产基础法
310395,100%股权,天水市凯迪阳光生物质能源开发有限公司,阳光凯迪,,资产基础法
310395,100%股权,永新县凯迪绿色能源开发有限公司,阳光凯迪、华融资产,,资产基础法
310395,100%股权,双峰县凯迪绿色能源开发有限,阳光凯迪,,资产基础法
310395,100%股权,蛟河凯迪绿色能源开发有限公司,阳光凯迪,,资产基础法
310395,100%股权,汪清凯迪绿色能源开发有限公司,阳光凯迪,,资产基础法
310395,100%股权,桦甸凯迪绿色能源开发有限公司,阳光凯迪,,资产基础法
310395,100%股权,勉县凯迪绿色能源开发有限公司,阳光凯迪、宁波博睿,,资产基础法
310395,100%股权,从江凯迪绿色能源开发有限公司,阳光凯迪,,资产基础法
310395,100%股权,祁阳县凯迪绿色能源开发有限公司,阳光凯迪,,资产基础法
310395,100%股权,德安县凯迪绿色能源开发有限公司,阳光凯迪、华融资产、华融渝富,,资产基础法
310395,100%股权,平乡凯盈绿色能源开发有限公司,阳光凯迪,,资产基础法
310395,100%股权,永顺凯迪绿色能源开发有限公司,阳光凯迪,,资产基础法
310395,100%股权,宣城中盈绿色能源开发有限公司,阳光凯迪、华融资产,,资产基础法
310395,100%股权,嫩江凯迪绿色能源开发有限公司,阳光凯迪、华融资产,,资产基础法
310395,100%股权,桂阳县凯迪绿色能源开发有限公司,阳光凯迪,,资产基础法
310395,100%股权,敦化凯迪绿色能源开发有限公司,阳光凯迪、华融资产,,资产基础法
310395,100%股权,广元凯迪绿色能源开发有限公司,阳光凯迪,,资产基础法
310395,100%股权,紫云凯迪绿色能源开发有限公司,阳光凯迪,,资产基础法
310395,100%股权,凤冈凯迪绿色能源开发有限公司,阳光凯迪,,资产基础法
310395,100%股权,汉寿凯迪绿色能源开发有限公司,阳光凯迪,,资产基础法
310395,100%股权,黄平凯迪生物质发电有限公司,阳光凯迪,,资产基础法
310395,100%股权,绥宁凯迪绿色能源开发有限公司,阳光凯迪,,资产基础法
310395,100%股权,三都凯迪绿色能源开发有限公司,阳光凯迪,,资产基础法
310395,100%股权,乐安县凯迪绿色能源开发有限公司,阳光凯迪,,资产基础法
310395,100%股权,南县凯迪绿色能源开发有限公司,阳光凯迪,,资产基础法
310395,100%股权,德江凯迪绿色能源开发有限公司,阳光凯迪,,资产基础法
310395,100%股权,陇县凯迪绿色能源开发有限公司,阳光凯迪,,资产基础法
310395,100%股权,桐梓凯迪绿色能源开发有限公司,阳光凯迪,,资产基础法
310395,100%股权,竹溪凯迪绿色能源开发有限公司,阳光凯迪,,资产基础法
310395,100%股权,兴安凯迪绿色能源开发有限公司,阳光凯迪,,资产基础法
310395,100%股权,民勤凯迪绿色能源开发有限公司,阳光凯迪,,资产基础法
310395,100%股权,彭水县凯迪绿色能源开发有限公司,阳光凯迪,,资产基础法
310395,100%股权,天门市凯迪绿色能源开发有限公司,阳光凯迪,,资产基础法
310395,100%股权,安远县凯迪绿色能源开发有限公司,阳光凯迪,,资产基础法
310395,100%股权,承德凯盈绿色能源开发有限公司,阳光凯迪,,资产基础法
310395,100%股权,赤城凯盈绿色能源开发有限公司,阳光凯迪,,资产基础法
310395,100%股权,慈利凯迪绿色能源开发有限公司,阳光凯迪,,资产基础法
310395,100%股权,大姚凯迪绿色能源开发有限公司,阳光凯迪,,资产基础法
310395,100%股权,丹江口市凯迪绿色能源开发有限公司,阳光凯迪,,资产基础法
310395,100%股权,道真凯迪绿色能源开发有限公司,阳光凯迪,,资产基础法
310395,100%股权,独山凯迪绿色能源开发有限公司,阳光凯迪,,资产基础法
310395,100%股权,茂名市凯迪绿色能源开发有限公司,阳光凯迪,,资产基础法
310395,100%股权,沐川县凯迪绿色能源开发有限公司,阳光凯迪,,资产基础法
310395,100%股权,全椒县凯迪绿色能源开发有限公司,阳光凯迪,,资产基础法
310395,100%股权,桑植凯迪绿色能源开发有限公司,阳光凯迪,,资产基础法
310395,100%股权,上饶凯迪绿色能源开发有限公司,阳光凯迪,,资产基础法
310395,100%股权,石城县凯迪绿色能源开发有限公司,阳光凯迪,,资产基础法
310395,100%股权,桃源凯迪绿色能源开发有限公司,阳光凯迪,,资产基础法
310395,100%股权,通江凯迪绿色能源开发有限公司,阳光凯迪,,资产基础法
310395,100%股权,瓮安凯迪绿色能源开发有限公司,阳光凯迪,,资产基础法
310395,100%股权,武冈凯迪绿色能源开发有限公司,阳光凯迪,,资产基础法
310395,100%股权,黄龙凯迪绿色能源开发有限公司,阳光凯迪,,资产基础法
310395,100%股权,新晃凯迪绿色能源开发有限公司,阳光凯迪,,资产基础法
310395,100%股权,秀山凯迪绿色能源开发有限公司,阳光凯迪,,资产基础法
310395,100%股权,印江凯迪绿色能源开发有限公司,阳光凯迪,,资产基础法
310395,100%股权,永丰凯迪绿色能源开发有限公司,阳光凯迪,,资产基础法
310395,100%股权,长顺凯迪绿色能源开发有限公司,阳光凯迪,,资产基础法
310395,100%股权,方正凯迪绿色能源开发有限公司,阳光凯迪,,资产基础法
310395,100%股权,黄平凯迪绿色能源开发有限公司,阳光凯迪,,资产基础法
310395,100%股权,广德凯迪绿色能源开发有公司,阳光凯迪,,资产基础法
310395,100%股权,叶集凯迪绿色能源开发有限公司,阳光凯迪,,资产基础法
310395,100%股权,依兰阳光凯迪生物质发电有限公司,阳光凯迪,,资产基础法
310395,100%股权,正安阳光凯迪生物质发电有限公司,阳光凯迪,,资产基础法
310395,100%股权,宣城阳光凯迪生物质发电有限公司,阳光凯迪,,资产基础法
310395,100%股权,丹江口阳光凯迪生物质发电有限公司,阳光凯迪,,资产基础法
310395,100%股权,武宣阳光凯迪生物质发电有限公司,阳光凯迪,,资产基础法
310395,100%股权,开阳阳光凯迪生物质发电有限公司,阳光凯迪,,资产基础法
310395,100%股权,陵水阳光凯迪生物质发电有限公司,阳光凯迪,,资产基础法
310395,100%股权,陇县阳光凯迪生物质发电有限公司,阳光凯迪,,资产基础法
310395,100%股权,勉县阳光凯迪生物质发电有限公司,阳光凯迪,,资产基础法
310395,100%股权,石门阳光凯迪生物质发电有限公司,阳光凯迪,,资产基础法
310395,100%股权,道县凯迪绿色能源开发有限公司,阳光凯迪,,资产基础法
310395,100%股权,衡阳县凯迪绿色能源开发有限公司,阳光凯迪,,资产基础法
310395,100%股权,临湘市凯迪绿色能源开发有限公司,阳光凯迪,,资产基础法
310395,100%股权,武汉凯迪绿色能源开发运营有限公司,阳光凯迪,,资产基础法
310395,100%股权,平陆凯迪新能源开发有限公司,中盈长江,,资产基础法
310395,100%股权,盐池县凯迪中盈新能源开发有限公司,中盈长江,,资产基础法
310395,100%股权,阜新市凯迪新能源开发有限公司,中盈长江,,资产基础法
310395,100%股权,平江县凯迪绿色能源开发有限公司,中盈长江,,资产基础法
310395,100%股权,望江凯迪新能源开发有限公司,宁波博睿、中盈长江,,资产基础法
310395,87.5%的股权,四川凯迪水电开发投资有限公司,四川中海水电开发有限公司、中盈长江,,资产基础法
310395,100%股权,金平凯迪水电开发有限公司,中盈长江,,资产基础法
310395,100%股权,沧源凯迪水电开发投资有限公司,中盈长江,,资产基础法
310395,100%股权,凯迪阳光生物能源投资有限公司,崔青松、中盈长江、华融渝富、武汉金湖、百瑞普提金、杨翠萍、北京金富隆、深圳天长、李春兰、李伟龙、赵玉霞、李永成、崔青松,,资产基础法
310395,100%股权,来凤县凯迪阳光生物能源开发有限公司,中盈长江,,资产基础法
310395,100%股权,谷城县凯迪阳光生物能源开发有限公司,中盈长江,,资产基础法
310395,100%股权,永顺凯迪阳光生物能源开发有限公司,中盈长江,,资产基础法
310395,100%股权,紫云凯迪阳光生物能源开发有限公司,中盈长江、阳光公司,,资产基础法
310395,100%股权,通江凯迪阳光生物能源开发有限公司,中盈长江、阳光公司,,资产基础法
310395,100%股权,天水凯迪绿色能源开发有限公司,中盈长江、阳光公司,,资产基础法
310395,100%股权,竹山凯迪阳光生物能源开发有限公司,中盈长江、阳光公司,,资产基础法
310395,100%股权,从江凯迪阳光生物能源开发有限公司,中盈长江、阳光公司,,资产基础法
310395,100%股权,金寨凯迪阳光生物能源开发有限公司,中盈长江、阳光公司,,资产基础法
310395,100%股权,霍山凯迪阳光生物能源开发有限公司,中盈长江、阳光公司,,资产基础法
310395,100%股权,大姚凯迪阳光生物能源开发有限公司,中盈长江、阳光公司,,资产基础法
310395,100%股权,徽县凯迪阳光生物能源开发有限公司,中盈长江、阳光公司,,资产基础法
310395,100%股权,嫩江阳光生物能源开发有限公司,中盈长江、阳光公司,,资产基础法
310395,100%股权,沧源凯迪绿色能源开发有限公司,阳光凯迪,,资产基础法
310395,100%股权,定南县凯迪绿色能源开发有限公司,阳光凯迪,,资产基础法
310395,100%股权,东源县凯迪绿色能源开发有限公司,阳光凯迪,,资产基础法
310395,100%股权,东至凯迪绿色能源开发有限公司,阳光凯迪,,资产基础法
310395,100%股权,富宁县凯迪绿色能源开发有限公司,阳光凯迪,,资产基础法
310395,100%股权,桂平市凯迪绿色能源开发有限公司,阳光凯迪,,资产基础法
310395,100%股权,黄梅县凯迪绿色能源开发有限公司,阳光凯迪,,资产基础法
310395,100%股权,会理县凯迪绿色能源开发有限公司,阳光凯迪,,资产基础法
310395,100%股权,金平县凯迪绿色能源开发有限公司,阳光凯迪,,资产基础法
310395,100%股权,金溪县凯迪绿色能源开发有限公司,阳光凯迪,,资产基础法
310395,100%股权,进贤县凯迪绿色能源开发有限公司,阳光凯迪,,资产基础法
310395,100%股权,荆州市凯迪绿色能源开发有限公司,阳光凯迪,,资产基础法
310395,100%股权,澜沧凯迪绿色能源开发有限公司,阳光凯迪,,资产基础法
310395,100%股权,乐山市凯迪绿色能源开发有限公司,阳光凯迪,,资产基础法
310395,100%股权,黎川凯迪绿色能源开发有限公司,阳光凯迪,,资产基础法
310395,100%股权,灵川县凯迪绿色能源开发有限公司,阳光凯迪,,资产基础法
310395,100%股权,汨罗市凯迪绿色能源开发有限公司,阳光凯迪,,资产基础法
310395,100%股权,宁都县凯迪绿色能源开发有限公司,阳光凯迪,,资产基础法
310395,100%股权,宁化凯迪绿色能源开发有限公司,阳光凯迪,,资产基础法
310395,100%股权,萍乡市凯迪绿色能源开发有限公司,阳光凯迪,,资产基础法
310395,100%股权,潜山凯迪绿色能源开发有限公司,阳光凯迪,,资产基础法
310395,100%股权,清水凯迪绿色能源开发有限公司,阳光凯迪,,资产基础法
310395,100%股权,瑞金凯迪绿色能源开发有限公司,阳光凯迪,,资产基础法
310395,100%股权,三明凯迪绿色能源开发有限公司,阳光凯迪,,资产基础法
310395,100%股权,石屏凯迪绿色能源开发有限公司,阳光凯迪,,资产基础法
310395,100%股权,随州市凯迪绿色能源开发有限公司,阳光凯迪,,资产基础法
310395,100%股权,孙吴凯迪绿色能源开发有限公司,阳光凯迪,,资产基础法
310395,100%股权,万源市凯迪绿色能源开发有限公司,阳光凯迪,,资产基础法
310395,100%股权,兴国县凯迪绿色能源开发有限公司,阳光凯迪,,资产基础法
310395,100%股权,修水县凯迪绿色能源开发有限公司,阳光凯迪,,资产基础法
310395,100%股权,盐源凯迪绿色能源开发有限公司,阳光凯迪,,资产基础法
310395,100%股权,于都县凯迪绿色能源开发有限公司,阳光凯迪,,资产基础法
310395,100%股权,云县凯迪绿色能源开发有限公司,阳光凯迪,,资产基础法
310395,100%股权,郧西县凯迪绿色能源开发有限公司,阳光凯迪,,资产基础法
310395,100%股权,郧县凯迪绿色能源开发有限公司,阳光凯迪,,资产基础法
310395,100%股权,延安凯迪绿色能源开发有限公司,阳光凯迪,,资产基础法
310395,100%股权,洋县凯迪绿色能源开发有限公司,阳光凯迪,,资产基础法
310395,100%股权,留坝凯迪绿色能源开发有限公司,阳光凯迪,,资产基础法
310395,100%股权,宁陕凯迪绿色能源开发有限公司,阳光凯迪,,资产基础法
310395,100%股权,平利凯迪绿色能源开发有限公司,阳光凯迪,,资产基础法
310395,100%股权,山阳凯迪绿色能源开发有限公司,阳光凯迪,,资产基础法
310395,100%股权,徽县凯迪绿色能源开发有限公司,阳光凯迪,,资产基础法
310395,100%股权,高台凯迪绿色能源开发有限公司,阳光凯迪,,资产基础法
310395,100%股权,竹山凯迪绿色能源开发有限公司,阳光凯迪,,资产基础法
308869,100%股权,杭州长城,长城集团,140000000.0,资产基础法
308869,100%股权,宏梦卡通,王宏、贺梦凡、浙江郡原控股有限公司、湖南汇益数码科技有限公司、徐双全,50000000.0,资产基础法
308869,100%股权,东方国龙,许妍红、张澋源,20000000.0,收益法
308869,100%股权,新娱兄弟,天津一诺投资中心(有限合伙)、刘阳,500000000.0,收益法
308869,45.74%股权,滁州创意园,诸暨金汇投资合伙企业(有限合伙)、富润控股集团有限公司、祥生实业集团有限公司、新湖中宝股份有限公司、浙江青苹果网络科技有限公司、赵锐均、劳洪波、徐斌、孙元兵、潘晓惠、张祖宜、沈怡、赵林中、申西杰、童,185000000.0,资产基础法
308869,100%股权,天芮经贸,洪永刚、刘薇,81000000.0,收益法
308869,100%股权,宣诚科技,宣剑波、浙江青苹果网络科技有限公司、詹晖,40000000.0,收益法
308558,100%股权,江苏环亚,张惊涛、国药基金、国投创新基金、徐放、福弘投资、俊升投资、沈建平、圣众投资,2053696500.0,
306916,100%股权,亿美软通,冯军、李岩、弘道天瑞,300000000.0,
303224,100%股权,台海核电,台海集团、深圳金石源、上海开拓、挚信合能、冠鹿创富、维思捷宝、天津维劲、泉韵金属、旭日东方、深圳正轩、祥隆集团、烟台丰华、北京美锦、虞锋、张维、陈勇、陈云昌、王月永、王雪欣、叶国蔚、姜明杰、李政军、黄永钢、刘仲礼、王根启、隋秀梅、梅洪生、张翔、赵天明、汪欣、刘昕炜、初宇、林岩、于海燕、孙恒、林洪宁、张礼、由明江、徐志强、张世良、张天刚、赵肄锋、白山、孙培崇、吴作伟、徐小波、李仁平,3146000000.0,收益法
303224,"除38,003.61万元不构成业务的资产以外的全部资产和负债",四川丹甫制冷压缩机股份有限公司,台海集团、深圳金石源、上海开拓、挚信合能、冠鹿创富、维思捷宝、天津维劲、泉韵金属、旭日东方、深圳正轩、祥隆集团、烟台丰华、北京美锦、虞锋、张维、陈勇、陈云昌、王月永、王雪欣、叶国蔚、姜明杰、李政军、黄永钢、刘仲礼、王根启、隋秀梅、梅洪生、张翔、赵天明、汪欣、刘昕炜、初宇、林岩、于海燕、孙恒、林洪宁、张礼、由明江、徐志强、张世良、张天刚、赵肄锋、白山、孙培崇、吴作伟、徐小波、李仁平,,资产基础法
302309,100%股权,温州益优,现代集团,,资产基础法
302309,100%股权,东日进出口,现代集团,,资产基础法
302309,100%股权,温州房开,现代集团,,资产基础法
302309,债权,温州房开、浙江房开,现代集团,,资产基础法
297370,100%股份,数字天域,何志涛、陈理、郭静波、陈书智、王海燕、李一男、携手世邦、东方富海二号、华慧创投、苏州方广、E.T.XUN,2128837600.0,
297370,全部资产与负债,新世纪,何志涛、陈理、郭静波、陈书智、王海燕、李一男、携手世邦、东方富海二号、华慧创投、苏州方广、E.T.XUN,389728400.0,
293536,100%股权,藏格钾肥,藏格投资、永鸿实业、肖永明、联达时代、李明、华景君华、杨平、金石投资、司浦林创投、联达四方、林吉芳,,成本法、收益法
293536,扣除货币资金的全部资产负债,金谷源,藏格投资指定第三方,,资产基础法
292095,100%股权,杭州长城动漫游戏有限公司,长城集团,140000000.0,
292095,100%股权,湖南宏梦卡通传播有限公司,王宏、贺梦凡、浙江郡原控股有限公司、湖南汇益数码科技有限公司、徐双全,50000000.0,
292095,100%股权,杭州东方国龙影视动画有限公司,许妍红、张澋源,20000000.0,
292095,100%股权,北京新娱兄弟网络科技有限公司,天津一诺投资中心(有限合伙)、刘阳,500000000.0,
292095,45.74%股权,滁州长城国际动漫旅游创意园有限公司,诸暨金汇投资合伙企业(有限合伙)、富润控股集团有限公司、祥生实业集团有限公司、新湖中宝股份有限公司、浙江青苹果网络科技有限公司、赵锐均、劳洪波、徐斌、孙元兵、潘晓惠、张祖宜、沈怡、赵林中、申西杰、童超、李战、陈宝林,185000000.0,
292095,100%股权,上海天芮经贸有限公司,洪永刚、刘薇,81000000.0,
292095,100%股权,杭州宣诚科技有限公司,宣剑波、浙江青苹果网络科技有限公司、詹晖,40000000.0,
289926,13.20%股权,电冶公司,投资控股集团,1955176100.0,
289003,100%股权,中安消,中恒汇志,2859000000.0,
285326,全部资产与负债,仪征化纤,中国石化,,
285326,100%的股权,石油工程公司,石化集团,,
284282,100%股权,深圳市为爱普信息技术有限公司,上海融银股权投资合伙企业(有限合伙),600000000.0,市场法
282992,100%股权,金亭线束,永鼎集团、东昌集团、东昌投资,686000000.0,收益法
224397,全部资产、负债、权益、业务和人员,白云山,白云山,,
224397,房屋建筑物,广药集团,广药集团,,
224397,商标,广药集团,广药集团,,
224397,100%股权,保联拓展,广药集团,,
224397,12.50%股权,百特医疗,广药集团,,
222000,100%股权,天威电气设备结构有限公司,天威集团,0.0,
222000,100%股权,保定天威变压器工程技术咨询维修有限公司,天威集团,40458100.0,
222000,66%股权,保定保菱变压器有限公司,天威集团,130371450.0,
222000,49%股权,保定多田冷却设备有限公司,天威集团,66355408.0,
222000,39%股权,保定惠斯普高压电气有限公司,天威集团,24766365.0,
222000,10%股权,三菱电机天威输变电设备有限公司,天威集团,9853290.0,
222000,部分商标、专利、土地使用权、房屋所有权,三菱电机天威输变电设备有限公司,天威集团,,
222000,100%股权,保定天威风电科技有限公司,天威集团,482154800.0,
222000,100%股权,保定天威风电叶片有限公司,天威集团,149018300.0,
222000,100%股权,天威新能源(长春)有限公司,天威集团,168221400.0,
222000,100%股权,保定天威薄膜光伏有限公司,天威集团,201004300.0,
219538,八宗国有土地使用权及地面上的建筑物、附着物等资产,武汉祥龙电业股份有限公司,武汉市土地整理储备中心东湖新技术开发区分中心,,成本法
218621,资产及负债,鑫新股份,信江实业,,
218621,主营业务资产及下属企业股权,出版集团,出版集团,,
215014,除华锐风电科技(集团)股份有限公司和大连重工集团有限公司股权之外的装备制造业经营性资产和负债,大连重工·起重集团有限公司,大连重工·起重集团有限公司,5442239600.0,
213876,60%股权,深圳市广前电力有限公司,粤电集团,,资产基础法
213876,35%股权,广东惠州天然气发电有限公司,粤电集团,,资产基础法
213876,40%股权,广东粤电石碑山风能开发有限公司,粤电集团,,资产基础法
213876,45%股权,广东惠州平海发电厂限公司,粤电集团,,资产基础法
213876,40%股权,广东红海湾发电有限公司,粤电集团,,资产基础法
213876,20%股权,广东国华粤电台山发电有限公司,粤电集团,,资产基础法
213876,15%股权,广东省电力工业燃料公司,粤电集团,,资产基础法
213614,全部相关资产,首钢迁钢公司,首钢总公司,,
213614,全部资产、负债、全部股权,北京首钢股份有限公司,首钢总公司,,
204976,50%股权,都江堰拉法基,拉法基中国海外控股公司,,收益法
183592,100%股权,中航投资控股有限公司,中航工业,6648399800.0,收益法
181223,拥有或有权处置的除广州药业及白云山股权外的与医药主业相关的经营性资产,广药集团,广药集团,438000000.0,
172231,长寿新区投建的钢铁生产相关的资产及配套公辅设施,重钢集团,重庆钢铁(集团)有限责任公司,,
171270,100%股权,铁岭药用油公司,中航工业,,
171270,100%股权,爱华宾馆,中航工业,,
171270,33.33%股权,宇华担保,中航工业,,
171270,100%股权,中航投资,中航工业,6199114100.0,
170506,98%股权,三镇房地产,水务集团,,资产基础法
170506,40%股权,三镇物业,水务集团,,资产基础法
170506,100%股权,排水公司,水务集团,2315073500.0,资产基础法
168208,62.43%股权,Dystar Global Holdings(Singapore) Pte. Ltd.,盛达国际、桦盛公司,,
168047,8.09%股份,广日股份,南头科技、花都通用、维亚通用,86416100.0,
168047,91.91%股份,广日股份,广日集团,2117862500.0,
168047,全部资产及负债,广钢股份,广日集团,2115383500.0,
167780,100%股权,大冶矿业,刚泰矿业、大地矿业、刚泰投资咨询,,收益法
167780,89.78%的股权,浙江华盛达,刚泰矿业,,收益法
163067,100%股权,大冶矿业,刚泰矿业、大地矿业、刚泰投资咨询,2575061300.0,资产基础法
163067,89.78%股权,浙江华盛达,刚泰矿业,,资产基础法
160924,88.955%股权,江苏晋和,瑞茂通,,
160924,88.955%的股权,徐州怡丰,瑞茂通,,
160924,88.955%的股权,邳州丰源,瑞茂通,,
154021,65%股权,康伟集团,康伟集团、郭向文、路志宏、史金祥、王荣岗、史跃伟、宋四祥、郭向清、郭向武、郭会兵、郭二宾、窦才旺、刘宇峰、李永祥,2895000000.0,
153946,71.56%股权,天海工业,京城控股,,资产基础法
153946,100%股权,京城香港,京城控股,,资产基础法
153946,100%股权,京城压缩机,京城控股,,资产基础法
153946,全部资产和负债,北人股份,京城控股,,资产基础法
153178,100%股权,白坪煤业,郑煤集团,,资产基础法
153178,51%股权,新郑煤电,郑煤集团,,资产基础法
153178,51%股权,教学二矿,郑煤集团,,资产基础法
153178,煤炭业务相关的部分资产及负债,芦沟煤矿、郑州煤电,郑煤集团,,资产基础法
153178,87%股权,煤电长城,郑煤集团,,资产基础法
153178,51%股权,鼎盛置业,郑煤集团,,资产基础法
153178,债权,煤电长城、鼎盛置业,郑煤集团,,
152241,35%股权,三洋公司,通用技术集团,,
152241,100%股权,新兴华康,通用技术集团,,
152241,51%股权,武汉鑫益,医控公司,,
152241,65.33%股权,新疆天方,天方集团,,
150506,经营性资产及相关负债,宏达矿业,宏达矿业,136204400.0,
150506,30%股权,金鼎矿业,宏达矿业,774414100.0,
150506,100%股权,东平宏达,宏达矿业、孙志良、金天地集团、张中华,1325879100.0,
150506,100%股权,万宝矿业,宏达矿业、华潍膨润土,386915400.0,
150506,全部资产及负债(包括或有负债),山东华阳科技股份有限公司,宏达矿业,,
149358,80%股权,鸿源稀土,曹佑民,,
147385,99.9999%的股权,盛和稀土,综合研究所、王全根、巨星集团、有色投资、地矿公司、崔宇红、荣盛投资、蔺尚举、戚涛、朱云先,2200355700.0,
147385,全部资产及负债,太工天成,焦炭集团,193224200.0,
146159,55%股权,埃玛矿业,刘全恕,804422900.0,折现现金流量法
146159,100%股权,深圳源兴华,盛屯集团,,资产基础法
142263,100%股权,新科佳都,堆龙佳都科技有限公司、刘伟,,
142263,100%股权,佳众联,堆龙佳都科技有限公司、刘伟,,
130794,集团本部钢铁主业铁前系统、碳钢轧钢系统、辅助系统的相关资产,酒钢集团,酒钢集团,4985046500.0,资产基础法
130794,100%股权,榆中钢铁,酒钢集团,6786335700.0,资产基础法
129662,18.75%的股权,光电子公司,广电集团,,
129662,100%的股权,始安房产,广电资产,,
129662,10%的股权,索广映像,广电信息,,
129662,75%的股权,广电富士,光电子公司,,
129662,25%的股权,广电房地产,仪电置业,,
129379,100%股权,南山建设,宋作文、宋建民、隋永清、廖海儿、杨锐、吴依和、姜竹梅、马惠泽,1497104900.0,成本法
129379,100%股权,烟台紫宸,宋作文、宋建民、隋永清、廖海儿、杨锐、吴依和、姜竹梅、马惠泽,330000000.0,
127243,100%的股权,珠海格力房产有限公司,格力集团,,
127243,100%的股权,格力置盛房产有限公司,格力集团,,
127243,全部资产及负债,西安海星现代科技股份有限公司,珠海格力集团公司,485000000.0,
124327,40.11%的股份,Awilco Offshore ASA,COSL Norwegian AS,,
119646,55%股权,方正达,方笑求、蓝顺明,191664000.0,
115409,100%股权,宁波钢铁,杭钢集团、宝钢集团、宁开投资、宁经控股,,资产基础法
115409,87.54%股权,紫光环保,杭钢集团、富春公司,,资产基础法
115409,97%股权,再生资源,杭钢商贸、冶金物资,,资产基础法
115409,100%股权,再生科技,杭钢商贸、富春公司,,资产基础法
115409,66%股权,浙江杭钢高速线材有限公司,杭钢集团,,资产基础法
115409,95.56%股权,浙江杭钢动力有限公司,杭钢集团,,资产基础法
115409,60%股权,杭州钢铁厂小型轧钢股份有限公司,杭钢集团,,资产基础法
115409,除非受限货币资金、部分应收票据、网络交换设备相关固定资产以外的全部资产及除应交税费外的全部负债,杭钢股份,杭钢集团,,资产基础法
104700,98.5%股权,医药公司,哈药股份,1984572800.0,收益法
104700,全部医药工业类资产及负债,三精制药,哈药股份,2275226900.0,资产基础法
103017,100.00%股权,巨能伟业,,,
93034,100%股权,雅百特,拉萨瑞鸿投资管理有限公司、拉萨纳贤投资合伙企业(有限合伙)、拉萨智度德诚创业投资合伙企业(有限合伙),,收益法
88967,100%股权,中安消技术有限公司,深圳市中恒汇志投资有限公司,,
88967,除货币资金、约定资产、约定负债和本次重大资产重组涉及的中介机构服务协议及对应的应付款项之外的全部资产负债及其相关的一切权利和义务,飞乐股份,深圳市中恒汇志投资有限公司,,
86662,98.5%股权,医药公司,哈药股份,1984572800.0,收益法
86662,工业类资产及负债,三精制药,哈药集团股份有限公司,,资产基础法
82036,98.5%股权,医药公司,哈药股份,1984572800.0,收益法
82036,全部医药工业类资产及负债,三精制药,哈药股份,2275226900.0,资产基础法
80297,100%股权,中渔环球,中国水产有限公司,2314805000.0,收益法
78850,100%股份,青岛中天能源股份有限公司,中泰博天、中能控股、上海杉富、东方富海、上海领汇、新疆盛世、杭州金灿、嘉兴力欧、广发信德、中科招盈、北京盈时、湖北盛世、上海辰祥、上海德洋、奇力资本、瑞盛能源,2253192100.0,收益法
78850,全部资产和负债,长百集团,中泰博天、中能控股、上海杉富、东方富海、上海领汇、新疆盛世、杭州金灿、嘉兴力欧、广发信德、中科招盈、北京盈时、湖北盛世、上海辰祥、上海德洋、奇力资本、瑞盛能源,259248346.0,资产基础法
78251,100%的股权,保千里,庄敏、日昇创沅、陈海昌、庄明、蒋俊杰,2883140000.0,
78251,全部资产及负债,中达股份,申达集团,616190000.0,
68704,100%股份,北京数字天域科技股份有限公司,何志涛、陈理、郭静波、陈书智、王海燕、李一男、携手世邦、东方富海二号、华慧创投、苏州方广、E.T.XUN,2128837608.46,收益法
68704,全部资产与负债,新世纪,何志涛、陈理、郭静波、李一男、陈书智、王海燕、携手世邦、东方富海二号、华慧创投、苏州方广、 E.T.XUN,389728400.0,基础资产法
67933,100%股份,福尔达,福尔达投资、龚福根、龚斌、海达蓝源、国发智富、中金国联、赛业投资、陈斌、大和化成,1127692500.0,资产基础法
67933,49%股权,秦皇岛威卡威,秦皇岛方华,184057500.0,资产基础法
63827,100%股权,都市快报控股,杭州日报报业集团有限公司、都市快报社、华立集团股份有限公司,,收益法
63827,100%股权,杭州日报传媒,杭州日报报业集团有限公司、都市快报社、华立集团股份有限公司,,收益法
63827,100%股权,萧山日报传媒,杭州日报报业集团有限公司、都市快报社、华立集团股份有限公司,,收益法
63827,51%股权,城乡导报传媒,杭州日报报业集团有限公司、都市快报社、华立集团股份有限公司,,收益法
63827,100%股权,富阳日报传媒,杭州日报报业集团有限公司、都市快报社、华立集团股份有限公司,,收益法
63827,100%股权,每日传媒,杭州日报报业集团有限公司、都市快报社、华立集团股份有限公司,,收益法
63827,100%股权,杭州网络传媒,杭州日报报业集团有限公司、都市快报社、华立集团股份有限公司,,收益法
63827,100%股权,盛元印务,杭州日报报业集团有限公司、都市快报社、华立集团股份有限公司,,收益法
63827,100%股权,每日送电子商务,杭州日报报业集团有限公司、都市快报社、华立集团股份有限公司,,收益法
63827,80%股权,都市周报传媒,杭州日报报业集团有限公司、都市快报社、华立集团股份有限公司,,收益法
63827,38.83%股权,十九楼,杭州日报报业集团有限公司、都市快报社、华立集团股份有限公司,,收益法
63827,除固定资产、无形资产、递延所得税资产、货币资金、应交税费和应付股利之外的全部资产及各类负债,华智控股,华立集团,368559300.0,资产基础法
50010,"219,159,999股股份",伟仕控股有限公司,POTENT GROWTH LIMITED,,
47350,100%的股权,广珠交通,建设公司,,收益法
